wavelength,Heat Sweep 100C,Heat Sweep 150C,Heat Sweep 200C,Heat Sweep 230,Heat Sweep 50C,Heat Sweep RT
190,1.9249999999999998,1.8499999999999999,1.9249999999999998,2.0666666666666664,2.025,1.9600000000000002
191,1.75,1.7,1.725,1.8999999999999997,1.9,1.8199999999999998
192,1.7000000000000002,1.625,1.7,1.7666666666666666,1.75,1.7399999999999998
193,1.625,1.6,1.625,1.6666666666666667,1.7000000000000002,1.6599999999999997
194,1.5750000000000002,1.5750000000000002,1.5499999999999998,1.6666666666666667,1.6749999999999998,1.6599999999999997
195,1.5750000000000002,1.525,1.525,1.6666666666666667,1.625,1.6599999999999997
196,1.5750000000000002,1.525,1.525,1.6333333333333335,1.6,1.6
197,1.525,1.5,1.5,1.6000000000000003,1.5750000000000002,1.6
198,1.525,1.5,1.5,1.6000000000000003,1.6,1.58
199,1.525,1.5,1.5,1.6000000000000003,1.6,1.6
200,1.55,1.5,1.5,1.6000000000000003,1.6,1.6
201,1.6,1.5750000000000002,1.5,1.6000000000000003,1.675,1.6599999999999997
202,1.625,1.6,1.525,1.6333333333333335,1.7,1.7
203,1.7,1.625,1.5750000000000002,1.7,1.75,1.7
204,1.7750000000000001,1.7,1.625,1.7333333333333334,1.8,1.8
205,1.8499999999999999,1.8,1.7,1.8,1.9249999999999998,1.9
206,2.025,1.9500000000000002,1.8499999999999999,2.0,2.1,2.1
207,2.225,2.15,2.0,2.1,2.275,2.3
208,2.45,2.4,2.2,2.333333333333333,2.525,2.54
209,2.75,2.7,2.4250000000000003,2.6,2.8499999999999996,2.8600000000000003
210,3.075,3.0,2.7249999999999996,2.9333333333333336,3.2,3.2
211,3.525,3.4,3.1,3.2999999999999994,3.625,3.6
212,3.95,3.8499999999999996,3.475,3.7000000000000006,4.05,4.08
213,4.425000000000001,4.2749999999999995,3.9,4.166666666666667,4.55,4.58
214,4.975,4.8500000000000005,4.3500000000000005,4.666666666666667,5.125,5.140000000000001
215,5.175000000000001,5.025,4.45,4.8,5.375,5.380000000000001
216,5.6,5.425,4.8,5.199999999999999,5.75,5.840000000000001
217,6.175000000000001,6.025,5.3,5.766666666666667,6.3500000000000005,6.42
218,6.875,6.625,5.875,6.333333333333333,7.025,7.12
219,7.5,7.3,6.425000000000001,7.0,7.75,7.76
220,8.225,7.975,7.075,7.666666666666667,8.475,8.48
221,8.925,8.625,7.7,8.3,9.15,9.219999999999999
222,9.575,9.25,8.275,8.966666666666667,9.825,9.879999999999999
223,10.425,10.05,9.225,9.866666666666667,10.725,10.780000000000001
224,11.049999999999999,10.625,9.825000000000001,10.466666666666667,11.350000000000001,11.42
225,11.549999999999999,11.05,10.275,10.933333333333332,11.850000000000001,11.92
226,11.95,11.425,10.65,11.333333333333334,12.225,12.280000000000001
227,12.175,11.674999999999999,10.875,11.633333333333333,12.5,12.5
228,12.275000000000002,11.700000000000001,10.975,11.733333333333334,12.55,12.5
229,12.075,11.525,10.924999999999999,11.6,12.3,12.379999999999999
230,11.850000000000001,11.350000000000001,10.825,11.433333333333332,12.225,12.14
231,11.675,11.175,10.725000000000001,11.233333333333334,12.024999999999999,12.040000000000001
232,11.4,10.975,10.525,10.933333333333332,11.775000000000002,11.76
233,11.200000000000001,10.750000000000002,10.3,10.733333333333334,11.5,11.540000000000001
234,10.899999999999999,10.475,10.025,10.433333333333332,11.275000000000002,11.24
235,10.6,10.174999999999999,9.725,10.233333333333333,10.95,10.98
236,10.35,9.899999999999999,9.475,9.933333333333332,10.700000000000001,10.64
237,10.1,9.625,9.2,9.633333333333333,10.375,10.34
238,9.85,9.425,9.0,9.366666666666667,10.125,10.14
239,9.675,9.25,8.825000000000001,9.233333333333333,9.975,9.94
240,9.575,9.15,8.7,9.033333333333333,9.875,9.84
241,9.575,9.125,8.675,9.033333333333333,9.85,9.8
242,9.575,9.125,8.65,9.033333333333333,9.825,9.74
243,9.525,9.075,8.55,8.966666666666667,9.775,9.64
244,9.525,9.075,8.55,8.966666666666667,9.775,9.7
245,9.775,9.350000000000001,8.75,9.033333333333333,10.075,9.98
246,10.225,9.75,9.1,9.433333333333332,10.55,10.44
247,10.625,10.1,9.45,9.933333333333332,11.0,10.8
248,10.975,10.375,9.775,10.2,11.25,11.1
249,11.275000000000002,10.674999999999999,10.125,10.5,11.575,11.44
250,11.75,11.125,10.5,10.833333333333334,12.1,12.0
251,12.399999999999999,11.825,11.075,11.366666666666667,12.8,12.74
252,13.175,12.55,11.725000000000001,12.1,13.6,13.440000000000001
253,13.925,13.225,12.4,12.833333333333334,14.325,14.12
254,14.575,13.8,12.975,13.433333333333332,15.049999999999999,14.7
255,15.3,14.5,13.575,14.033333333333333,15.825,15.459999999999999
256,16.075000000000003,15.275000000000002,14.275000000000002,14.733333333333334,16.6,16.32
257,16.95,16.125,15.049999999999999,15.6,17.424999999999997,17.160000000000004
258,17.85,16.975,15.875,16.433333333333334,18.35,18.02
259,18.725,17.75,16.675,17.333333333333332,19.225,18.919999999999998
260,19.425,18.325,17.4,18.0,19.975,19.639999999999997
261,19.875,18.675000000000004,17.975,18.5,20.35,20.04
262,20.05,18.975,18.225,18.733333333333334,20.549999999999997,20.299999999999997
263,20.325,19.325,18.5,18.866666666666667,20.924999999999997,20.52
264,20.7,19.700000000000003,18.875,19.2,21.375,20.9
265,21.175,20.125,19.3,19.666666666666668,21.85,21.380000000000003
266,21.675,20.575,19.7,20.166666666666668,22.35,21.82
267,22.05,20.95,20.1,20.666666666666668,22.775,22.240000000000002
268,22.35,21.175,20.375,21.0,23.049999999999997,22.5
269,22.55,21.325000000000003,20.6,21.233333333333334,23.299999999999997,22.7
270,22.775,21.6,20.775,21.400000000000002,23.5,22.9
271,23.1,21.900000000000002,21.05,21.666666666666668,23.875,23.2
272,23.25,21.999999999999996,21.25,21.96666666666667,24.075,23.36
273,23.25,21.95,21.325000000000003,22.0,24.075,23.3
274,23.125,21.900000000000002,21.325000000000003,21.899999999999995,23.95,23.259999999999998
275,23.15,21.95,21.35,21.933333333333337,24.0,23.259999999999998
276,23.35,22.125,21.45,21.96666666666667,24.174999999999997,23.459999999999997
277,23.45,22.25,21.625,22.166666666666668,24.325000000000003,23.56
278,23.525,22.25,21.725,22.233333333333334,24.35,23.580000000000002
279,23.575,22.275,21.75,22.3,24.424999999999997,23.580000000000002
280,23.624999999999996,22.424999999999997,21.800000000000004,22.333333333333332,24.450000000000003,23.6
281,23.75,22.575,21.875,22.46666666666667,24.75,23.82
282,23.900000000000002,22.675000000000004,22.05,22.5,24.8,23.94
283,23.975,22.675000000000004,22.1,22.600000000000005,24.825,23.94
284,23.95,22.675000000000004,22.15,22.633333333333336,24.85,23.94
285,23.975,22.700000000000003,22.200000000000003,22.633333333333336,24.924999999999997,23.94
286,24.049999999999997,22.875,22.275,22.733333333333334,24.975,24.060000000000002
287,24.200000000000003,22.875,22.375,22.96666666666667,25.05,24.080000000000002
288,24.174999999999997,22.875,22.400000000000002,22.96666666666667,25.05,24.080000000000002
289,24.174999999999997,22.924999999999997,22.45,23.0,25.174999999999997,24.16
290,24.35,23.125,22.625,23.166666666666668,25.475,24.300000000000004
291,24.5,23.175000000000004,22.700000000000003,23.266666666666666,25.55,24.439999999999998
292,24.525000000000002,23.175000000000004,22.75,23.266666666666666,25.575,24.439999999999998
293,24.525000000000002,23.225,22.75,23.266666666666666,25.624999999999996,24.46
294,24.575,23.4,22.825000000000003,23.433333333333334,25.75,24.5
295,24.65,23.475,23.025,23.633333333333336,25.875,24.6
296,24.8,23.55,23.15,23.7,26.025,24.759999999999998
297,24.924999999999997,23.575,23.2,23.766666666666666,26.05,24.759999999999998
298,24.924999999999997,23.599999999999998,23.2,23.766666666666666,26.1,24.8
299,24.9,23.599999999999998,23.225,23.733333333333334,26.025,24.72
300,24.950000000000003,23.599999999999998,23.225,23.766666666666666,25.975,24.72
301,24.950000000000003,23.675000000000004,23.275,23.8,26.1,24.840000000000003
302,25.099999999999998,23.75,23.375,23.833333333333332,26.125000000000004,24.919999999999998
303,25.15,23.8,23.425,23.900000000000002,26.175,24.939999999999998
304,25.2,23.825000000000003,23.599999999999998,23.933333333333334,26.325000000000003,25.020000000000003
305,25.4,24.025000000000002,23.700000000000003,24.03333333333333,26.575,25.3
306,25.675,24.200000000000003,23.825000000000003,24.333333333333332,26.8,25.419999999999998
307,25.825000000000003,24.4,24.1,24.633333333333336,27.0,25.7
308,26.05,24.674999999999997,24.3,24.86666666666667,27.225,25.860000000000003
309,26.125,24.725,24.400000000000002,25.066666666666666,27.325000000000003,25.939999999999998
310,26.174999999999997,24.75,24.474999999999998,25.03333333333333,27.325000000000003,25.939999999999998
311,26.25,24.775,24.5,25.03333333333333,27.375,25.96
312,26.325000000000003,24.8,24.525,25.066666666666666,27.450000000000003,26.02
313,26.525000000000002,25.025,24.675,25.233333333333334,27.65,26.259999999999998
314,26.700000000000003,25.175000000000004,24.875,25.53333333333333,27.875,26.439999999999998
315,26.65,25.075,24.900000000000002,25.566666666666666,27.775,26.3
316,26.599999999999998,25.0,24.85,25.399999999999995,27.725,26.24
317,26.725,25.075,24.900000000000002,25.400000000000002,27.799999999999997,26.360000000000003
318,26.950000000000003,25.35,25.125,25.633333333333336,28.0,26.6
319,27.05,25.4,25.225,25.766666666666666,28.075,26.639999999999997
320,27.075,25.424999999999997,25.25,25.766666666666666,28.075,26.660000000000004
321,27.450000000000003,25.8,25.4,26.066666666666666,28.450000000000003,26.96
322,27.95,26.200000000000003,25.799999999999997,26.53333333333333,28.924999999999997,27.419999999999998
323,28.075,26.35,26.05,26.8,29.025000000000002,27.48
324,27.9,26.15,26.025,26.733333333333334,28.875,27.340000000000003
325,27.775,26.025000000000002,25.95,26.633333333333336,28.775,27.24
326,27.775,26.025000000000002,25.9,26.53333333333333,28.724999999999998,27.24
327,27.8,26.05,25.95,26.53333333333333,28.775,27.259999999999998
328,28.025000000000002,26.225,26.075,26.666666666666668,28.924999999999997,27.439999999999998
329,28.325000000000003,26.45,26.299999999999997,26.900000000000002,29.124999999999996,27.68
330,28.575,26.75,26.55,27.166666666666668,29.4,27.959999999999997
331,28.85,27.025000000000002,26.75,27.433333333333334,29.625,28.160000000000004
332,28.875,27.025000000000002,26.799999999999997,27.53333333333333,29.700000000000003,28.160000000000004
333,28.85,26.950000000000003,26.775,27.5,29.650000000000002,28.139999999999997
334,28.85,26.924999999999997,26.75,27.46666666666667,29.650000000000002,28.139999999999997
335,28.875,27.05,26.8,27.5,29.775,28.2
336,29.124999999999996,27.275,26.95,27.766666666666666,29.9,28.459999999999997
337,29.3,27.375,27.15,27.900000000000002,30.025000000000002,28.560000000000002
338,29.35,27.400000000000002,27.175,27.96666666666667,30.099999999999998,28.580000000000002
339,29.5,27.55,27.299999999999997,28.03333333333333,30.225,28.74
340,29.775,27.775,27.525,28.3,30.4,28.98
341,30.05,28.05,27.75,28.566666666666666,30.675,29.22
342,30.300000000000004,28.25,27.974999999999998,28.866666666666664,30.875,29.48
343,30.3,28.25,28.025,28.900000000000002,30.875,29.439999999999998
344,30.124999999999996,28.099999999999998,27.925,28.8,30.675,29.22
345,29.975,28.025000000000002,27.799999999999997,28.599999999999998,30.575,29.080000000000002
346,29.975,28.025000000000002,27.799999999999997,28.5,30.599999999999998,29.119999999999997
347,30.25,28.225,27.925,28.733333333333334,30.775,29.419999999999998
348,30.525,28.450000000000003,28.125,29.0,31.0,29.619999999999997
349,30.7,28.599999999999998,28.275,29.133333333333336,31.150000000000002,29.7
350,30.9,28.75,28.35,29.266666666666666,31.35,29.919999999999998
351,31.1,28.925,28.575,29.53333333333333,31.475,30.020000000000003
352,31.275,29.1,28.7,29.633333333333336,31.525,30.080000000000002
353,31.325000000000003,29.2,28.75,29.733333333333334,31.525,30.2
354,31.425,29.35,28.8,29.733333333333334,31.65,30.259999999999998
355,31.525,29.375,28.924999999999997,29.96666666666667,31.7,30.380000000000003
356,31.5,29.325000000000003,28.9,29.933333333333334,31.7,30.18
357,31.45,29.325000000000003,28.85,29.866666666666664,31.65,30.139999999999997
358,31.550000000000004,29.35,28.9,29.933333333333334,31.75,30.4
359,31.8,29.45,28.975,30.133333333333336,31.85,30.52
360,31.5,29.2,28.875,30.133333333333336,31.65,30.339999999999996
361,30.975,28.75,28.75,29.599999999999998,31.275000000000002,29.959999999999997
362,30.775000000000002,28.7,28.6,29.03333333333333,30.900000000000002,29.959999999999997
363,30.75,28.75,28.549999999999997,29.03333333333333,30.975,29.98
364,30.9,28.825000000000003,28.650000000000002,29.233333333333334,31.150000000000002,30.1
365,31.3,28.95,28.75,29.566666666666663,31.175,30.22
366,31.45,29.075,28.85,29.733333333333334,31.425,30.24
367,31.525,29.25,28.9,29.8,31.549999999999997,30.46
368,31.775,29.5,29.075,29.933333333333334,31.724999999999998,30.580000000000002
369,31.95,29.7,29.25,30.233333333333334,31.9,30.72
370,32.025000000000006,29.775,29.275,30.3,31.950000000000003,30.72
371,32.050000000000004,29.799999999999997,29.325000000000003,30.333333333333332,32.0,30.76
372,32.25,29.875,29.4,30.46666666666667,32.075,30.9
373,32.45,30.1,29.475,30.733333333333334,32.2,30.98
374,32.675,30.25,29.599999999999998,30.833333333333332,32.275000000000006,31.119999999999997
375,32.675,30.25,29.625,30.933333333333334,32.325,31.119999999999997
376,32.4,30.0,29.45,30.833333333333332,32.125,30.879999999999995
377,32.0,29.650000000000002,29.15,30.53333333333333,31.825,30.660000000000004
378,31.8,29.4,29.099999999999998,30.133333333333336,31.675,30.520000000000003
379,31.85,29.450000000000003,29.075,30.066666666666666,31.65,30.5
380,32.199999999999996,29.6,29.075,30.2,31.700000000000003,30.660000000000004
381,32.375,29.75,29.15,30.400000000000002,31.875,30.74
382,32.425,29.85,29.225,30.46666666666667,31.875,30.78
383,32.375,29.725,29.225,30.46666666666667,31.875,30.78
384,32.35,29.725,29.200000000000003,30.46666666666667,31.875,30.78
385,32.35,29.725,29.174999999999997,30.46666666666667,31.85,30.68
386,32.35,29.725,29.125,30.46666666666667,31.8,30.68
387,32.35,29.650000000000002,29.125,30.46666666666667,31.775000000000002,30.639999999999997
388,32.45,29.75,29.15,30.46666666666667,31.775000000000002,30.639999999999997
389,32.650000000000006,29.875,29.174999999999997,30.53333333333333,31.825,30.7
390,33.35,30.7,29.925,31.5,32.6,31.54
391,33.7,30.925,30.225,31.7,32.824999999999996,31.660000000000004
392,33.775,30.975,30.35,31.73333333333333,33.0,31.68
393,33.775,30.975,30.5,31.76666666666667,33.05,31.74
394,33.8,31.0,30.525000000000002,31.8,33.075,31.78
395,33.875,30.975,30.5,31.8,33.1,31.82
396,33.925,31.1,30.575,31.933333333333334,33.25,32.0
397,34.025000000000006,31.249999999999996,30.700000000000003,32.06666666666666,33.300000000000004,32.1
398,34.175,31.325000000000003,30.8,32.13333333333333,33.375,32.14
399,34.2,31.35,30.825000000000003,32.2,33.425000000000004,32.14
400,34.325,31.4,30.85,32.36666666666667,33.5,32.22
401,34.550000000000004,31.475,31.025000000000002,32.43333333333333,33.6,32.339999999999996
402,34.625,31.599999999999998,31.099999999999998,32.53333333333333,33.65,32.4
403,34.65,31.675,31.075,32.63333333333333,33.7,32.4
404,34.65,31.6,31.075,32.63333333333333,33.7,32.36
405,34.625,31.549999999999997,31.025000000000002,32.63333333333333,33.6,32.32000000000001
406,34.6,31.525,31.05,32.56666666666666,33.625,32.32000000000001
407,34.7,31.549999999999997,31.075,32.53333333333333,33.675,32.3
408,34.775,31.6,31.124999999999996,32.666666666666664,33.775,32.38000000000001
409,34.775,31.650000000000002,31.124999999999996,32.766666666666666,33.775,32.44
410,34.849999999999994,31.6,31.15,32.766666666666666,33.75,32.42
411,34.849999999999994,31.6,31.200000000000003,32.733333333333334,33.75,32.4
412,34.875,31.6,31.200000000000003,32.733333333333334,33.75,32.419999999999995
413,34.925000000000004,31.675,31.200000000000003,32.900000000000006,33.85,32.480000000000004
414,34.95,31.724999999999998,31.25,32.96666666666667,33.875,32.58
415,35.050000000000004,31.75,31.275,33.0,33.925,32.62
416,35.125,31.85,31.325000000000003,33.06666666666666,33.975,32.7
417,35.3,31.950000000000003,31.35,33.199999999999996,34.075,32.7
418,35.425,32.05,31.425,33.300000000000004,34.125,32.8
419,35.550000000000004,32.099999999999994,31.5,33.43333333333334,34.275,32.82000000000001
420,35.575,32.125,31.525,33.53333333333333,34.3,32.839999999999996
421,35.5,32.099999999999994,31.55,33.53333333333333,34.3,32.779999999999994
422,35.525000000000006,32.099999999999994,31.6,33.53333333333333,34.3,32.779999999999994
423,35.5,32.099999999999994,31.625,33.53333333333333,34.3,32.82000000000001
424,35.525000000000006,32.099999999999994,31.625,33.53333333333333,34.3,32.779999999999994
425,35.525000000000006,32.099999999999994,31.65,33.5,34.3,32.82000000000001
426,35.45,32.099999999999994,31.65,33.46666666666667,34.3,32.82000000000001
427,35.4,32.099999999999994,31.674999999999997,33.46666666666667,34.3,32.739999999999995
428,35.4,32.099999999999994,31.674999999999997,33.46666666666667,34.275,32.739999999999995
429,35.4,32.099999999999994,31.75,33.46666666666667,34.275,32.739999999999995
430,35.375,32.099999999999994,31.775,33.5,34.275,32.76
431,35.425,32.099999999999994,31.775,33.5,34.3,32.82000000000001
432,35.5,32.099999999999994,31.799999999999997,33.56666666666666,34.3,32.82000000000001
433,35.550000000000004,32.125,31.849999999999994,33.599999999999994,34.3,32.9
434,35.575,32.175000000000004,31.849999999999994,33.7,34.375,32.9
435,35.6,32.175000000000004,31.875,33.733333333333334,34.475,32.92
436,35.625,32.25,31.925,33.733333333333334,34.475,32.94
437,35.7,32.275000000000006,32.025,33.86666666666667,34.5,32.94
438,35.825,32.300000000000004,32.075,33.9,34.625,33.040000000000006
439,35.875,32.35,32.150000000000006,34.06666666666666,34.650000000000006,33.1
440,35.9,32.425,32.2,34.13333333333333,34.650000000000006,33.14
441,35.925,32.45,32.2,34.2,34.675,33.12
442,35.925,32.45,32.275,34.233333333333334,34.675,33.12
443,35.925,32.45,32.275,34.233333333333334,34.7,33.14
444,35.925,32.45,32.349999999999994,34.233333333333334,34.7,33.2
445,36.025,32.525,32.375,34.266666666666666,34.8,33.22
446,36.075,32.599999999999994,32.425,34.36666666666667,34.85,33.32000000000001
447,36.1,32.599999999999994,32.5,34.43333333333334,34.875,33.32000000000001
448,36.1,32.599999999999994,32.525,34.43333333333334,34.9,33.32000000000001
449,36.1,32.599999999999994,32.625,34.43333333333334,34.9,33.339999999999996
450,36.125,32.64999999999999,32.7,34.43333333333334,34.9,33.42
451,36.125,32.725,32.75,34.43333333333334,34.95,33.44
452,36.15,32.775,32.8,34.5,35.050000000000004,33.519999999999996
453,36.224999999999994,32.775,32.824999999999996,34.53333333333333,35.050000000000004,33.519999999999996
454,36.224999999999994,32.8,32.925,34.56666666666666,35.075,33.58
455,36.224999999999994,32.925,32.95,34.63333333333333,35.1,33.62
456,36.325,32.925,33.025,34.699999999999996,35.175,33.72
457,36.45,33.075,33.150000000000006,34.900000000000006,35.275,33.8
458,36.625,33.175,33.225,35.06666666666666,35.425,33.92
459,36.724999999999994,33.275,33.324999999999996,35.266666666666666,35.575,34.0
460,36.724999999999994,33.275,33.375,35.266666666666666,35.575,34.019999999999996
461,36.625,33.25,33.375,35.233333333333334,35.575,33.96
462,36.550000000000004,33.224999999999994,33.475,35.166666666666664,35.550000000000004,33.96
463,36.550000000000004,33.275,33.575,35.166666666666664,35.575,33.96
464,36.65,33.375,33.625,35.266666666666666,35.65,34.040000000000006
465,36.7,33.475,33.7,35.36666666666667,35.725,34.1
466,36.724999999999994,33.525,33.75,35.36666666666667,35.775,34.18
467,36.724999999999994,33.55,33.824999999999996,35.43333333333334,35.825,34.26
468,36.724999999999994,33.599999999999994,33.9,35.5,35.9,34.26
469,36.75,33.675,34.0,35.53333333333333,35.975,34.28
470,36.825,33.724999999999994,34.075,35.56666666666666,36.0,34.379999999999995
471,36.95,33.85,34.175000000000004,35.733333333333334,36.125,34.480000000000004
472,37.025000000000006,33.975,34.25,35.86666666666667,36.224999999999994,34.519999999999996
473,37.075,34.025,34.3,35.9,36.3,34.660000000000004
474,37.15,34.075,34.475,35.96666666666667,36.45,34.8
475,37.25,34.125,34.575,36.13333333333333,36.6,34.879999999999995
476,37.35,34.275,34.650000000000006,36.199999999999996,36.65,35.040000000000006
477,37.425000000000004,34.375,34.775,36.36666666666667,36.75,35.14
478,37.525000000000006,34.5,34.875,36.46666666666667,36.875,35.2
479,37.625,34.65,34.95,36.56666666666666,37.025,35.32
480,37.925000000000004,34.900000000000006,35.175,36.733333333333334,37.3,35.480000000000004
481,38.3,35.25,35.425000000000004,37.06666666666666,37.724999999999994,35.879999999999995
482,38.7,35.575,35.7,37.53333333333333,38.075,36.18
483,38.8,35.675,35.8,37.833333333333336,38.15,36.32000000000001
484,38.425,35.375,35.7,37.666666666666664,37.9,36.12
485,38.2,35.2,35.650000000000006,37.3,37.625,35.940000000000005
486,38.175,35.35,35.775,37.233333333333334,37.725,36.08
487,38.275000000000006,35.375,35.85,37.333333333333336,37.800000000000004,36.14
488,38.25,35.325,35.875,37.333333333333336,37.800000000000004,36.14
489,38.25,35.375,35.925000000000004,37.333333333333336,37.825,36.160000000000004
490,38.475,35.575,36.150000000000006,37.56666666666666,38.1,36.42
491,38.55,35.7,36.224999999999994,37.7,38.2,36.46
492,38.5,35.7,36.224999999999994,37.7,38.15,36.44
493,38.349999999999994,35.675,36.375,37.56666666666666,38.1,36.44
494,38.474999999999994,35.825,36.575,37.63333333333333,38.275000000000006,36.519999999999996
495,38.599999999999994,36.05,36.9,37.8,38.575,36.78
496,38.775000000000006,36.175,37.025000000000006,38.0,38.725,36.92
497,38.825,36.224999999999994,37.125,38.06666666666666,38.75,36.92
498,38.825,36.25,37.175,38.13333333333333,38.775,36.96
499,38.85,36.325,37.3,38.13333333333333,38.85,37.019999999999996
500,38.95,36.375,37.375,38.166666666666664,38.95,37.04
501,39.075,36.5,37.525,38.266666666666666,39.075,37.160000000000004
502,39.25,36.650000000000006,37.575,38.400000000000006,39.3,37.32
503,39.375,36.75,37.724999999999994,38.46666666666667,39.349999999999994,37.4
504,39.475,36.8,37.8,38.63333333333333,39.475,37.480000000000004
505,39.625,36.875,37.9,38.7,39.525,37.58
506,39.775000000000006,37.0,37.95,38.766666666666666,39.7,37.72
507,39.900000000000006,37.125,38.10000000000001,39.0,39.925,37.839999999999996
508,40.025,37.25,38.175,39.2,40.0,37.9
509,40.125,37.325,38.3,39.233333333333334,40.175,38.0
510,40.175,37.375,38.4,39.333333333333336,40.22500000000001,38.12
511,40.199999999999996,37.425,38.45,39.36666666666667,40.275000000000006,38.160000000000004
512,40.199999999999996,37.474999999999994,38.55,39.400000000000006,40.3,38.2
513,40.199999999999996,37.5,38.6,39.400000000000006,40.375,38.22
514,40.325,37.650000000000006,38.675,39.53333333333333,40.525,38.339999999999996
515,40.575,37.825,38.925,39.733333333333334,40.775,38.5
516,40.75,38.0,39.150000000000006,39.96666666666667,40.925,38.62
517,40.775000000000006,38.075,39.2,40.03333333333333,41.0,38.64
518,40.675,38.05,39.175,40.03333333333333,40.95,38.64
519,40.599999999999994,38.025,39.175,40.03333333333333,40.925,38.64
520,40.599999999999994,38.075,39.325,40.0,40.925,38.7
521,40.825,38.224999999999994,39.45,40.06666666666666,41.175,38.86
522,41.075,38.400000000000006,39.625,40.266666666666666,41.425,39.080000000000005
523,41.349999999999994,38.650000000000006,39.8,40.6,41.725,39.26
524,41.55,38.925,40.0,40.86666666666667,41.9,39.54
525,41.725,39.05,40.075,41.03333333333333,42.15,39.8
526,41.95,39.2,40.35,41.36666666666667,42.4,39.82
527,41.925,39.150000000000006,40.425,41.4,42.375,39.8
528,41.425000000000004,38.875,40.325,40.96666666666667,41.949999999999996,39.56
529,41.025,38.675,40.25,40.599999999999994,41.625,39.44
530,41.150000000000006,38.75,40.4,40.6,41.75,39.46
531,41.5,39.05,40.625,40.96666666666667,42.150000000000006,39.76
532,41.525,39.099999999999994,40.625,41.1,42.2,39.78
533,41.5,39.0,40.625,41.03333333333333,42.150000000000006,39.78
534,41.525,39.025,40.7,41.0,42.150000000000006,39.88000000000001
535,41.65,39.074999999999996,40.849999999999994,41.166666666666664,42.325,39.92
536,41.675,39.175,40.849999999999994,41.166666666666664,42.475,39.92
537,41.875,39.375,41.025000000000006,41.266666666666666,42.65,40.06
538,42.324999999999996,39.775,41.325,41.6,43.075,40.419999999999995
539,42.675000000000004,40.025,41.625,42.06666666666666,43.475,40.78
540,42.675000000000004,40.074999999999996,41.65,42.166666666666664,43.425,40.78
541,42.349999999999994,39.9,41.575,42.13333333333333,43.125,40.54
542,42.05,39.724999999999994,41.475,41.73333333333333,42.95,40.46
543,42.0,39.650000000000006,41.6,41.666666666666664,42.975,40.38000000000001
544,42.150000000000006,39.724999999999994,41.699999999999996,41.666666666666664,43.1,40.44
545,42.3,39.85,41.8,41.833333333333336,43.27499999999999,40.559999999999995
546,42.35,39.9,41.925000000000004,41.93333333333334,43.3,40.64
547,42.275,39.974999999999994,41.925000000000004,42.03333333333333,43.325,40.64
548,42.275,40.025,42.025000000000006,41.93333333333334,43.325,40.64
549,42.550000000000004,40.275000000000006,42.199999999999996,41.96666666666667,43.64999999999999,40.84
550,42.7,40.4,42.349999999999994,42.266666666666666,43.775000000000006,41.08
551,42.900000000000006,40.55,42.475,42.5,43.975,41.260000000000005
552,42.925,40.6,42.5,42.53333333333333,44.0,41.28
553,42.95,40.6,42.5,42.56666666666666,43.95,41.3
554,42.974999999999994,40.6,42.62499999999999,42.56666666666666,44.025,41.339999999999996
555,43.075,40.725,42.8,42.70000000000001,44.15,41.4
556,43.199999999999996,40.85,42.9,42.79999999999999,44.275000000000006,41.48
557,43.3,40.9,42.975,42.900000000000006,44.45,41.60000000000001
558,43.474999999999994,40.975,43.1,42.96666666666667,44.574999999999996,41.68
559,43.575,41.05,43.25,43.099999999999994,44.7,41.82
560,44.074999999999996,41.55,43.7,43.666666666666664,45.375,42.18
561,44.199999999999996,41.7,44.225,43.833333333333336,45.650000000000006,42.4
562,44.325,41.775000000000006,44.400000000000006,43.900000000000006,45.85,42.5
563,44.55,41.85,44.550000000000004,44.0,46.05,42.7
564,44.65,42.025,44.75,44.166666666666664,46.25,42.8
565,44.65,42.1,44.75,44.43333333333334,46.275,42.82
566,44.6,42.125,44.75,44.43333333333334,46.25000000000001,42.8
567,44.6,42.15,44.8,44.400000000000006,46.25000000000001,42.8
568,44.724999999999994,42.25,44.87500000000001,44.43333333333334,46.375,42.879999999999995
569,44.9,42.4,44.95,44.6,46.5,43.0
570,44.975,42.474999999999994,45.074999999999996,44.73333333333333,46.60000000000001,43.10000000000001
571,45.025,42.525,45.150000000000006,44.76666666666667,46.650000000000006,43.10000000000001
572,45.025,42.525,45.150000000000006,44.76666666666667,46.650000000000006,43.10000000000001
573,45.0,42.525,45.175,44.73333333333333,46.650000000000006,43.10000000000001
574,45.025,42.525,45.2,44.76666666666667,46.650000000000006,43.12
575,45.025,42.525,45.224999999999994,44.76666666666667,46.650000000000006,43.12
576,44.925,42.525,45.25,44.73333333333333,46.60000000000001,43.14
577,44.875,42.55,45.325,44.699999999999996,46.625,43.2
578,44.925,42.575,45.375,44.76666666666667,46.699999999999996,43.24
579,45.125,42.65,45.550000000000004,44.800000000000004,46.825,43.3
580,45.224999999999994,42.75,45.775000000000006,45.0,47.02499999999999,43.42
581,45.25,42.9,45.775000000000006,45.06666666666666,47.10000000000001,43.5
582,45.375,42.974999999999994,45.775000000000006,45.166666666666664,47.199999999999996,43.620000000000005
583,45.45,43.025,45.85,45.23333333333333,47.300000000000004,43.67999999999999
584,45.550000000000004,43.074999999999996,46.0,45.26666666666667,47.375,43.72
585,45.64999999999999,43.25,46.050000000000004,45.4,47.449999999999996,43.8
586,45.75,43.35,46.1,45.53333333333333,47.60000000000001,43.9
587,45.925,43.35,46.224999999999994,45.6,47.699999999999996,44.0
588,45.925,43.45,46.300000000000004,45.73333333333333,47.825,44.02
589,45.925,43.475,46.325,45.800000000000004,47.875,44.02
590,45.95,43.5,46.35,45.800000000000004,47.875,44.04
591,45.95,43.55,46.400000000000006,45.800000000000004,47.9,44.10000000000001
592,46.14999999999999,43.625,46.575,45.800000000000004,47.974999999999994,44.2
593,46.35,43.75,46.650000000000006,46.0,48.175000000000004,44.339999999999996
594,46.475,43.9,46.7,46.23333333333333,48.325,44.5
595,46.525,43.925,46.775000000000006,46.333333333333336,48.375,44.559999999999995
596,46.525,43.925,46.8,46.333333333333336,48.375,44.519999999999996
597,46.325,43.900000000000006,46.75,46.20000000000001,48.25,44.4
598,46.224999999999994,43.85,46.75,46.03333333333334,48.175000000000004,44.379999999999995
599,46.275,43.85,46.85,46.0,48.225,44.4
600,46.45,43.974999999999994,46.974999999999994,46.166666666666664,48.4,44.540000000000006
601,46.800000000000004,44.2,47.150000000000006,46.4,48.65,44.660000000000004
602,47.025,44.35,47.325,46.633333333333326,48.825,44.86
603,47.125,44.37500000000001,47.35,46.86666666666667,48.925,44.9
604,47.050000000000004,44.35,47.35,46.9,48.95,44.86
605,46.925,44.3,47.35,46.76666666666667,48.824999999999996,44.839999999999996
606,46.775000000000006,44.25,47.35,46.633333333333326,48.775,44.839999999999996
607,46.800000000000004,44.275000000000006,47.49999999999999,46.666666666666664,48.775,44.94
608,47.0,44.49999999999999,47.550000000000004,46.86666666666667,48.85,45.019999999999996
609,47.099999999999994,44.49999999999999,47.550000000000004,46.86666666666667,48.925,45.019999999999996
610,47.0,44.49999999999999,47.550000000000004,46.833333333333336,48.925,45.019999999999996
611,46.875,44.49999999999999,47.550000000000004,46.800000000000004,48.900000000000006,45.04
612,46.875,44.45,47.625,46.76666666666667,48.925,45.08
613,46.9,44.45,47.675,46.800000000000004,48.974999999999994,45.10000000000001
614,47.025,44.55,47.8,46.86666666666667,49.02499999999999,45.14
615,47.099999999999994,44.599999999999994,47.825,46.93333333333334,49.225,45.2
616,47.25,44.724999999999994,47.87500000000001,47.06666666666666,49.275,45.32000000000001
617,47.25,44.825,47.95,47.166666666666664,49.375,45.339999999999996
618,47.300000000000004,44.900000000000006,48.050000000000004,47.199999999999996,49.425,45.36
619,47.35,44.925,48.125,47.26666666666667,49.5,45.44
620,47.449999999999996,45.0,48.175,47.36666666666667,49.62500000000001,45.480000000000004
621,47.599999999999994,45.025,48.25,47.4,49.675000000000004,45.559999999999995
622,47.625,45.099999999999994,48.3,47.5,49.7,45.64
623,47.775000000000006,45.150000000000006,48.375,47.633333333333326,49.900000000000006,45.74
624,47.925,45.325,48.45,47.800000000000004,50.05,45.839999999999996
625,48.025000000000006,45.425000000000004,48.475,47.9,50.075,45.86
626,48.025000000000006,45.425000000000004,48.475,47.96666666666667,50.075,45.9
627,47.925,45.37500000000001,48.49999999999999,47.9,50.0,45.9
628,47.9,45.325,48.525,47.800000000000004,50.0,45.9
629,47.875,45.400000000000006,48.575,47.800000000000004,49.974999999999994,45.9
630,47.875,45.400000000000006,48.675,47.800000000000004,50.05,45.92
631,47.975,45.475,48.77499999999999,47.9,50.175000000000004,46.0
632,48.074999999999996,45.574999999999996,48.825,48.0,50.25,46.040000000000006
633,48.150000000000006,45.599999999999994,48.87500000000001,48.03333333333333,50.324999999999996,46.059999999999995
634,48.150000000000006,45.650000000000006,48.900000000000006,48.1,50.35,46.14
635,48.125,45.675,48.95,48.06666666666666,50.375,46.16
636,48.125,45.724999999999994,48.975,48.1,50.425,46.22
637,48.175,45.724999999999994,49.050000000000004,48.166666666666664,50.45,46.239999999999995
638,48.224999999999994,45.825,49.10000000000001,48.199999999999996,50.474999999999994,46.28
639,48.25,45.87500000000001,49.150000000000006,48.199999999999996,50.55,46.32000000000001
640,48.325,45.9,49.2,48.300000000000004,50.625,46.4
641,48.4,45.925,49.324999999999996,48.4,50.675000000000004,46.46
642,48.5,46.025,49.375,48.5,50.775,46.52
643,48.625,46.125,49.45,48.56666666666666,50.875,46.58
644,48.650000000000006,46.175,49.55,48.666666666666664,50.95,46.62
645,48.725,46.2,49.650000000000006,48.666666666666664,51.025000000000006,46.7
646,48.775,46.275000000000006,49.650000000000006,48.73333333333333,51.125,46.739999999999995
647,48.775,46.300000000000004,49.7,48.833333333333336,51.125,46.760000000000005
648,48.85,46.375,49.8,48.9,51.175000000000004,46.839999999999996
649,48.949999999999996,46.45,49.825,48.96666666666667,51.224999999999994,46.86
650,48.975,46.5,49.900000000000006,49.03333333333333,51.3,46.94
651,49.025000000000006,46.575,49.900000000000006,49.1,51.324999999999996,46.980000000000004
652,49.05,46.599999999999994,49.95,49.1,51.349999999999994,47.00000000000001
653,49.05,46.599999999999994,49.99999999999999,49.133333333333326,51.400000000000006,47.040000000000006
654,49.05,46.675,50.075,49.133333333333326,51.45,47.059999999999995
655,49.150000000000006,46.724999999999994,50.150000000000006,49.166666666666664,51.525,47.08
656,49.300000000000004,46.825,50.2,49.333333333333336,51.675,47.239999999999995
657,49.5,46.975,50.27499999999999,49.5,51.85,47.42
658,49.599999999999994,47.075,50.400000000000006,49.633333333333326,51.900000000000006,47.42
659,49.599999999999994,47.075,50.325,49.633333333333326,51.875,47.42
660,49.449999999999996,47.025,50.3,49.56666666666666,51.824999999999996,47.4
661,49.300000000000004,47.0,50.3,49.46666666666667,51.75,47.379999999999995
662,49.224999999999994,47.0,50.425,49.4,51.675,47.379999999999995
663,49.224999999999994,47.0,50.525,49.4,51.7,47.379999999999995
664,49.224999999999994,47.025,50.550000000000004,49.46666666666667,51.775,47.42
665,49.35,47.05,50.625,49.5,51.875,47.46
666,49.449999999999996,47.175,50.675,49.633333333333326,51.925,47.5
667,49.575,47.224999999999994,50.7,49.73333333333333,52.050000000000004,47.60000000000001
668,49.675,47.300000000000004,50.75,49.800000000000004,52.15,47.62
669,49.675,47.325,50.8,49.833333333333336,52.15,47.64
670,49.7,47.37500000000001,50.8,49.833333333333336,52.15,47.7
671,49.7,47.425,50.825,49.86666666666667,52.175,47.72
672,49.724999999999994,47.425,50.95,49.9,52.225,47.760000000000005
673,49.775,47.475,50.975,49.93333333333334,52.225,47.78000000000001
674,49.825,47.5,51.025000000000006,50.0,52.3,47.86
675,49.875,47.525,51.050000000000004,50.0,52.400000000000006,47.86
676,49.949999999999996,47.625,51.125,50.133333333333326,52.474999999999994,47.96
677,50.075,47.7,51.2,50.26666666666667,52.6,48.04
678,50.2,47.800000000000004,51.27499999999999,50.36666666666667,52.775,48.08
679,50.25,47.800000000000004,51.324999999999996,50.5,52.8,48.2
680,50.275,47.800000000000004,51.324999999999996,50.56666666666666,52.8,48.2
681,50.225,47.800000000000004,51.35,50.56666666666666,52.775,48.18
682,50.175,47.800000000000004,51.375,50.46666666666667,52.775,48.18
683,50.175,47.824999999999996,51.474999999999994,50.43333333333334,52.775,48.2
684,50.175,47.85,51.55,50.43333333333334,52.775,48.2
685,50.175,47.85,51.6,50.43333333333334,52.775,48.239999999999995
686,50.224999999999994,47.900000000000006,51.724999999999994,50.5,52.825,48.260000000000005
687,50.35,47.975,51.75,50.53333333333333,52.900000000000006,48.36
688,50.35,48.025,51.75,50.633333333333326,52.925,48.36
689,50.375,48.074999999999996,51.75,50.73333333333333,53.0,48.42
690,50.4,48.099999999999994,51.775,50.73333333333333,53.050000000000004,48.5
691,50.449999999999996,48.125,51.825,50.76666666666667,53.075,48.5
692,50.525000000000006,48.2,51.9,50.833333333333336,53.175,48.559999999999995
693,50.55,48.324999999999996,51.925,50.9,53.275,48.64
694,50.675,48.35,52.025,50.96666666666667,53.3,48.68
695,50.85,48.5,52.05,51.166666666666664,53.474999999999994,48.72
696,51.075,48.675,52.10000000000001,51.300000000000004,53.6,48.9
697,51.25,48.900000000000006,52.150000000000006,51.46666666666667,53.775,49.0
698,51.275,48.900000000000006,52.2,51.633333333333326,53.8,49.0
699,51.25,48.900000000000006,52.075,51.56666666666666,53.8,49.02
700,50.974999999999994,48.800000000000004,52.075,51.43333333333334,53.65,49.0
701,50.825,48.75,52.175,51.166666666666664,53.425,49.0
702,50.75,48.7,52.25,51.133333333333326,53.425,48.98
703,50.75,48.7,52.4,51.133333333333326,53.400000000000006,49.0
704,50.800000000000004,48.75,52.425,51.166666666666664,53.5,49.02
705,50.875,48.85,52.425,51.23333333333333,53.575,49.059999999999995
706,50.95,48.925,52.425,51.36666666666667,53.625,49.08
707,51.05,49.0,52.425,51.43333333333334,53.725,49.14
708,51.075,49.0,52.474999999999994,51.46666666666667,53.824999999999996,49.14
709,51.125,49.075,52.474999999999994,51.56666666666666,53.900000000000006,49.18
710,51.150000000000006,49.125,52.5,51.56666666666666,53.900000000000006,49.22
711,51.175,49.175,52.55,51.6,53.900000000000006,49.3
712,51.225,49.224999999999994,52.575,51.666666666666664,53.925,49.339999999999996
713,51.225,49.325,52.625,51.666666666666664,54.025000000000006,49.42
714,51.25,49.325,52.625,51.666666666666664,54.1,49.42
715,51.3,49.325,52.675,51.73333333333333,54.15,49.46
716,51.35,49.35,52.75,51.833333333333336,54.125,49.480000000000004
717,51.35,49.375,52.8,51.833333333333336,54.125,49.480000000000004
718,51.325,49.375,52.85,51.800000000000004,54.15,49.480000000000004
719,51.325,49.375,52.900000000000006,51.800000000000004,54.15,49.480000000000004
720,51.325,49.400000000000006,52.925,51.800000000000004,54.2,49.52
721,51.324999999999996,49.400000000000006,52.949999999999996,51.800000000000004,54.225,49.58
722,51.324999999999996,49.449999999999996,52.975,51.800000000000004,54.225,49.60000000000001
723,51.4,49.525000000000006,52.99999999999999,51.9,54.324999999999996,49.68
724,51.5,49.525000000000006,52.99999999999999,51.93333333333334,54.349999999999994,49.7
725,51.575,49.55,52.99999999999999,52.03333333333334,54.39999999999999,49.72
726,51.575,49.650000000000006,53.0,52.06666666666666,54.39999999999999,49.739999999999995
727,51.625,49.725,53.0,52.1,54.45,49.839999999999996
728,51.675000000000004,49.87499999999999,53.025000000000006,52.133333333333326,54.550000000000004,49.86
729,51.7,50.15,53.025000000000006,52.20000000000001,54.525000000000006,49.879999999999995
730,51.775,50.275,53.0,52.23333333333333,54.525000000000006,49.9
731,51.775,50.400000000000006,53.02499999999999,52.23333333333333,54.525000000000006,49.919999999999995
732,51.824999999999996,50.525000000000006,53.075,52.23333333333333,54.599999999999994,49.959999999999994
733,51.825,50.525000000000006,53.075,52.333333333333336,54.675000000000004,50.00000000000001
734,51.825,50.575,53.10000000000001,52.333333333333336,54.675000000000004,50.00000000000001
735,51.9,50.625,53.15,52.333333333333336,54.675,49.980000000000004
736,51.875,50.625,53.175000000000004,52.36666666666667,54.7,50.040000000000006
737,51.949999999999996,50.65,53.225,52.36666666666667,54.725,50.10000000000001
738,52.025000000000006,50.625,53.400000000000006,52.5,54.925,50.14
739,52.05,50.52499999999999,53.5,52.6,55.0,50.260000000000005
740,52.175,50.52499999999999,53.650000000000006,52.699999999999996,55.050000000000004,50.3
741,52.225,50.49999999999999,53.650000000000006,52.800000000000004,55.1,50.339999999999996
742,52.2,50.49999999999999,53.675,52.800000000000004,55.1,50.339999999999996
743,52.2,50.49999999999999,53.75,52.800000000000004,55.15,50.36
744,52.25,50.49999999999999,53.800000000000004,52.833333333333336,55.15,50.379999999999995
745,52.275,50.525,53.800000000000004,52.900000000000006,55.24999999999999,50.46
746,52.3,50.525,53.900000000000006,52.93333333333334,55.3,50.50000000000001
747,52.325,50.525,53.974999999999994,52.93333333333334,55.35,50.519999999999996
748,52.449999999999996,50.575,53.99999999999999,52.93333333333334,55.375,50.58
749,52.449999999999996,50.575,54.025,53.03333333333333,55.4,50.6
750,52.475,50.650000000000006,54.025,53.099999999999994,55.4,50.6
751,52.475,50.72500000000001,54.05,53.099999999999994,55.425,50.6
752,52.55,50.75,54.075,53.133333333333326,55.45,50.6
753,52.575,50.724999999999994,54.125,53.099999999999994,55.45,50.620000000000005
754,52.550000000000004,50.724999999999994,54.099999999999994,53.06666666666666,55.45,50.620000000000005
755,52.45,50.75,54.125,53.133333333333326,55.45,50.699999999999996
756,52.550000000000004,50.8,54.14999999999999,53.133333333333326,55.425,50.620000000000005
757,52.550000000000004,50.8,54.224999999999994,53.166666666666664,55.475,50.64
758,52.599999999999994,50.724999999999994,54.25,53.199999999999996,55.55,50.64
759,52.550000000000004,50.724999999999994,54.25,53.23333333333333,55.55,50.68
760,52.525,50.724999999999994,54.275000000000006,53.26666666666667,55.55,50.86
761,52.625,50.824999999999996,54.275000000000006,53.26666666666667,55.599999999999994,50.96
762,52.675,50.875,54.3,53.300000000000004,55.599999999999994,50.980000000000004
763,52.9,50.975,54.425,53.36666666666667,55.800000000000004,51.059999999999995
764,53.025000000000006,51.074999999999996,54.45,53.6,55.949999999999996,51.16
765,53.025000000000006,51.099999999999994,54.4,53.666666666666664,55.925,51.12
766,52.95,51.175,54.275,53.53333333333333,55.875,51.04
767,52.875,51.150000000000006,54.55,53.46666666666667,55.824999999999996,51.080000000000005
768,52.7,51.150000000000006,54.675,53.36666666666667,55.875,51.1
769,52.75,51.074999999999996,54.7,53.36666666666667,55.775,51.14
770,52.72500000000001,51.150000000000006,54.675,53.5,55.775,51.080000000000005
771,52.775000000000006,51.1,54.7,53.46666666666667,55.800000000000004,51.1
772,52.95,51.125,54.75,53.46666666666667,55.849999999999994,51.120000000000005
773,53.05,51.074999999999996,54.825,53.53333333333333,55.849999999999994,51.239999999999995
774,53.1,51.099999999999994,54.849999999999994,53.5,55.975,51.279999999999994
775,53.125,51.1,54.775,53.4,55.975,51.24000000000001
776,53.074999999999996,51.15,54.75,53.43333333333334,56.050000000000004,51.220000000000006
777,53.050000000000004,51.175,54.775,53.56666666666666,56.075,51.220000000000006
778,53.074999999999996,51.175,54.775,53.6,56.050000000000004,51.34000000000001
779,53.175,51.27499999999999,54.75,53.73333333333333,56.14999999999999,51.44
780,53.175,51.25,54.75,53.63333333333333,56.1,51.42
781,53.175,51.375,55.0,53.76666666666667,56.2,51.44
782,53.099999999999994,51.375,55.0,53.76666666666667,56.2,51.38000000000001
783,53.14999999999999,51.425000000000004,55.125,53.800000000000004,56.125,51.32000000000001
784,53.25,51.425000000000004,55.1,53.73333333333333,56.125,51.32000000000001
785,53.3,51.575,55.125,53.833333333333336,56.175,51.28000000000001
786,53.324999999999996,51.525,55.15,53.9,56.325,51.4
787,53.375,51.6,55.400000000000006,53.93333333333334,56.474999999999994,51.52
788,53.5,51.7,55.55,54.199999999999996,56.55,51.6
789,53.625,51.875,55.9,54.300000000000004,56.675000000000004,51.61999999999999
790,53.625,52.0,56.0,54.300000000000004,56.75,51.720000000000006
791,53.575,52.2,56.199999999999996,54.300000000000004,56.75,51.8
792,53.55,52.325,56.35000000000001,54.300000000000004,56.775,51.839999999999996
793,53.525,52.35000000000001,56.50000000000001,54.199999999999996,56.775,51.94
794,53.525,52.325,56.575,54.133333333333326,56.75,51.9
795,53.425,52.35000000000001,56.575,54.133333333333326,56.75,51.86
796,53.425,52.325,56.37500000000001,54.1,56.75,51.839999999999996
797,53.425,52.275000000000006,56.125,54.1,56.75,51.760000000000005
798,53.45,52.275000000000006,56.025,54.1,56.775,51.7
799,53.5,52.2,55.824999999999996,54.166666666666664,56.824999999999996,51.760000000000005
800,53.550000000000004,52.224999999999994,55.7,54.300000000000004,56.875,51.8
801,53.675,52.25,55.675,54.333333333333336,56.95,51.82000000000001
802,53.85,52.275000000000006,55.725,54.633333333333326,57.1,51.86
803,53.949999999999996,52.375,55.725,54.73333333333333,57.150000000000006,51.98
804,54.150000000000006,52.525000000000006,55.675,54.86666666666667,57.349999999999994,52.14000000000001
805,54.25,52.525000000000006,55.7,55.03333333333333,57.400000000000006,52.220000000000006
806,54.35,52.599999999999994,55.75,55.199999999999996,57.45,52.339999999999996
807,54.4,52.7,55.75,55.26666666666667,57.5,52.36
808,54.425,52.7,55.775,55.333333333333336,57.55,52.42
809,54.425,52.724999999999994,55.825,55.36666666666667,57.575,52.44
810,54.525000000000006,52.800000000000004,55.825,55.5,57.650000000000006,52.52
811,54.5,52.85,55.925,55.5,57.650000000000006,52.54
812,54.55,52.875,55.974999999999994,55.5,57.675000000000004,52.54
813,54.55,52.875,56.075,55.5,57.775000000000006,52.56
814,54.599999999999994,52.85,56.075,55.46666666666667,57.775,52.56
815,54.599999999999994,52.824999999999996,56.125,55.43333333333334,57.775,52.56
816,54.599999999999994,52.9,56.2,55.46666666666667,57.8,52.56
817,54.724999999999994,52.925000000000004,56.225,55.400000000000006,57.8,52.660000000000004
818,54.99999999999999,52.925000000000004,56.2,55.46666666666667,57.925000000000004,52.7
819,55.075,53.15,56.3,55.53333333333333,57.975,52.739999999999995
820,55.175,53.225,56.225,55.699999999999996,58.25,52.8
821,55.400000000000006,53.375,56.25,56.06666666666666,58.525000000000006,52.98
822,56.55,53.725,56.5,56.800000000000004,59.35,53.32000000000001
823,56.925,53.900000000000006,56.375,57.36666666666667,59.474999999999994,53.419999999999995
824,56.7,53.75,56.14999999999999,57.43333333333334,59.349999999999994,52.8
825,56.175,53.75,55.95,57.06666666666666,59.125,52.739999999999995
826,55.324999999999996,53.75,55.975,56.4,58.95,53.02
827,55.05,53.8,56.95,55.93333333333333,58.89999999999999,53.2
828,55.175,53.775,57.675,56.06666666666666,58.925,53.540000000000006
829,55.12500000000001,53.724999999999994,57.5,56.13333333333333,58.725,53.540000000000006
830,54.95,53.725,57.224999999999994,56.03333333333334,58.449999999999996,53.540000000000006
831,54.824999999999996,53.675000000000004,57.25,55.76666666666667,58.349999999999994,53.52
832,54.725,53.675,57.65,55.666666666666664,58.375,53.5
833,55.025,53.675,57.775000000000006,55.73333333333333,58.6,53.48
834,55.6,53.75,57.7,56.46666666666667,59.025000000000006,53.54
835,55.75,53.825,57.05,56.76666666666667,59.02499999999999,53.4
836,55.475,53.8,56.7,56.53333333333333,58.675000000000004,53.339999999999996
837,55.150000000000006,53.849999999999994,56.775,56.20000000000001,58.575,53.4
838,54.824999999999996,53.849999999999994,57.2,56.06666666666666,58.55,53.4
839,54.75,53.775000000000006,57.75,56.0,58.5,53.4
840,54.875,53.900000000000006,57.900000000000006,56.0,58.55,53.4
841,55.225,53.9,57.849999999999994,56.03333333333333,58.75,53.4
842,55.225,53.875,57.8,56.166666666666664,58.775,53.220000000000006
843,55.15,53.85,57.60000000000001,56.13333333333333,58.7,53.239999999999995
844,55.075,53.825,57.575,56.1,58.5,53.28000000000001
845,54.7,53.800000000000004,57.575,56.06666666666666,58.474999999999994,53.260000000000005
846,54.925000000000004,53.875,57.525,56.099999999999994,58.400000000000006,53.3
847,55.175,53.8,57.5,56.099999999999994,58.325,53.3
848,55.125,53.75,57.5,56.099999999999994,58.474999999999994,53.279999999999994
849,55.125,53.775,57.375,56.199999999999996,58.474999999999994,53.379999999999995
850,55.15,53.775,57.35,56.199999999999996,58.5,53.339999999999996
851,55.225,53.849999999999994,57.35,56.199999999999996,58.5,53.35999999999999
852,55.25,53.825,57.35,56.133333333333326,58.55,53.4
853,55.099999999999994,53.725,57.35,56.133333333333326,58.574999999999996,53.31999999999999
854,55.37499999999999,53.775,57.225,56.43333333333334,58.849999999999994,53.52
855,55.3,53.725,57.25,56.43333333333334,58.900000000000006,53.5
856,55.3,53.699999999999996,57.224999999999994,56.43333333333334,58.825,53.36
857,55.25,53.75,57.375,56.46666666666667,58.925,53.42
858,55.35,53.8,57.47500000000001,56.43333333333334,58.925,53.4
859,55.324999999999996,53.849999999999994,57.400000000000006,56.36666666666667,58.85,53.480000000000004
860,55.2,53.8,57.375,56.53333333333334,58.85,53.419999999999995
861,55.25,54.075,57.425,56.56666666666666,58.775,53.339999999999996
862,55.325,54.10000000000001,57.4,56.633333333333326,58.85,53.379999999999995
863,55.35,54.175,57.4,56.73333333333333,58.85,53.279999999999994
864,55.425,54.14999999999999,57.5,56.800000000000004,58.925,53.279999999999994
865,55.475,54.175,57.5,56.800000000000004,59.150000000000006,53.36
866,55.525,54.2,57.425,56.666666666666664,59.224999999999994,53.339999999999996
867,55.525,54.35,57.45,56.76666666666667,59.25,53.339999999999996
868,55.550000000000004,54.3,57.5,56.800000000000004,59.25,53.339999999999996
869,55.650000000000006,54.324999999999996,57.55,56.86666666666667,59.275,53.540000000000006
870,55.675,54.3,57.5,56.93333333333334,59.474999999999994,53.540000000000006
871,55.675,54.324999999999996,57.55,56.96666666666667,59.400000000000006,53.6
872,55.7,54.4,57.575,57.0,59.375,53.8
873,55.75,54.375,57.6,57.06666666666666,59.375,53.8
874,55.8,54.474999999999994,57.650000000000006,57.099999999999994,59.400000000000006,53.81999999999999
875,55.8,54.599999999999994,57.72500000000001,57.133333333333326,59.525000000000006,53.9
876,56.025,54.599999999999994,57.85,57.133333333333326,59.575,53.9
877,56.05,54.625,57.875,57.133333333333326,59.599999999999994,53.9
878,56.300000000000004,54.64999999999999,58.025,57.133333333333326,59.725,53.9
879,56.349999999999994,54.7,58.075,57.36666666666667,59.824999999999996,54.02
880,56.75,54.87499999999999,58.27499999999999,57.43333333333334,60.025000000000006,54.11999999999999
881,57.35,55.10000000000001,58.55,58.06666666666666,60.37500000000001,54.14
882,57.55,55.225,58.275000000000006,58.63333333333333,60.475,54.239999999999995
883,57.599999999999994,55.375,57.724999999999994,58.6,60.349999999999994,54.17999999999999
884,57.47500000000001,55.35,57.74999999999999,58.56666666666666,60.075,54.4
885,57.125,55.35,57.8,58.23333333333333,59.85000000000001,54.760000000000005
886,56.5,55.224999999999994,58.275,57.36666666666667,59.824999999999996,54.9
887,56.25,55.275000000000006,59.25,57.23333333333334,59.925,54.94
888,56.225,55.275000000000006,60.349999999999994,57.23333333333334,60.125,55.02
889,56.2,55.325,60.3,57.333333333333336,60.150000000000006,55.02
890,56.199999999999996,55.325,59.9,57.36666666666667,60.175000000000004,54.980000000000004
891,56.275,55.35,59.625,57.36666666666667,60.2,54.92
892,56.35,55.35,59.45,57.4,60.25,54.9
893,56.5,55.325,59.375,57.43333333333334,60.3,54.839999999999996
894,56.574999999999996,55.375,59.325,57.43333333333334,60.3,54.839999999999996
895,56.825,55.3,59.125,57.633333333333326,60.375,54.7
896,56.87499999999999,55.2,58.875,57.76666666666667,60.39999999999999,54.67999999999999
897,56.825,55.3,58.625,58.03333333333333,60.349999999999994,54.81999999999999
898,56.75000000000001,55.375,58.425000000000004,57.96666666666667,60.325,54.879999999999995
899,56.675,55.375,58.775,57.333333333333336,60.325,54.81999999999999
900,56.475,55.4,59.375,57.300000000000004,60.325,54.86
901,56.475,55.425,59.724999999999994,57.36666666666667,60.425,54.86
902,56.525000000000006,55.474999999999994,59.825,57.43333333333334,60.425,54.86
903,56.575,55.474999999999994,59.724999999999994,57.6,60.45,54.86
904,56.975,55.474999999999994,59.5,57.76666666666667,60.675,54.720000000000006
905,57.4,55.45,59.099999999999994,58.06666666666666,60.724999999999994,54.459999999999994
906,57.5,55.550000000000004,58.474999999999994,58.13333333333333,60.599999999999994,54.52
907,57.425,55.7,58.45,58.133333333333326,60.575,54.660000000000004
908,57.0,55.775,58.775000000000006,57.96666666666667,60.45,54.92
909,56.675,55.675,59.225,57.833333333333336,60.449999999999996,54.94
910,56.625,55.75000000000001,59.975,57.76666666666667,60.675,55.08
911,56.675,55.800000000000004,60.1,57.76666666666667,60.775,55.08
912,56.7,55.699999999999996,59.925,57.800000000000004,60.8,54.94
913,56.75,55.699999999999996,59.599999999999994,57.800000000000004,60.75,54.96
914,56.8,55.675000000000004,59.425,57.93333333333334,60.75,54.94
915,57.050000000000004,55.675000000000004,59.25,58.03333333333333,60.824999999999996,54.8
916,57.7,55.675000000000004,59.25,58.366666666666674,61.025000000000006,54.68000000000001
917,57.7,55.60000000000001,58.7,58.6,60.949999999999996,54.7
918,57.675000000000004,55.62500000000001,58.375,58.56666666666667,60.925,54.71999999999999
919,57.575,55.775,58.375,58.56666666666667,60.875,54.739999999999995
920,56.95,55.85,58.949999999999996,58.43333333333334,60.775,54.8
921,56.55,55.849999999999994,60.3,58.03333333333334,60.824999999999996,55.160000000000004
922,56.55,55.9,61.0,57.96666666666667,61.025000000000006,55.260000000000005
923,56.599999999999994,55.9,60.77499999999999,57.96666666666667,61.025000000000006,55.279999999999994
924,56.675,55.875,60.575,57.96666666666667,61.05,55.260000000000005
925,56.725,55.800000000000004,60.400000000000006,58.03333333333333,61.025000000000006,55.239999999999995
926,56.775,55.800000000000004,60.15,58.03333333333333,61.05,55.17999999999999
927,56.925,55.825,59.95,58.06666666666666,61.025000000000006,55.11999999999999
928,57.050000000000004,55.9,59.95,58.03333333333333,61.05,55.11999999999999
929,57.050000000000004,55.875,59.9,58.03333333333334,61.075,55.05999999999999
930,57.050000000000004,55.875,59.875,58.133333333333326,61.05,55.04
931,57.0,55.875,59.575,58.1,61.075,55.0
932,57.025,55.825,59.5,58.03333333333333,61.05,55.0
933,57.025,55.849999999999994,59.425,58.06666666666666,61.075,54.98
934,57.075,55.849999999999994,59.425,58.166666666666664,61.10000000000001,55.019999999999996
935,57.075,55.849999999999994,59.39999999999999,58.29999999999999,61.125,55.019999999999996
936,57.125,55.849999999999994,59.37499999999999,58.29999999999999,61.150000000000006,55.0
937,57.25,55.8,59.349999999999994,58.333333333333336,61.150000000000006,55.0
938,57.425000000000004,55.8,59.2,58.29999999999999,61.125,55.0
939,57.475,55.849999999999994,58.9,58.43333333333334,61.075,54.96
940,57.475,55.849999999999994,58.9,58.4,61.125,54.96
941,57.45,55.925,58.95,58.36666666666667,61.15,55.04
942,57.324999999999996,56.05,59.37499999999999,58.29999999999999,61.25,55.14
943,57.224999999999994,56.125,59.675,58.23333333333333,61.3,55.21999999999999
944,57.35,56.150000000000006,59.800000000000004,58.26666666666667,61.375,55.3
945,57.375,56.150000000000006,59.85,58.36666666666667,61.4,55.279999999999994
946,57.37500000000001,56.125,59.85,58.43333333333334,61.474999999999994,55.220000000000006
947,57.35,56.175,59.900000000000006,58.4,61.474999999999994,55.260000000000005
948,57.375,56.175,59.87500000000001,58.43333333333334,61.425,55.279999999999994
949,57.425,56.14999999999999,59.9,58.46666666666667,61.525,55.279999999999994
950,56.675,55.349999999999994,58.975,57.70000000000001,60.625,54.48
951,55.9,54.475,57.8,56.76666666666667,59.675000000000004,53.6
952,55.775,54.45,57.3,56.46666666666667,59.25,53.4
953,55.449999999999996,54.45,57.224999999999994,56.333333333333336,59.150000000000006,53.4
954,55.325,54.325,57.2,56.166666666666664,59.1,53.32000000000001
955,55.025000000000006,54.224999999999994,57.22500000000001,55.86666666666667,58.775,53.3
956,54.725,53.95,57.175,55.666666666666664,58.575,53.11999999999999
957,54.475,53.724999999999994,57.05,55.43333333333334,58.375,52.839999999999996
958,54.325,53.425,56.85,55.29999999999999,58.175000000000004,52.48
959,54.175000000000004,53.25,56.5,55.0,58.075,52.260000000000005
960,54.05,53.075,56.275,54.9,58.0,52.160000000000004
961,53.949999999999996,52.975,56.175,54.70000000000001,57.875,51.999999999999986
962,53.9,52.925000000000004,55.87500000000001,54.63333333333333,57.725,51.98
963,53.824999999999996,52.875,55.675,54.56666666666666,57.60000000000001,51.839999999999996
964,53.7,52.7,55.650000000000006,54.53333333333333,57.60000000000001,51.720000000000006
965,53.60000000000001,52.575,55.55,54.43333333333334,57.525000000000006,51.52
966,53.5,52.474999999999994,55.325,54.26666666666667,57.3,51.34000000000001
967,53.375,52.175,55.074999999999996,54.0,57.125,51.1
968,53.10000000000001,51.975,54.849999999999994,53.900000000000006,56.875,50.94
969,52.949999999999996,51.7,54.4,53.43333333333334,56.6,50.699999999999996
970,52.60000000000001,51.4,53.875,53.20000000000001,56.125,50.3
971,52.425000000000004,51.275000000000006,53.825,53.06666666666666,56.0,50.239999999999995
972,52.425000000000004,51.375,53.85,53.1,56.05,50.32
973,52.675,51.47500000000001,54.1,53.13333333333333,56.199999999999996,50.480000000000004
974,52.8,51.650000000000006,54.25,53.20000000000001,56.35,50.6
975,52.949999999999996,51.775,54.7,53.400000000000006,56.475,50.8
976,52.975,51.825,54.75,53.43333333333334,56.5,50.92
977,52.975,52.0,54.875,53.53333333333333,56.6,50.92
978,53.2,52.125,54.875,53.6,56.699999999999996,51.040000000000006
979,53.575,52.39999999999999,55.050000000000004,53.93333333333334,57.199999999999996,51.3
980,54.075,53.075,55.199999999999996,54.93333333333334,58.074999999999996,51.56
981,54.975,53.9,55.800000000000004,55.4,58.425,52.379999999999995
982,55.35,54.474999999999994,56.925,56.166666666666664,59.025,52.68000000000001
983,55.825,55.349999999999994,57.55,56.300000000000004,59.3,53.52
984,55.675,55.325,58.4,56.4,59.85,53.88000000000001
985,55.400000000000006,55.025000000000006,58.75,56.03333333333333,59.5,53.90000000000001
986,54.325,54.375,58.975,55.5,58.9,53.5
987,53.825,53.525,58.0,55.0,58.150000000000006,52.65999999999999
988,53.325,52.775,56.775000000000006,54.26666666666667,57.55,51.879999999999995
989,53.3,52.7,56.25,54.03333333333334,57.349999999999994,51.7
990,53.325,52.75,56.125,53.96666666666666,57.325,51.68000000000001
991,53.474999999999994,52.875,56.125,54.0,57.5,51.7
992,54.02499999999999,53.0,56.199999999999996,54.36666666666667,57.875,51.760000000000005
993,54.175000000000004,53.325,56.275,54.79999999999999,58.675,52.08
994,54.775000000000006,53.625,56.400000000000006,55.53333333333334,59.699999999999996,52.17999999999999
995,55.75,54.775000000000006,56.625,55.833333333333336,60.099999999999994,53.220000000000006
996,56.00000000000001,56.05,57.45,56.03333333333333,60.3,53.78000000000001
997,55.900000000000006,56.325,58.199999999999996,56.13333333333333,60.4,54.06
998,55.75,56.175,58.74999999999999,56.366666666666674,60.3,54.1
999,55.72500000000001,55.974999999999994,60.125,56.43333333333334,60.275000000000006,54.14
1000.00,55.225,55.475,60.324999999999996,56.4,60.0,53.980000000000004
1001.00,54.9,54.7,59.775,56.300000000000004,59.6,53.660000000000004
1002.00,54.775000000000006,54.474999999999994,58.775,55.73333333333334,59.45,53.4
1003.00,54.675,54.225,58.27499999999999,55.633333333333326,59.175000000000004,53.14000000000001
1004.00,54.65,54.2,58.05,55.56666666666666,59.05,52.959999999999994
1005.00,54.574999999999996,54.099999999999994,57.775000000000006,55.53333333333334,58.925,52.86
1006.00,54.475,54.075,57.625,55.53333333333333,58.9,52.739999999999995
1007.00,54.474999999999994,54.099999999999994,57.625,55.46666666666667,58.9,52.660000000000004
1008.00,54.52499999999999,54.075,57.625,55.46666666666667,58.875,52.67999999999999
1009.00,54.52499999999999,54.0,57.575,55.43333333333334,58.9,52.720000000000006
1010.00,54.55,54.0,57.599999999999994,55.36666666666667,58.85,52.7
1011.00,54.60000000000001,54.05,57.425000000000004,55.46666666666667,58.875,52.660000000000004
1012.00,54.575,54.075,57.45,55.46666666666667,58.925,52.67999999999999
1013.00,54.7,54.35,57.475,55.56666666666666,59.125,52.720000000000006
1014.00,54.7,54.574999999999996,57.475,55.63333333333333,59.25,52.92
1015.00,54.85,54.824999999999996,57.875,55.699999999999996,59.37500000000001,53.18000000000001
1016.00,54.75,54.875,58.125,55.699999999999996,59.5,53.160000000000004
1017.00,54.825,54.925,58.224999999999994,55.76666666666667,59.45,53.14
1018.00,54.825,54.775000000000006,58.150000000000006,55.86666666666667,59.35,53.06
1019.00,54.725,54.4,58.099999999999994,55.76666666666667,59.225,53.11999999999999
1020.00,54.6,54.275,58.05,55.73333333333333,59.1,53.02
1021.00,54.425,54.199999999999996,57.825,55.46666666666666,58.975,52.86
1022.00,54.35,53.974999999999994,57.7,55.23333333333333,58.9,52.760000000000005
1023.00,54.175000000000004,53.825,57.375,54.9,58.3,52.519999999999996
1024.00,54.025,53.775,57.1,54.79999999999999,58.24999999999999,52.459999999999994
1025.00,53.925,53.55,56.825,54.633333333333326,58.199999999999996,52.220000000000006
1026.00,53.775,53.425000000000004,56.6,54.53333333333333,58.025,52.080000000000005
1027.00,53.525000000000006,53.2,56.574999999999996,54.20000000000001,57.875,52.0
1028.00,53.47500000000001,53.0,56.525,54.13333333333333,57.825,51.92
1029.00,53.375,53.0,56.375,54.06666666666666,57.7,51.82000000000001
1030.00,53.325,52.974999999999994,56.3,54.0,57.675000000000004,51.7
1031.00,53.275000000000006,52.95,56.425000000000004,54.0,57.6,51.620000000000005
1032.00,53.275000000000006,52.925,56.425000000000004,54.0,57.6,51.58
1033.00,53.225,52.9,56.3,53.93333333333333,57.39999999999999,51.339999999999996
1034.00,53.025,52.475,56.22500000000001,53.699999999999996,57.275,51.3
1035.00,52.975,52.425,56.1,53.666666666666664,57.25,51.239999999999995
1036.00,52.95,52.425,55.949999999999996,53.53333333333333,57.1,51.2
1037.00,52.825,52.375,55.849999999999994,53.1,57.075,51.019999999999996
1038.00,52.625,52.175000000000004,55.525000000000006,52.833333333333336,56.925,50.980000000000004
1039.00,52.475,52.025,55.45,52.73333333333333,56.824999999999996,50.92
1040.00,52.05,51.949999999999996,55.074999999999996,52.53333333333333,56.474999999999994,50.54
1041.00,51.875,51.699999999999996,55.0,52.400000000000006,56.449999999999996,50.49999999999999
1042.00,51.7,51.575,54.9,52.23333333333333,56.300000000000004,50.459999999999994
1043.00,51.5,51.50000000000001,54.875,52.23333333333333,56.199999999999996,50.4
1044.00,51.400000000000006,51.349999999999994,54.85,52.166666666666664,56.099999999999994,50.38000000000001
1045.00,51.400000000000006,51.325,54.800000000000004,52.13333333333333,56.075,50.3
1046.00,51.4,51.325,54.675,52.13333333333333,55.85,50.220000000000006
1047.00,51.35,51.300000000000004,54.675,52.1,55.775000000000006,50.18
1048.00,51.25,51.199999999999996,54.575,52.06666666666666,55.75,50.12
1049.00,51.199999999999996,51.125,54.449999999999996,52.0,55.85,50.14
1050.00,51.15,51.150000000000006,54.349999999999994,51.866666666666674,55.85,50.04
1051.00,51.175000000000004,51.099999999999994,54.325,51.833333333333336,55.849999999999994,50.02
1052.00,51.125,51.25,54.400000000000006,51.699999999999996,55.7,50.04
1053.00,51.075,51.425,54.45,51.699999999999996,55.775,50.02
1054.00,51.175,51.349999999999994,54.425,51.699999999999996,55.650000000000006,50.04
1055.00,51.225,51.15,54.375,51.699999999999996,55.65,50.04
1056.00,51.175,50.95,54.3,51.63333333333333,55.55,49.88
1057.00,50.925,50.8,54.15,51.63333333333333,55.324999999999996,49.760000000000005
1058.00,50.15,50.425,53.675,51.43333333333334,54.475,49.38000000000001
1059.00,49.699999999999996,49.825,52.900000000000006,51.1,53.925,48.78000000000001
1060.00,49.175,49.199999999999996,52.125,50.599999999999994,53.575,48.68
1061.00,49.025,48.625,51.7,50.1,53.525000000000006,48.480000000000004
1062.00,48.949999999999996,48.675,51.675,49.86666666666667,53.0,48.36
1063.00,48.95,48.675,51.824999999999996,49.6,52.925,48.239999999999995
1064.00,49.05,48.75,51.849999999999994,49.6,53.025000000000006,48.220000000000006
1065.00,48.974999999999994,48.85,51.89999999999999,49.53333333333333,53.075,48.24
1066.00,48.9,48.875,51.95,49.333333333333336,53.050000000000004,48.239999999999995
1067.00,48.675000000000004,48.775,51.849999999999994,49.20000000000001,52.975,48.18
1068.00,48.65,48.625,51.725,49.13333333333333,52.9,47.67999999999999
1069.00,48.55,48.5,51.45,49.1,52.675,47.52
1070.00,48.52499999999999,48.275,51.075,48.86666666666667,52.525,47.54
1071.00,48.425000000000004,48.099999999999994,51.0,48.833333333333336,52.50000000000001,47.519999999999996
1072.00,48.425,48.349999999999994,50.875,48.833333333333336,52.449999999999996,47.6
1073.00,48.400000000000006,48.325,51.0,48.76666666666667,52.275000000000006,47.6
1074.00,48.3,48.275,51.075,48.63333333333333,52.275000000000006,47.32000000000001
1075.00,48.15,48.175,51.05,48.56666666666666,52.1,47.28
1076.00,47.925,48.074999999999996,50.8,48.199999999999996,52.025,47.18
1077.00,47.725,47.7,50.675,48.133333333333326,52.125,47.12
1078.00,47.8,47.55,50.650000000000006,48.20000000000001,52.05,47.16
1079.00,47.775000000000006,47.574999999999996,50.675,48.333333333333336,51.975,47.18
1080.00,47.7,47.525,50.625,48.5,51.775000000000006,47.18
1081.00,47.575,47.725,50.699999999999996,48.300000000000004,51.75,47.040000000000006
1082.00,47.55,47.7,50.725,48.26666666666667,51.625,47.06
1083.00,47.45,47.55,50.55,48.0,51.625,46.980000000000004
1084.00,47.525,47.45,50.425,48.0,51.52499999999999,46.839999999999996
1085.00,47.65,47.475,50.325,47.96666666666667,51.525000000000006,46.839999999999996
1086.00,47.775,47.575,50.62499999999999,48.0,51.625,46.879999999999995
1087.00,47.675,47.49999999999999,50.675,48.03333333333334,51.55,47.0
1088.00,47.45,47.425,50.75,48.1,51.3,47.04
1089.00,47.325,47.25,50.75,47.93333333333334,51.325,46.739999999999995
1090.00,47.075,47.15,50.45,47.9,51.4,46.10000000000001
1091.00,46.55,46.975,50.02499999999999,47.699999999999996,51.275,45.98
1092.00,46.45,46.99999999999999,49.949999999999996,47.1,51.25,45.98
1093.00,46.125,46.8,50.025,47.23333333333333,51.150000000000006,45.92
1094.00,46.075,46.800000000000004,49.99999999999999,47.36666666666667,51.025000000000006,45.94
1095.00,46.325,46.8,49.800000000000004,47.36666666666667,51.025000000000006,45.67999999999999
1096.00,46.45,46.675,49.825,47.43333333333334,50.699999999999996,45.7
1097.00,46.4,46.575,49.85,47.300000000000004,50.724999999999994,45.74
1098.00,46.175,46.37499999999999,49.6,47.06666666666666,50.150000000000006,45.68
1099.00,45.825,46.199999999999996,49.45,46.63333333333333,49.925000000000004,45.419999999999995
1100.00,67.825,62.85,76.6,59.63333333333333,69.55,65.97999999999999
