wavelength,blank,S6 Preheat,S6 Post Heat,S6 Irrad 1 1,S6 Irrad 1 2,S6 Irrad 1 3,S6 Irrad 1 4,S6 Irrad 1 5,S6 Irrad 1 6,S6 Irrad 1 7,S6 Irrad 1 8,S6 Irrad 1 9,S6 Irrad 1 10
190,89.3,1.9,1.6,0.7,0.525,0.525,0.625,0.6,0.6,0.55,0.525,0.5,0.525
191,89.5,1.766666667,1.5,0.65,0.475,0.45,0.525,0.5,0.5,0.475,0.4,0.45,0.45
192,91.3,1.633333333,1.45,0.575,0.425,0.4,0.45,0.4,0.4,0.4,0.35,0.375,0.375
193,91.9,1.6,1.4,0.5,0.35,0.375,0.4,0.4,0.375,0.375,0.3,0.3,0.3
194,93.3,1.533333333,1.375,0.475,0.325,0.3,0.375,0.325,0.3,0.3,0.3,0.3,0.3
195,94.1,1.5,1.35,0.425,0.3,0.3,0.325,0.3,0.3,0.3,0.3,0.3,0.275
196,94.5,1.5,1.325,0.4,0.3,0.275,0.3,0.3,0.3,0.275,0.25,0.25,0.225
197,94.9,1.5,1.3,0.35,0.3,0.225,0.3,0.275,0.275,0.2,0.2,0.225,0.2
198,95.3,1.5,1.3,0.35,0.275,0.2,0.3,0.225,0.2,0.2,0.2,0.2,0.2
199,95.4,1.5,1.3,0.35,0.25,0.2,0.25,0.225,0.2,0.2,0.2,0.2,0.2
200,95.9,1.533333333,1.3,0.325,0.2,0.2,0.225,0.225,0.2,0.2,0.2,0.2,0.2
201,96.9,1.6,1.3,0.3,0.2,0.2,0.225,0.2,0.2,0.2,0.2,0.2,0.2
202,97,1.633333333,1.325,0.3,0.2,0.2,0.2,0.2,0.2,0.2,0.2,0.2,0.2
203,97.2,1.7,1.4,0.3,0.2,0.2,0.2,0.2,0.2,0.2,0.2,0.2,0.2
204,97.3,1.8,1.475,0.3,0.2,0.2,0.2,0.2,0.2,0.175,0.2,0.175,0.15
205,97.8,1.9,1.525,0.275,0.2,0.2,0.2,0.2,0.2,0.175,0.175,0.15,0.125
206,97.8,2.033333333,1.675,0.275,0.2,0.2,0.2,0.2,0.2,0.15,0.15,0.15,0.1
207,97.8,2.266666667,1.8,0.25,0.2,0.2,0.2,0.2,0.2,0.1,0.1,0.1,0.1
208,97.7,2.5,2,0.25,0.2,0.2,0.2,0.2,0.2,0.1,0.1,0.1,0.1
209,97.6,2.833333333,2.225,0.225,0.2,0.175,0.2,0.2,0.2,0.1,0.1,0.1,0.1
210,97.6,3.2,2.5,0.25,0.175,0.175,0.2,0.2,0.15,0.1,0.1,0.1,0.1
211,97.5,3.6,2.8,0.25,0.175,0.125,0.2,0.175,0.125,0.1,0.1,0.1,0.1
212,97.5,4.033333333,3.15,0.25,0.15,0.125,0.2,0.15,0.125,0.1,0.1,0.1,0.1
213,97.5,4.566666667,3.525,0.25,0.125,0.1,0.2,0.15,0.1,0.1,0.1,0.1,0.1
214,97.6,5.133333333,3.925,0.275,0.1,0.1,0.2,0.15,0.1,0.1,0.1,0.1,0.1
215,97.9,5.433333333,4.05,0.2,0.1,0.1,0.1,0.1,0.1,0.1,0.1,0.1,0.1
216,98.1,5.9,4.35,0.1,0,0,0,0.025,0,0,0,0,0
217,98.3,6.5,4.8,0.1,0,0,0,0,0,0,0,0,0
218,98.2,7.166666667,5.325,0.025,0,0,0,0,0,0,0,0,0
219,98.5,7.9,5.825,0.025,0,0,0,0,0,0,0,0,0
220,98.6,8.6,6.325,0.05,0,0,0,0,0,0,0,0,0
221,98.6,9.4,6.9,0.075,0,0,0,0,0,0,0,0,0
222,98.7,10.1,7.4,0.125,0,0,0,0,0,0,0,0,0
223,98.7,11,8.05,0.425,0.1,0.1,0.075,0,0,0,0,0,0
224,98.6,11.63333333,8.6,0.65,0.2,0.1,0.1,0.1,0.1,0.1,0.1,0.1,0.1
225,98.6,12.13333333,8.95,0.875,0.275,0.2,0.1,0.1,0.1,0.1,0.1,0.1,0.1
226,98.6,12.53333333,9.25,1.05,0.375,0.2,0.15,0.1,0.1,0.1,0.1,0.1,0.1
227,98.7,12.83333333,9.475,1.225,0.45,0.225,0.2,0.1,0.1,0.1,0.1,0.1,0.1
228,98.8,12.86666667,9.5,1.4,0.5,0.275,0.2,0.1,0.1,0.1,0.1,0.1,0.1
229,98.8,12.73333333,9.3,1.5,0.575,0.3,0.2,0.175,0.1,0.1,0.1,0.1,0.1
230,98.9,12.5,9.125,1.6,0.65,0.35,0.25,0.2,0.1,0.1,0.1,0.1,0.1
231,99,12.26666667,8.925,1.725,0.75,0.4,0.3,0.2,0.15,0.1,0.1,0.1,0.1
232,99,12.06666667,8.775,1.9,0.85,0.475,0.375,0.25,0.2,0.125,0.1,0.1,0.1
233,98.9,11.76666667,8.625,2.025,0.975,0.575,0.425,0.3,0.2,0.2,0.1,0.1,0.1
234,98.8,11.46666667,8.425,2.15,1.1,0.675,0.5,0.375,0.3,0.2,0.2,0.175,0.1
235,98.8,11.2,8.2,2.3,1.225,0.775,0.6,0.4,0.3,0.275,0.2,0.2,0.1
236,98.8,10.93333333,7.95,2.4,1.35,0.875,0.675,0.5,0.4,0.3,0.225,0.2,0.2
237,98.6,10.63333333,7.75,2.525,1.475,0.975,0.775,0.575,0.45,0.375,0.3,0.25,0.2
238,98.5,10.36666667,7.6,2.625,1.6,1.075,0.875,0.675,0.5,0.4,0.35,0.3,0.225
239,98.5,10.23333333,7.475,2.75,1.75,1.25,1.025,0.775,0.6,0.5,0.4,0.375,0.3
240,98.5,10.16666667,7.425,2.9,1.925,1.375,1.175,0.9,0.725,0.6,0.5,0.4,0.4
241,98.6,10.16666667,7.425,3.025,2.1,1.55,1.325,1.025,0.85,0.7,0.6,0.5,0.425
242,98.7,10.13333333,7.4,3.15,2.2,1.675,1.45,1.15,0.95,0.8,0.675,0.6,0.5
243,99,10.1,7.325,3.225,2.325,1.8,1.575,1.25,1.05,0.9,0.75,0.675,0.6
244,98.9,10.1,7.35,3.35,2.5,1.9,1.7,1.375,1.175,1,0.85,0.75,0.65
245,98.9,10.33333333,7.575,3.55,2.7,2.1,1.875,1.55,1.325,1.15,0.975,0.875,0.775
246,98.9,10.83333333,8,3.825,2.925,2.35,2.1,1.775,1.525,1.325,1.15,1.025,0.9
247,98.9,11.23333333,8.325,4.05,3.125,2.55,2.3,1.95,1.675,1.475,1.275,1.15,1.05
248,99,11.6,8.55,4.225,3.3,2.7,2.5,2.075,1.825,1.6,1.375,1.275,1.15
249,99.1,11.86666667,8.75,4.4,3.45,2.825,2.625,2.25,1.95,1.7,1.5,1.375,1.225
250,99.1,12.33333333,9.125,4.625,3.7,3.025,2.8,2.4,2.1,1.85,1.65,1.5,1.35
251,99,13.1,9.625,4.9,3.925,3.25,3.05,2.6,2.325,2.075,1.825,1.675,1.525
252,98.8,13.93333333,10.225,5.225,4.225,3.525,3.3,2.85,2.55,2.275,2.025,1.875,1.7
253,98.8,14.7,10.825,5.55,4.425,3.75,3.525,3.05,2.75,2.475,2.225,2.05,1.875
254,98.8,15.4,11.325,5.825,4.7,4,3.75,3.275,2.95,2.675,2.375,2.2,2.025
255,98.8,16.13333333,11.925,6.125,5,4.225,4,3.5,3.15,2.85,2.575,2.375,2.2
256,98.8,17,12.525,6.45,5.225,4.5,4.25,3.75,3.375,3.05,2.775,2.575,2.375
257,98.7,17.9,13.225,6.825,5.525,4.75,4.525,4,3.6,3.275,2.975,2.775,2.575
258,98.6,18.9,13.95,7.225,5.875,5.025,4.8,4.25,3.85,3.525,3.225,3,2.8
259,98.6,19.8,14.675,7.6,6.2,5.3,5.1,4.525,4.1,3.775,3.45,3.2,3
260,98.6,20.56666667,15.25,7.9,6.4,5.525,5.3,4.725,4.275,3.95,3.625,3.375,3.175
261,98.7,20.93333333,15.525,7.975,6.525,5.65,5.425,4.875,4.4,4.05,3.7,3.475,3.275
262,98.8,21,15.675,8.025,6.6,5.725,5.525,4.925,4.5,4.075,3.8,3.575,3.375
263,98.8,21.26666667,15.9,8.175,6.725,5.8,5.625,5.05,4.6,4.175,3.875,3.675,3.45
264,98.7,21.73333333,16.175,8.35,6.875,5.95,5.775,5.15,4.7,4.275,3.975,3.775,3.55
265,98.7,22.26666667,16.575,8.5,7,6.1,5.9,5.3,4.825,4.45,4.125,3.9,3.675
266,98.7,22.76666667,16.975,8.7,7.2,6.225,6.075,5.45,5,4.575,4.25,4.025,3.8
267,98.5,23.16666667,17.325,8.9,7.3,6.35,6.2,5.575,5.1,4.675,4.35,4.125,3.9
268,98.5,23.43333333,17.525,9,7.375,6.4,6.25,5.65,5.15,4.775,4.425,4.175,3.975
269,98.5,23.56666667,17.675,9.025,7.45,6.475,6.3,5.7,5.2,4.825,4.45,4.225,4
270,98.4,23.83333333,17.9,9.125,7.5,6.55,6.4,5.775,5.3,4.875,4.525,4.3,4.075
271,98.2,24.13333333,18.2,9.25,7.6,6.65,6.475,5.85,5.325,4.95,4.6,4.35,4.125
272,98.2,24.33333333,18.325,9.3,7.65,6.65,6.5,5.875,5.375,4.975,4.625,4.375,4.15
273,98.2,24.33333333,18.3,9.25,7.6,6.65,6.475,5.875,5.325,4.95,4.575,4.35,4.125
274,98.2,24.23333333,18.225,9.2,7.6,6.6,6.45,5.825,5.3,4.925,4.55,4.325,4.1
275,98.2,24.23333333,18.25,9.2,7.575,6.6,6.45,5.825,5.3,4.925,4.55,4.325,4.1
276,98.2,24.4,18.4,9.25,7.575,6.625,6.45,5.825,5.3,4.925,4.575,4.325,4.1
277,98.2,24.5,18.525,9.25,7.6,6.65,6.45,5.85,5.3,4.925,4.575,4.325,4.1
278,98.2,24.6,18.55,9.25,7.6,6.625,6.45,5.85,5.3,4.925,4.55,4.3,4.1
279,98.1,24.63333333,18.6,9.25,7.55,6.625,6.45,5.85,5.3,4.9,4.525,4.3,4.1
280,98.1,24.66666667,18.675,9.25,7.55,6.625,6.45,5.85,5.3,4.9,4.525,4.3,4.1
281,98.1,24.83333333,18.925,9.25,7.6,6.625,6.45,5.85,5.3,4.9,4.525,4.3,4.1
282,98.1,24.93333333,19.075,9.275,7.575,6.625,6.45,5.825,5.3,4.9,4.525,4.3,4.1
283,97.9,24.93333333,19.1,9.275,7.55,6.625,6.45,5.825,5.25,4.875,4.5,4.25,4.025
284,97.9,24.96666667,19.075,9.275,7.55,6.55,6.4,5.775,5.2,4.825,4.5,4.225,4
285,97.9,25.06666667,19.15,9.275,7.55,6.575,6.375,5.775,5.2,4.825,4.45,4.2,4
286,97.9,25.2,19.2,9.275,7.55,6.55,6.375,5.75,5.2,4.775,4.425,4.2,3.975
287,97.9,25.16666667,19.225,9.225,7.5,6.5,6.35,5.725,5.15,4.75,4.375,4.175,3.95
288,97.9,25.16666667,19.275,9.175,7.45,6.5,6.3,5.65,5.1,4.7,4.325,4.1,3.9
289,97.9,25.23333333,19.3,9.175,7.45,6.45,6.3,5.65,5.1,4.7,4.325,4.1,3.9
290,97.9,25.36666667,19.45,9.2,7.45,6.475,6.3,5.65,5.1,4.7,4.325,4.1,3.9
291,97.9,25.53333333,19.6,9.225,7.425,6.45,6.3,5.65,5.1,4.675,4.325,4.075,3.9
292,98,25.53333333,19.6,9.2,7.425,6.4,6.25,5.625,5.1,4.625,4.275,4.025,3.85
293,98,25.56666667,19.625,9.2,7.4,6.4,6.25,5.625,5.075,4.6,4.25,4.025,3.8
294,98,25.63333333,19.725,9.2,7.425,6.4,6.25,5.625,5.075,4.65,4.275,4.025,3.8
295,97.9,25.9,19.95,9.225,7.425,6.4,6.25,5.625,5.075,4.65,4.275,4.025,3.8
296,98,25.93333333,20.075,9.225,7.425,6.4,6.25,5.625,5.05,4.65,4.25,4.025,3.8
297,98.2,25.93333333,20.125,9.225,7.425,6.4,6.25,5.6,5.05,4.625,4.25,4.025,3.8
298,98.1,25.93333333,20.125,9.225,7.35,6.4,6.225,5.6,5.025,4.625,4.25,4,3.8
299,98.1,25.93333333,20.1,9.2,7.35,6.35,6.225,5.575,5.025,4.575,4.225,4,3.8
300,98.1,25.93333333,20.1,9.15,7.35,6.35,6.225,5.575,5,4.575,4.2,4,3.8
301,98.1,26,20.125,9.15,7.375,6.35,6.25,5.575,5.025,4.575,4.225,4,3.8
302,98.1,26,20.25,9.175,7.425,6.4,6.25,5.6,5.025,4.625,4.225,4,3.825
303,98.1,26.03333333,20.325,9.175,7.4,6.4,6.25,5.65,5.1,4.65,4.25,4.025,3.85
304,98.1,26.13333333,20.4,9.2,7.475,6.425,6.3,5.65,5.1,4.675,4.325,4.1,3.875
305,98,26.33333333,20.55,9.3,7.475,6.525,6.4,5.75,5.2,4.75,4.4,4.15,3.925
306,98,26.53333333,20.75,9.425,7.6,6.6,6.475,5.85,5.3,4.85,4.45,4.2,4
307,98,26.6,21.025,9.525,7.7,6.7,6.6,5.95,5.325,4.925,4.55,4.275,4.1
308,98,26.93333333,21.125,9.6,7.8,6.8,6.675,6.025,5.425,5.025,4.625,4.375,4.2
309,98.1,27,21.225,9.65,7.85,6.825,6.725,6.1,5.5,5.075,4.7,4.45,4.25
310,98.1,27,21.3,9.65,7.875,6.875,6.775,6.15,5.575,5.1,4.75,4.475,4.3
311,98.2,27.03333333,21.325,9.675,7.9,6.95,6.825,6.225,5.625,5.175,4.825,4.55,4.35
312,98.2,27.06666667,21.4,9.75,7.95,7,6.925,6.3,5.725,5.25,4.875,4.65,4.45
313,98.1,27.23333333,21.6,9.85,8.125,7.1,7.05,6.425,5.825,5.375,5,4.75,4.55
314,98.1,27.33333333,21.75,9.95,8.225,7.225,7.175,6.55,5.925,5.5,5.125,4.85,4.675
315,98,27.23333333,21.675,9.95,8.2,7.25,7.2,6.575,6.025,5.55,5.175,4.9,4.75
316,98,27.16666667,21.625,9.95,8.225,7.275,7.25,6.625,6.025,5.6,5.25,4.975,4.8
317,97.9,27.23333333,21.725,10.05,8.325,7.4,7.425,6.8,6.225,5.75,5.375,5.125,4.95
318,97.9,27.5,22,10.175,8.5,7.575,7.575,6.975,6.4,5.95,5.525,5.275,5.125
319,97.9,27.6,22.05,10.275,8.6,7.65,7.7,7.1,6.525,6.05,5.65,5.425,5.25
320,97.9,27.6,22.075,10.35,8.75,7.75,7.85,7.225,6.675,6.2,5.8,5.55,5.375
321,97.9,27.93333333,22.4,10.6,8.95,7.975,8.05,7.45,6.9,6.425,6,5.75,5.6
322,98,28.33333333,22.85,10.825,9.15,8.25,8.3,7.725,7.125,6.7,6.25,5.975,5.85
323,98,28.43333333,22.95,10.95,9.25,8.35,8.45,7.875,7.325,6.85,6.425,6.125,6
324,98,28.3,22.775,10.95,9.3,8.35,8.525,7.95,7.4,6.9,6.475,6.225,6.075
325,98,28.2,22.65,10.925,9.35,8.45,8.55,8.025,7.5,7,6.575,6.3,6.2
326,98.1,28.1,22.625,10.95,9.45,8.55,8.675,8.15,7.625,7.125,6.725,6.475,6.35
327,98.1,28.1,22.7,11.1,9.55,8.65,8.9,8.35,7.825,7.325,6.9,6.65,6.5
328,98,28.2,22.9,11.25,9.75,8.85,9.1,8.55,8.025,7.525,7.125,6.85,6.75
329,98,28.4,23.175,11.425,9.95,9.05,9.35,8.8,8.25,7.775,7.35,7.1,7
330,98,28.7,23.45,11.65,10.15,9.25,9.55,9.05,8.525,8.025,7.6,7.325,7.225
331,98,28.9,23.625,11.825,10.35,9.45,9.75,9.25,8.75,8.25,7.825,7.575,7.475
332,98,28.93333333,23.625,11.925,10.475,9.575,9.95,9.45,8.925,8.425,8,7.725,7.625
333,98,28.83333333,23.6,12,10.55,9.7,10.05,9.55,9.025,8.55,8.125,7.875,7.775
334,97.9,28.83333333,23.575,12.025,10.65,9.85,10.2,9.725,9.2,8.7,8.3,8.025,7.925
335,98,28.86666667,23.725,12.2,10.825,10,10.4,9.95,9.425,8.925,8.5,8.275,8.175
336,98,29.03333333,23.9,12.4,11.025,10.175,10.625,10.15,9.65,9.15,8.75,8.5,8.425
337,98.1,29.1,23.975,12.55,11.2,10.35,10.825,10.35,9.85,9.35,8.95,8.725,8.625
338,98.1,29.13333333,24.025,12.65,11.325,10.55,11,10.55,10.05,9.575,9.15,8.925,8.85
339,98.1,29.26666667,24.15,12.825,11.525,10.75,11.225,10.825,10.3,9.825,9.4,9.15,9.1
340,98.1,29.5,24.35,13.025,11.725,10.975,11.475,11.05,10.575,10.1,9.65,9.425,9.375
341,98.1,29.73333333,24.625,13.275,12,11.225,11.725,11.35,10.875,10.375,9.95,9.725,9.675
342,98.1,29.86666667,24.825,13.475,12.225,11.425,12,11.575,11.175,10.65,10.25,10,9.925
343,98,29.86666667,24.725,13.55,12.3,11.55,12.125,11.75,11.3,10.85,10.375,10.15,10.125
344,98,29.6,24.575,13.55,12.325,11.575,12.175,11.775,11.375,10.925,10.45,10.275,10.225
345,97.9,29.4,24.45,13.55,12.325,11.65,12.2,11.875,11.45,10.975,10.525,10.325,10.3
346,97.9,29.43333333,24.475,13.7,12.525,11.8,12.425,12.125,11.65,11.175,10.75,10.625,10.575
347,97.9,29.7,24.7,13.925,12.775,12.075,12.7,12.425,11.95,11.525,11.075,10.9,10.85
348,97.9,29.83333333,24.875,14.125,13.025,12.3,13,12.65,12.25,11.8,11.35,11.15,11.125
349,97.9,29.9,24.975,14.325,13.2,12.525,13.225,12.9,12.5,12.05,11.625,11.425,11.4
350,97.8,30.03333333,25.25,14.525,13.425,12.75,13.475,13.15,12.725,12.3,11.85,11.65,11.65
351,97.9,30.36666667,25.3,14.725,13.65,12.95,13.75,13.425,13.025,12.55,12.15,11.95,11.925
352,97.9,30.4,25.35,14.9,13.8,13.2,13.975,13.6,13.225,12.8,12.35,12.2,12.2
353,97.9,30.46666667,25.375,15.025,13.925,13.45,14.1,13.825,13.475,13,12.55,12.4,12.375
354,97.9,30.53333333,25.525,15.2,14.2,13.55,14.35,14,13.65,13.225,12.8,12.65,12.6
355,97.4,30.5,25.5,15.3,14.275,13.6,14.5,14.2,13.8,13.475,13,12.75,12.7
356,97.4,30.43333333,25.45,15.3,14.3,13.75,14.5,14.225,13.9,13.475,13,12.775,12.775
357,97.4,30.43333333,25.4,15.325,14.4,13.8,14.55,14.3,13.975,13.55,13.1,12.925,12.875
358,97.4,30.53333333,25.525,15.6,14.6,14,14.85,14.675,14.3,13.875,13.375,13.225,13.325
359,97.5,30.6,25.7,15.75,14.85,14.15,15.025,14.825,14.5,14.1,13.575,13.5,13.6
360,97.4,30.3,25.35,15.75,14.75,14.175,15.05,14.825,14.525,14.075,13.575,13.5,13.525
361,97.4,29.83333333,24.7,15.55,14.575,14.125,15,14.75,14.325,13.875,13.475,13.35,13.4
362,97.4,29.63333333,24.6,15.4,14.6,14.125,14.95,14.725,14.325,13.875,13.45,13.35,13.375
363,97.4,29.63333333,24.65,15.525,14.725,14.325,15.15,14.925,14.575,14,13.65,13.575,13.525
364,97.3,29.7,24.875,15.825,15,14.525,15.425,15.175,14.9,14.275,13.9,13.85,13.85
365,97.3,29.76666667,25.05,16.05,15.225,14.75,15.65,15.425,15.15,14.575,14.175,14.125,14.125
366,97.3,29.9,25.15,16.2,15.4,14.9,15.825,15.625,15.35,14.775,14.35,14.35,14.3
367,97.5,30,25.325,16.35,15.55,15.05,16,15.825,15.6,15,14.525,14.55,14.45
368,97.5,30.16666667,25.45,16.6,15.775,15.275,16.275,16.05,15.75,15.25,14.825,14.8,14.775
369,97.4,30.23333333,25.6,16.825,15.95,15.575,16.525,16.25,16.025,15.5,15.05,15.05,15
370,97.4,30.33333333,25.65,16.925,16.15,15.75,16.65,16.4,16.225,15.675,15.225,15.225,15.2
371,97.5,30.33333333,25.675,17.025,16.275,15.85,16.8,16.6,16.375,15.8,15.4,15.425,15.375
372,97.6,30.43333333,25.725,17.15,16.425,16.05,17.05,16.75,16.525,16.075,15.675,15.65,15.6
373,97.6,30.6,25.85,17.45,16.7,16.25,17.3,16.975,16.775,16.35,15.9,15.85,15.875
374,97.6,30.63333333,25.925,17.6,16.875,16.45,17.5,17.2,16.975,16.6,16.15,16.05,16.1
375,97.5,30.63333333,25.95,17.625,16.9,16.475,17.5,17.3,17.05,16.7,16.2,16.125,16.15
376,97.2,30.3,25.575,17.575,16.825,16.475,17.425,17.225,17.025,16.625,16.15,16.15,16.075
377,97.2,29.93333333,25.35,17.4,16.725,16.475,17.375,17.2,16.875,16.45,16.025,16.15,16.05
378,97.2,29.66666667,25.2,17.35,16.725,16.475,17.4,17.225,16.95,16.45,16.05,16.15,16.05
379,97.2,29.66666667,25.25,17.4,16.85,16.55,17.5,17.325,17.1,16.675,16.15,16.275,16.225
380,97.2,29.76666667,25.375,17.675,17.075,16.75,17.775,17.575,17.4,16.925,16.425,16.55,16.45
381,97.1,29.86666667,25.45,17.9,17.3,16.975,18.025,17.825,17.575,17.125,16.7,16.75,16.725
382,97.1,29.86666667,25.45,18.05,17.375,17.075,18.175,17.925,17.65,17.275,16.775,16.9,16.8
383,97.1,29.86666667,25.425,18.075,17.375,17.075,18.175,17.95,17.675,17.3,16.825,16.925,16.85
384,97.1,29.83333333,25.425,18.175,17.5,17.15,18.2,18.1,17.775,17.425,16.95,16.975,16.925
385,97.1,29.83333333,25.425,18.275,17.6,17.275,18.275,18.15,17.9,17.475,17.025,17.1,17.025
386,97.1,29.8,25.4,18.3,17.65,17.325,18.425,18.175,17.95,17.575,17.15,17.175,17.125
387,97.2,29.8,25.375,18.35,17.75,17.375,18.475,18.3,18.05,17.625,17.2,17.35,17.275
388,97.2,29.8,25.425,18.55,17.925,17.675,18.65,18.55,18.325,17.85,17.4,17.575,17.45
389,97.2,29.76666667,25.525,18.75,18.175,17.8,18.925,18.75,18.525,18.2,17.625,17.725,17.725
390,97.1,30.3,26.1,19.35,18.65,18.325,19.425,19.25,19.075,18.725,18.175,18.3,18.275
391,97.1,30.56666667,26.225,19.475,18.9,18.6,19.725,19.375,19.3,18.925,18.35,18.55,18.425
392,96.8,30.7,26.4,19.625,19.025,18.8,19.825,19.55,19.55,19.05,18.625,18.675,18.625
393,96.9,30.76666667,26.4,19.7,19.125,18.9,19.95,19.725,19.625,19.175,18.65,18.8,18.75
394,97.4,30.76666667,26.4,19.75,19.15,18.975,20,19.85,19.675,19.175,18.725,18.925,18.775
395,97.5,30.8,26.475,19.85,19.375,19.1,20.15,19.975,19.725,19.35,18.825,19.075,18.9
396,97.6,30.93333333,26.55,20.025,19.5,19.3,20.45,20.175,19.95,19.475,19.05,19.25,19.2
397,97.6,30.93333333,26.675,20.225,19.675,19.425,20.55,20.4,20.125,19.625,19.225,19.45,19.35
398,97.5,30.96666667,26.675,20.375,19.825,19.525,20.725,20.525,20.25,19.775,19.4,19.65,19.475
399,97.5,31.03333333,26.725,20.5,19.9,19.725,20.85,20.7,20.325,19.925,19.525,19.775,19.6
400,97.5,31.13333333,26.775,20.675,20.125,19.9,21.025,20.825,20.5,20.075,19.7,19.9,19.775
401,97.4,31.2,26.95,20.8,20.3,20.075,21.15,21.025,20.725,20.275,19.95,20.075,19.975
402,97.3,31.33333333,26.975,20.9,20.4,20.175,21.275,21.15,20.925,20.425,20.075,20.275,20.15
403,97.3,31.33333333,26.95,20.975,20.45,20.2,21.4,21.25,20.95,20.475,20.1,20.325,20.175
404,97.3,31.33333333,26.9,20.975,20.45,20.2,21.4,21.25,20.95,20.475,20.1,20.375,20.175
405,97.4,31.26666667,26.825,20.975,20.475,20.225,21.45,21.275,20.975,20.475,20.15,20.4,20.175
406,97.4,31.23333333,26.85,21.15,20.55,20.4,21.5,21.375,21.05,20.575,20.25,20.45,20.3
407,97.7,31.23333333,26.975,21.275,20.725,20.5,21.7,21.5,21.225,20.675,20.4,20.6,20.45
408,97.7,31.23333333,27.025,21.425,20.9,20.65,21.9,21.675,21.35,20.95,20.55,20.85,20.6
409,97.7,31.23333333,27.025,21.525,20.975,20.75,22,21.725,21.45,21.05,20.6,20.9,20.725
410,97.7,31.23333333,27.025,21.525,21.025,20.75,22.025,21.775,21.525,21.075,20.7,20.95,20.75
411,97.7,31.23333333,27,21.6,21.05,20.85,22.05,21.9,21.6,21.125,20.7,21.05,20.85
412,97.7,31.23333333,27.025,21.7,21.2,21,22.2,22.075,21.75,21.325,20.85,21.15,21.05
413,97.7,31.26666667,27.05,21.8,21.35,21.075,22.325,22.125,21.85,21.45,21.05,21.275,21.125
414,97.7,31.26666667,27.075,21.925,21.45,21.2,22.45,22.225,21.975,21.525,21.125,21.425,21.25
415,97.7,31.3,27.15,22.025,21.575,21.325,22.55,22.375,22.025,21.675,21.3,21.625,21.425
416,97.7,31.3,27.225,22.175,21.7,21.45,22.7,22.475,22.175,21.775,21.425,21.8,21.575
417,97.8,31.43333333,27.4,22.325,21.85,21.55,22.875,22.675,22.35,21.95,21.575,21.9,21.7
418,97.8,31.46666667,27.475,22.475,22,21.725,23.025,22.8,22.5,22.125,21.7,22.075,21.875
419,97.8,31.56666667,27.575,22.625,22.125,21.85,23.15,22.975,22.675,22.25,21.9,22.2,22
420,98,31.6,27.575,22.725,22.225,21.925,23.25,23.05,22.75,22.35,21.95,22.325,22.05
421,98,31.56666667,27.575,22.725,22.2,21.925,23.275,23.075,22.8,22.35,21.95,22.325,22.05
422,98,31.5,27.55,22.725,22.25,21.975,23.325,23.15,22.825,22.35,22,22.35,22.1
423,98,31.5,27.5,22.775,22.35,22.05,23.4,23.225,22.9,22.45,22.1,22.475,22.15
424,97.9,31.46666667,27.5,22.875,22.4,22.075,23.45,23.325,22.925,22.5,22.15,22.5,22.2
425,98,31.43333333,27.475,22.9,22.4,22.175,23.5,23.325,22.95,22.5,22.15,22.5,22.225
426,97.9,31.36666667,27.475,22.925,22.45,22.25,23.6,23.375,23,22.55,22.225,22.55,22.275
427,98,31.33333333,27.475,22.95,22.5,22.35,23.6,23.4,23.05,22.6,22.225,22.7,22.325
428,97.9,31.33333333,27.475,22.975,22.575,22.45,23.65,23.55,23.175,22.675,22.3,22.725,22.375
429,98,31.33333333,27.475,23.1,22.7,22.475,23.775,23.625,23.325,22.75,22.425,22.825,22.525
430,97.9,31.3,27.5,23.15,22.8,22.55,23.825,23.725,23.375,22.9,22.525,22.925,22.6
431,97.9,31.3,27.55,23.325,22.9,22.65,23.9,23.8,23.475,23.025,22.6,23.1,22.675
432,97.9,31.33333333,27.625,23.45,23.025,22.725,24.05,23.9,23.55,23.075,22.75,23.15,22.775
433,97.7,31.33333333,27.7,23.525,23.075,22.8,24.225,24,23.65,23.15,22.9,23.25,22.925
434,97.8,31.4,27.7,23.6,23.125,22.875,24.3,24.1,23.75,23.275,22.925,23.35,23.025
435,98,31.43333333,27.75,23.675,23.2,22.95,24.375,24.2,23.825,23.375,23.025,23.475,23.125
436,98,31.43333333,27.775,23.775,23.325,23.05,24.5,24.325,23.95,23.5,23.15,23.525,23.2
437,97.9,31.46666667,27.85,23.875,23.475,23.175,24.55,24.425,24.1,23.6,23.275,23.725,23.325
438,97.9,31.56666667,27.95,23.975,23.525,23.275,24.675,24.55,24.2,23.725,23.375,23.8,23.45
439,98.1,31.6,27.975,24.075,23.675,23.35,24.85,24.675,24.325,23.85,23.525,23.925,23.525
440,98.1,31.63333333,28.075,24.125,23.75,23.475,24.925,24.775,24.4,23.975,23.625,24.025,23.725
441,98.1,31.66666667,28.125,24.2,23.775,23.525,25.025,24.8,24.5,24,23.65,24.075,23.725
442,98,31.6,28.125,24.25,23.8,23.525,25.05,24.875,24.55,24,23.675,24.125,23.75
443,98,31.6,28.15,24.325,23.875,23.65,25.15,24.975,24.6,24.075,23.775,24.2,23.825
444,98,31.66666667,28.25,24.425,24.05,23.775,25.225,25.025,24.7,24.2,23.9,24.275,23.925
445,97.9,31.7,28.325,24.575,24.175,23.9,25.35,25.2,24.85,24.375,24,24.4,24.025
446,98,31.8,28.35,24.675,24.275,23.975,25.475,25.325,25,24.5,24.1,24.525,24.175
447,98,31.8,28.35,24.75,24.3,24.075,25.55,25.375,25.025,24.575,24.175,24.625,24.2
448,98,31.8,28.35,24.825,24.325,24.1,25.625,25.425,25.05,24.6,24.2,24.625,24.25
449,98,31.8,28.375,24.875,24.375,24.175,25.7,25.525,25.1,24.65,24.25,24.725,24.375
450,98,31.8,28.45,24.95,24.475,24.25,25.75,25.625,25.2,24.725,24.375,24.825,24.4
451,98,31.9,28.5,25.075,24.575,24.375,25.85,25.7,25.3,24.8,24.475,24.925,24.525
452,98,31.9,28.525,25.15,24.725,24.45,25.975,25.825,25.4,24.9,24.6,24.975,24.575
453,98,31.9,28.525,25.2,24.75,24.525,26.025,25.875,25.5,24.95,24.6,25,24.7
454,98,31.9,28.525,25.275,24.8,24.6,26.125,25.925,25.55,25,24.65,25.1,24.725
455,98,31.9,28.65,25.4,24.925,24.7,26.275,26.075,25.7,25.175,24.8,25.175,24.825
456,98,32.03333333,28.8,25.525,25.075,24.825,26.425,26.225,25.8,25.3,24.975,25.325,24.975
457,98,32.13333333,28.95,25.675,25.25,24.975,26.6,26.425,25.975,25.525,25.15,25.5,25.175
458,98,32.36666667,29.1,25.9,25.425,25.15,26.75,26.6,26.2,25.7,25.35,25.65,25.375
459,98,32.43333333,29.225,25.975,25.55,25.275,26.9,26.725,26.3,25.8,25.45,25.75,25.5
460,98.1,32.4,29.2,25.975,25.55,25.275,26.9,26.725,26.3,25.8,25.4,25.75,25.475
461,98,32.3,29.125,25.95,25.525,25.275,26.875,26.725,26.3,25.75,25.3,25.725,25.425
462,98,32.33333333,29.1,25.95,25.55,25.325,26.875,26.75,26.3,25.775,25.35,25.75,25.4
463,97.9,32.36666667,29.15,26.075,25.6,25.45,26.975,26.9,26.375,25.85,25.475,25.825,25.475
464,97.9,32.4,29.2,26.225,25.7,25.5,27.15,27.025,26.575,25.975,25.6,25.975,25.65
465,97.9,32.5,29.3,26.3,25.875,25.625,27.275,27.175,26.7,26.075,25.7,26.05,25.8
466,97.8,32.56666667,29.325,26.375,25.925,25.725,27.325,27.25,26.775,26.175,25.825,26.125,25.85
467,97.8,32.6,29.375,26.45,26,25.825,27.425,27.325,26.9,26.25,25.9,26.2,25.85
468,97.8,32.66666667,29.4,26.5,26.025,25.875,27.45,27.35,26.9,26.325,25.9,26.275,25.875
469,97.8,32.7,29.5,26.575,26.125,25.95,27.55,27.45,27.025,26.4,26,26.35,25.975
470,97.8,32.76666667,29.6,26.725,26.2,26.125,27.7,27.6,27.175,26.475,26.125,26.475,26.075
471,97.8,32.86666667,29.75,26.875,26.325,26.225,27.85,27.7,27.375,26.6,26.275,26.6,26.25
472,97.8,33.06666667,29.85,26.95,26.5,26.35,27.95,27.9,27.45,26.7,26.35,26.725,26.4
473,97.9,33.2,29.95,27.05,26.6,26.45,28.05,27.975,27.575,26.875,26.45,26.8,26.5
474,97.9,33.2,29.975,27.2,26.65,26.55,28.225,28.075,27.675,26.975,26.55,26.9,26.6
475,97.9,33.33333333,30.075,27.375,26.825,26.675,28.4,28.225,27.8,27.1,26.65,27.025,26.725
476,97.9,33.46666667,30.275,27.525,26.875,26.775,28.55,28.35,27.975,27.2,26.85,27.15,26.9
477,97.9,33.56666667,30.35,27.6,27.025,26.85,28.675,28.5,28.15,27.375,27,27.25,27.025
478,97.9,33.63333333,30.475,27.7,27.15,27.025,28.775,28.6,28.275,27.5,27.1,27.375,27.1
479,97.9,33.83333333,30.6,27.925,27.275,27.125,28.9,28.8,28.35,27.675,27.225,27.55,27.225
480,97.9,34.1,30.95,28.15,27.475,27.4,29.275,29.125,28.625,28,27.5,27.8,27.475
481,98,34.53333333,31.35,28.525,27.875,27.75,29.65,29.525,29.1,28.4,27.925,28.2,27.9
482,97.9,34.86666667,31.8,28.95,28.25,28.05,30,29.95,29.5,28.8,28.275,28.525,28.3
483,98,34.9,31.85,29.025,28.3,28.1,30.125,30.05,29.6,28.85,28.35,28.6,28.425
484,98.1,34.63333333,31.475,28.75,28.025,27.95,29.825,29.725,29.25,28.525,28.025,28.35,28.075
485,98.1,34.4,31.225,28.55,27.9,27.85,29.65,29.525,29.1,28.3,27.825,28.175,27.85
486,98,34.46666667,31.325,28.625,28.025,27.95,29.8,29.7,29.2,28.45,27.925,28.3,27.95
487,98,34.56666667,31.4,28.725,28.125,28.05,29.9,29.85,29.3,28.5,27.975,28.375,28.05
488,98,34.56666667,31.4,28.75,28.125,28.05,29.9,29.825,29.3,28.5,28,28.4,28.025
489,98,34.63333333,31.5,28.775,28.2,28.15,30,29.875,29.4,28.575,28.025,28.475,28.05
490,97.9,34.9,31.775,29.05,28.475,28.425,30.3,30.125,29.675,28.85,28.4,28.725,28.375
491,97.9,34.96666667,31.9,29.15,28.575,28.45,30.4,30.225,29.75,28.95,28.425,28.8,28.5
492,97.9,34.86666667,31.675,29.075,28.4,28.45,30.325,30.15,29.575,28.775,28.275,28.7,28.325
493,97.9,34.8,31.65,29.05,28.45,28.475,30.3,30.15,29.45,28.8,28.275,28.7,28.3
494,97.9,35.03333333,31.85,29.2,28.65,28.65,30.45,30.4,29.7,28.975,28.5,28.825,28.525
495,97.8,35.26666667,32.175,29.475,28.85,28.9,30.75,30.7,30.05,29.25,28.8,29.125,28.75
496,97.8,35.4,32.3,29.625,28.975,29,30.9,30.875,30.35,29.375,28.875,29.275,28.95
497,97.8,35.46666667,32.35,29.675,29.025,29.1,31.05,30.925,30.4,29.4,28.875,29.275,28.95
498,97.8,35.53333333,32.375,29.75,29.05,29.15,31.05,30.975,30.45,29.45,28.9,29.275,28.95
499,97.8,35.6,32.45,29.85,29.125,29.225,31.2,31.075,30.575,29.5,28.975,29.35,29.025
500,97.8,35.7,32.65,29.95,29.3,29.4,31.35,31.225,30.7,29.625,29.125,29.45,29.125
501,97.8,35.86666667,32.8,30.15,29.45,29.5,31.525,31.4,30.85,29.75,29.25,29.6,29.35
502,97.8,36.03333333,33,30.35,29.6,29.625,31.675,31.6,31.075,29.95,29.425,29.725,29.475
503,97.8,36.13333333,33.1,30.475,29.75,29.75,31.875,31.8,31.2,30.075,29.525,29.85,29.65
504,97.8,36.2,33.25,30.575,29.85,29.85,31.925,31.9,31.325,30.2,29.65,29.975,29.75
505,97.8,36.33333333,33.35,30.7,29.95,29.95,32.075,32.025,31.425,30.3,29.725,30.1,29.85
506,97.8,36.56666667,33.525,30.9,30.1,30.1,32.275,32.175,31.625,30.45,29.925,30.225,30.025
507,97.9,36.7,33.725,31.1,30.25,30.25,32.5,32.35,31.825,30.625,30.1,30.4,30.15
508,97.9,36.83333333,33.85,31.225,30.375,30.4,32.6,32.525,31.975,30.75,30.225,30.525,30.3
509,97.9,36.9,33.95,31.325,30.5,30.5,32.75,32.65,32.05,30.825,30.275,30.65,30.425
510,97.8,37.03333333,34.05,31.425,30.6,30.6,32.825,32.725,32.15,30.95,30.325,30.7,30.45
511,97.8,37.13333333,34.1,31.475,30.625,30.675,32.9,32.825,32.225,31.05,30.425,30.775,30.55
512,97.8,37.13333333,34.125,31.475,30.7,30.75,32.975,32.85,32.225,31.05,30.45,30.775,30.575
513,97.7,37.2,34.2,31.575,30.8,30.8,33.025,32.925,32.325,31.125,30.525,30.825,30.65
514,97.8,37.4,34.4,31.775,30.925,30.975,33.2,33.1,32.525,31.25,30.7,31,30.825
515,97.8,37.7,34.7,32,31.1,31.15,33.45,33.375,32.775,31.475,30.9,31.2,31.025
516,97.8,37.86666667,34.825,32.175,31.25,31.325,33.625,33.6,32.975,31.675,31.1,31.35,31.225
517,97.9,37.9,34.875,32.175,31.3,31.35,33.675,33.625,33,31.775,31.125,31.425,31.25
518,97.9,37.9,34.8,32.15,31.275,31.325,33.6,33.55,32.925,31.7,31.05,31.35,31.175
519,97.8,37.76666667,34.825,32.075,31.25,31.325,33.55,33.5,32.925,31.65,31.05,31.35,31.15
520,97.8,37.8,34.875,32.15,31.35,31.425,33.625,33.625,32.95,31.725,31.075,31.475,31.15
521,97.8,38.06666667,35.05,32.375,31.525,31.6,33.875,33.85,33.225,31.95,31.275,31.575,31.4
522,97.8,38.4,35.375,32.625,31.775,31.825,34.2,34.125,33.525,32.2,31.525,31.85,31.65
523,97.8,38.66666667,35.7,32.925,31.975,32.025,34.5,34.475,33.8,32.45,31.725,32.075,31.975
524,97.7,38.86666667,35.925,33.125,32.15,32.2,34.7,34.675,34.1,32.6,31.875,32.325,32.125
525,97.9,39.16666667,36.2,33.3,32.3,32.425,34.825,34.85,34.225,32.775,32.125,32.5,32.275
526,97.9,39.23333333,36.25,33.5,32.475,32.575,35.1,35.025,34.4,32.9,32.325,32.6,32.45
527,97.9,39.2,36.225,33.375,32.45,32.45,34.975,34.9,34.35,32.8,32.2,32.475,32.4
528,97.8,38.66666667,35.675,33.025,32.05,32.2,34.525,34.45,33.9,32.325,31.75,32.25,31.9
529,97.8,38.43333333,35.375,32.825,31.875,32.075,34.325,34.25,33.575,32.175,31.6,32.1,31.65
530,97.8,38.66666667,35.725,33,32.125,32.275,34.475,34.425,33.85,32.475,31.775,32.275,31.9
531,97.7,39.03333333,36.125,33.275,32.325,32.5,34.9,34.8,34.175,32.7,32.05,32.425,32.225
532,97.7,39.1,36.175,33.275,32.4,32.5,35,34.85,34.25,32.7,32.025,32.45,32.25
533,97.7,39.06666667,36.075,33.275,32.4,32.5,34.925,34.8,34.15,32.675,32,32.45,32.15
534,97.8,39.1,36.1,33.275,32.45,32.6,34.95,34.9,34.2,32.7,32.025,32.5,32.175
535,97.8,39.2,36.325,33.375,32.6,32.75,35.15,35.025,34.275,32.9,32.125,32.675,32.25
536,97.7,39.23333333,36.375,33.45,32.6,32.825,35.15,35.125,34.325,32.95,32.2,32.7,32.35
537,97.7,39.53333333,36.55,33.65,32.875,33,35.275,35.325,34.5,33.1,32.4,32.9,32.45
538,97.6,39.86666667,37.075,34.05,33.175,33.375,35.775,35.65,35,33.475,32.85,33.275,32.9
539,97.6,40.33333333,37.5,34.4,33.525,33.6,36.15,36.05,35.45,33.8,33.125,33.525,33.275
540,97.6,40.3,37.5,34.375,33.475,33.525,36.175,36.075,35.45,33.8,33,33.425,33.125
541,97.6,40,37.05,34.125,33.175,33.325,35.9,35.775,35.075,33.425,32.675,33.2,32.75
542,97.6,39.8,36.8,33.85,32.975,33.225,35.6,35.575,34.875,33.25,32.475,32.975,32.55
543,97.7,39.8,36.85,33.85,33,33.225,35.575,35.55,34.875,33.225,32.475,32.975,32.575
544,97.7,39.9,37,34,33.1,33.375,35.775,35.65,34.925,33.325,32.65,33.075,32.75
545,97.7,40.13333333,37.225,34.25,33.3,33.45,35.9,35.825,35.6,33.5,32.825,33.175,32.925
546,97.7,40.2,37.225,34.3,33.35,33.45,36,35.875,35.375,33.55,32.825,33.175,32.975
547,97.7,40.16666667,37.225,34.275,33.35,33.45,35.975,35.875,35.325,33.5,32.775,33.225,32.95
548,97.6,40.13333333,37.3,34.275,33.35,33.5,35.975,35.875,35.3,33.55,32.825,33.275,32.975
549,97.6,40.33333333,37.575,34.45,33.525,33.675,36.1,36.05,35.45,33.625,33.05,33.5,33.125
550,97.6,40.63333333,37.825,34.675,33.725,33.875,36.375,36.35,35.65,33.9,33.175,33.625,33.325
551,97.7,40.83333333,38,34.825,33.9,34.025,36.6,36.425,35.825,34,33.325,33.75,33.425
552,97.7,40.93333333,38.025,34.825,33.925,34.1,36.65,36.5,35.9,34.025,33.325,33.775,33.5
553,97.8,40.93333333,38.05,34.825,33.925,34.1,36.65,36.5,35.875,34.025,33.35,33.775,33.45
554,97.8,41,38.15,34.925,34,34.15,36.7,36.55,35.9,34.05,33.375,33.825,33.525
555,97.8,41.1,38.35,35,34.1,34.2,36.75,36.65,35.95,34.125,33.4,33.925,33.6
556,97.9,41.26666667,38.475,35.1,34.175,34.375,36.9,36.75,36.1,34.25,33.45,34,33.675
557,98,41.36666667,38.6,35.15,34.275,34.475,36.975,36.875,36.175,34.275,33.55,34.125,33.775
558,97.9,41.53333333,38.775,35.375,34.375,34.575,37.1,37,36.325,34.425,33.625,34.175,33.85
559,97.9,41.7,38.95,35.475,34.425,34.625,37.2,37,36.4,34.5,33.75,34.225,33.95
560,97.9,42.23333333,39.325,35.825,34.75,34.975,37.675,37.425,36.825,34.8,33.95,34.6,34.2
561,98,42.46666667,39.475,36.05,34.9,35.15,37.9,37.75,37.05,35,34.2,34.825,34.3
562,98,42.6,39.625,36.175,35.05,35.3,38.075,37.9,37.175,35.15,34.3,35,34.4
563,98,42.96666667,39.8,36.375,35.25,35.45,38.3,38.125,37.4,35.3,34.5,35.15,34.625
564,97.9,43.03333333,39.925,36.525,35.35,35.55,38.35,38.2,37.5,35.375,34.55,35.275,34.725
565,98,43.06666667,40,36.575,35.325,35.575,38.35,38.175,37.5,35.375,34.55,35.225,34.625
566,98,43,40,36.5,35.3,35.55,38.325,38.1,37.4,35.325,34.475,35.15,34.6
567,98,43,40.075,36.475,35.3,35.55,38.275,38.1,37.35,35.3,34.45,35.15,34.575
568,98,43.13333333,40.225,36.6,35.325,35.65,38.35,38.25,37.4,35.35,34.5,35.2,34.65
569,98,43.4,40.4,36.775,35.5,35.75,38.55,38.275,37.625,35.5,34.625,35.325,34.75
570,98,43.46666667,40.45,36.825,35.525,35.8,38.55,38.325,37.65,35.525,34.675,35.375,34.75
571,97.9,43.46666667,40.5,36.875,35.5,35.8,38.575,38.3,37.675,35.525,34.625,35.35,34.725
572,98,43.46666667,40.5,36.85,35.5,35.8,38.525,38.25,37.575,35.5,34.575,35.325,34.7
573,98,43.43333333,40.5,36.8,35.5,35.775,38.45,38.225,37.55,35.5,34.55,35.275,34.675
574,98,43.43333333,40.5,36.8,35.5,35.75,38.475,38.2,37.525,35.45,34.55,35.25,34.675
575,98,43.43333333,40.5,36.8,35.425,35.75,38.475,38.2,37.475,35.4,34.5,35.2,34.625
576,98,43.4,40.5,36.7,35.4,35.725,38.4,38.125,37.375,35.35,34.475,35.175,34.55
577,98,43.43333333,40.6,36.7,35.4,35.725,38.4,38.1,37.375,35.325,34.475,35.2,34.525
578,97.9,43.5,40.65,36.75,35.4,35.75,38.4,38.1,37.425,35.35,34.45,35.2,34.575
579,97.9,43.63333333,40.775,36.825,35.4,35.775,38.45,38.2,37.475,35.4,34.475,35.225,34.625
580,98,43.8,40.925,36.925,35.5,35.875,38.525,38.275,37.575,35.45,34.525,35.25,34.675
581,98,43.93333333,41.05,37.025,35.575,35.925,38.575,38.3,37.6,35.475,34.55,35.325,34.725
582,98,44,41.2,37.075,35.625,35.925,38.675,38.3,37.675,35.525,34.6,35.375,34.725
583,98.1,44.1,41.275,37.15,35.675,36,38.75,38.45,37.75,35.6,34.6,35.4,34.75
584,98.2,44.16666667,41.375,37.25,35.725,36.05,38.75,38.475,37.825,35.65,34.65,35.4,34.825
585,98.2,44.3,41.525,37.325,35.8,36.1,38.85,38.5,37.85,35.675,34.7,35.475,34.825
586,98.2,44.5,41.675,37.4,35.875,36.175,38.85,38.575,37.95,35.7,34.75,35.475,34.925
587,98.1,44.56666667,41.825,37.4,35.925,36.2,38.95,38.675,38,35.75,34.825,35.575,35
588,98,44.6,41.85,37.475,35.95,36.225,38.975,38.7,38.025,35.775,34.8,35.575,35
589,98.1,44.7,41.875,37.5,35.95,36.225,38.975,38.675,38.025,35.775,34.8,35.575,34.95
590,98.1,44.7,41.9,37.475,35.95,36.2,38.975,38.675,38,35.725,34.8,35.575,34.95
591,98.1,44.76666667,41.925,37.5,35.925,36.25,38.975,38.675,38,35.75,34.8,35.575,34.95
592,98.1,44.9,42.15,37.6,36.025,36.25,39.025,38.75,38.05,35.8,34.825,35.65,35.05
593,98.1,45.1,42.325,37.675,36.1,36.375,39.1,38.825,38.225,35.925,34.925,35.725,35.15
594,98.1,45.2,42.5,37.8,36.225,36.425,39.225,38.875,38.25,35.975,35,35.775,35.225
595,98.1,45.26666667,42.6,37.8,36.25,36.45,39.25,38.925,38.3,36,35,35.8,35.25
596,98.2,45.23333333,42.55,37.775,36.2,36.425,39.2,38.85,38.25,35.875,34.875,35.7,35.2
597,98.1,45.03333333,42.425,37.55,36.025,36.275,39,38.575,37.95,35.725,34.7,35.55,34.95
598,98.1,44.96666667,42.4,37.425,35.925,36.25,38.9,38.45,37.85,35.675,34.625,35.45,34.825
599,98,45,42.45,37.55,35.95,36.25,38.925,38.475,37.875,35.8,34.65,35.475,34.825
600,98,45.3,42.7,37.625,36.05,36.375,39.075,38.625,37.975,35.85,34.825,35.6,34.95
601,98.1,45.6,42.875,37.925,36.2,36.475,39.3,38.85,38.25,36.05,35.025,35.75,35.175
602,98.1,45.83333333,43.225,38.075,36.375,36.675,39.5,39.05,38.425,36.125,35.075,35.875,35.35
603,98.2,45.93333333,43.275,38.125,36.4,36.675,39.525,39.1,38.475,36.125,35.075,35.95,35.375
604,98.1,45.83333333,43.225,38.025,36.3,36.575,39.5,39,38.35,36.075,35.05,35.825,35.3
605,98,45.63333333,43.075,37.825,36.225,36.475,39.275,38.725,38.125,35.825,34.9,35.65,35.05
606,98,45.53333333,43.025,37.775,36.15,36.425,39.1,38.625,38.025,35.725,34.775,35.625,35
607,98,45.7,43.1,37.9,36.15,36.5,39.1,38.675,38.075,35.775,34.8,35.625,35.05
608,98,45.83333333,43.325,37.975,36.25,36.5,39.225,38.85,38.175,35.875,34.875,35.625,35.125
609,98,45.86666667,43.325,37.975,36.25,36.5,39.225,38.85,38.175,35.85,34.85,35.625,35.1
610,98,45.83333333,43.3,37.925,36.15,36.45,39.125,38.725,38.175,35.75,34.7,35.55,34.9
611,98,45.73333333,43.2,37.8,36.075,36.325,39.05,38.525,38.025,35.675,34.675,35.525,34.775
612,97.9,45.76666667,43.225,37.775,36.05,36.325,39.025,38.55,38.025,35.675,34.7,35.525,34.775
613,98,45.9,43.325,37.8,36.075,36.375,39.025,38.55,38.025,35.7,34.7,35.55,34.8
614,98,46,43.45,37.875,36.125,36.375,39.075,38.6,38.025,35.725,34.7,35.55,34.85
615,98.1,46.13333333,43.6,37.9,36.15,36.4,39.1,38.625,38.1,35.8,34.75,35.575,34.9
616,98.1,46.26666667,43.725,37.95,36.175,36.425,39.1,38.625,38.1,35.8,34.775,35.575,34.95
617,98.1,46.33333333,43.775,38.025,36.225,36.5,39.175,38.675,38.1,35.825,34.775,35.6,34.975
618,98.1,46.4,43.875,38.025,36.275,36.5,39.175,38.7,38.15,35.825,34.825,35.6,35
619,98.2,46.5,43.95,38.05,36.275,36.5,39.2,38.7,38.15,35.85,34.825,35.625,35.05
620,98.2,46.53333333,44.025,38.075,36.275,36.525,39.2,38.7,38.175,35.85,34.85,35.625,35.05
621,98.1,46.6,44.125,38.175,36.3,36.525,39.225,38.725,38.175,35.85,34.85,35.675,35.05
622,98.2,46.7,44.225,38.2,36.35,36.6,39.275,38.775,38.275,35.925,34.85,35.675,35.1
623,98.2,46.86666667,44.4,38.275,36.375,36.65,39.375,38.825,38.35,36.025,34.9,35.725,35.175
624,98.2,47,44.55,38.375,36.45,36.7,39.375,38.9,38.425,36.05,34.95,35.775,35.225
625,98.2,47.1,44.7,38.4,36.5,36.7,39.425,38.95,38.475,36.075,35,35.8,35.25
626,98.2,47.1,44.65,38.4,36.475,36.7,39.4,38.925,38.4,36.025,34.95,35.725,35.25
627,98.2,47.06666667,44.525,38.3,36.375,36.65,39.35,38.8,38.325,35.975,34.85,35.7,35.1
628,98.2,47,44.5,38.15,36.35,36.575,39.25,38.725,38.225,35.875,34.8,35.7,35.025
629,98.1,47,44.5,38.15,36.35,36.575,39.25,38.65,38.2,35.85,34.8,35.65,35.025
630,98.1,47,44.575,38.2,36.35,36.575,39.25,38.65,38.2,35.85,34.8,35.675,35.025
631,98.1,47.2,44.725,38.275,36.375,36.575,39.25,38.7,38.225,35.9,34.825,35.7,35.05
632,98.1,47.3,44.825,38.3,36.375,36.625,39.3,38.75,38.3,36,34.875,35.7,35.1
633,98.1,47.33333333,44.9,38.3,36.475,36.7,39.325,38.775,38.3,36,34.9,35.7,35.15
634,98.1,47.36666667,44.9,38.325,36.475,36.65,39.325,38.775,38.35,36,34.875,35.7,35.125
635,98.2,47.4,44.925,38.325,36.45,36.675,39.325,38.75,38.3,35.975,34.85,35.7,35.1
636,98.2,47.4,44.95,38.325,36.45,36.675,39.325,38.75,38.3,35.95,34.825,35.675,35.075
637,98.2,47.5,45.05,38.325,36.475,36.675,39.325,38.75,38.3,35.95,34.825,35.675,35.075
638,98.2,47.53333333,45.125,38.325,36.475,36.675,39.325,38.775,38.3,35.925,34.825,35.675,35.075
639,98.2,47.6,45.175,38.325,36.475,36.675,39.325,38.775,38.325,35.95,34.825,35.675,35.1
640,98.2,47.76666667,45.325,38.375,36.5,36.75,39.35,38.8,38.375,35.95,34.85,35.675,35.125
641,98.3,47.86666667,45.425,38.425,36.55,36.775,39.4,38.8,38.4,36,34.9,35.675,35.2
642,98.3,47.9,45.45,38.5,36.55,36.775,39.45,38.85,38.4,36.025,34.925,35.725,35.225
643,98.3,47.96666667,45.6,38.575,36.55,36.825,39.45,38.85,38.425,36.025,34.95,35.825,35.25
644,98.4,48.06666667,45.675,38.6,36.6,36.85,39.475,38.9,38.475,36.075,35,35.825,35.25
645,98.3,48.1,45.775,38.625,36.65,36.9,39.525,38.95,38.475,36.125,35,35.825,35.275
646,98.3,48.16666667,45.85,38.625,36.65,36.9,39.525,38.95,38.55,36.125,35.05,35.875,35.325
647,98.3,48.26666667,45.925,38.675,36.675,36.975,39.525,38.975,38.575,36.225,35.05,35.9,35.35
648,98.3,48.26666667,46,38.75,36.7,36.975,39.625,38.975,38.625,36.225,35.075,35.9,35.375
649,98.3,48.36666667,46.05,38.775,36.75,36.975,39.625,39.025,38.65,36.275,35.15,35.925,35.375
650,98.3,48.4,46.175,38.775,36.775,37.025,39.7,39.075,38.675,36.275,35.15,35.925,35.425
651,98.3,48.46666667,46.225,38.775,36.8,37.05,39.725,39.1,38.725,36.275,35.15,35.925,35.45
652,98.4,48.53333333,46.225,38.775,36.8,37.05,39.725,39.1,38.725,36.275,35.15,35.925,35.45
653,98.4,48.53333333,46.225,38.825,36.8,37.05,39.725,39.125,38.725,36.275,35.15,35.95,35.45
654,98.4,48.56666667,46.325,38.825,36.8,37.075,39.725,39.125,38.725,36.275,35.15,36.025,35.45
655,98.4,48.73333333,46.45,38.9,36.875,37.125,39.8,39.2,38.75,36.35,35.2,36.05,35.55
656,98.4,48.9,46.625,38.975,36.925,37.2,39.925,39.325,38.925,36.45,35.3,36.125,35.625
657,98.4,49.1,46.825,39.15,37.05,37.325,40.025,39.45,39.05,36.575,35.4,36.25,35.75
658,98.4,49.13333333,46.95,39.225,37.15,37.375,40.075,39.5,39.125,36.65,35.45,36.25,35.8
659,98.4,49.13333333,46.95,39.15,37.15,37.375,40.075,39.5,39.1,36.65,35.425,36.275,35.8
660,98.4,49.03333333,46.775,39.05,37.075,37.35,40.025,39.4,39,36.575,35.35,36.175,35.7
661,98.4,48.9,46.6,38.95,37,37.275,39.925,39.275,38.875,36.5,35.275,36.15,35.6
662,98.3,48.83333333,46.6,38.875,36.975,37.25,39.9,39.225,38.825,36.45,35.25,36.15,35.525
663,98.3,48.83333333,46.625,38.925,36.975,37.25,39.9,39.25,38.825,36.475,35.25,36.15,35.55
664,98.3,49,46.725,38.95,37,37.3,39.925,39.325,38.9,36.525,35.325,36.2,35.625
665,98.3,49,46.85,39,37.05,37.35,39.975,39.35,39,36.575,35.375,36.2,35.7
666,98.3,49.16666667,47,39.125,37.125,37.45,40.1,39.475,39.1,36.65,35.475,36.325,35.75
667,98.3,49.23333333,47.075,39.225,37.2,37.55,40.2,39.55,39.2,36.75,35.525,36.375,35.9
668,98.3,49.3,47.175,39.25,37.3,37.575,40.25,39.625,39.25,36.775,35.625,36.45,35.975
669,98.4,49.36666667,47.225,39.275,37.3,37.575,40.25,39.7,39.275,36.825,35.625,36.45,35.975
670,98.4,49.36666667,47.25,39.275,37.325,37.6,40.275,39.7,39.275,36.825,35.65,36.45,35.975
671,98.4,49.43333333,47.275,39.275,37.35,37.625,40.325,39.7,39.275,36.875,35.65,36.525,36
672,98.3,49.43333333,47.3,39.3,37.35,37.675,40.35,39.775,39.325,36.95,35.725,36.525,36.075
673,98.3,49.43333333,47.3,39.35,37.375,37.75,40.375,39.775,39.375,37,35.775,36.625,36.1
674,98.3,49.5,47.425,39.425,37.4,37.8,40.475,39.825,39.45,37,35.85,36.675,36.15
675,98.3,49.6,47.5,39.5,37.5,37.875,40.575,39.95,39.525,37.1,35.9,36.7,36.225
676,98.3,49.7,47.575,39.625,37.55,37.925,40.625,40,39.625,37.15,35.975,36.775,36.325
677,98.3,49.83333333,47.75,39.7,37.625,38.025,40.7,40.125,39.75,37.275,36.1,36.9,36.425
678,98.3,49.96666667,47.9,39.725,37.725,38.1,40.875,40.225,39.875,37.4,36.225,37,36.55
679,98.3,50.03333333,48.025,39.775,37.8,38.15,40.95,40.325,39.95,37.5,36.275,37.075,36.625
680,98.3,50.03333333,48.025,39.825,37.8,38.2,40.975,40.325,40,37.5,36.275,37.125,36.625
681,98.3,50.03333333,47.975,39.825,37.8,38.225,40.95,40.325,39.975,37.5,36.275,37.125,36.65
682,98.3,49.96666667,47.9,39.825,37.8,38.225,40.925,40.325,39.95,37.525,36.275,37.1,36.6
683,98.3,49.93333333,47.9,39.775,37.8,38.2,40.925,40.325,39.875,37.55,36.275,37.075,36.55
684,98.3,49.93333333,47.9,39.8,37.8,38.3,40.925,40.325,39.925,37.55,36.275,37.15,36.575
685,98.2,49.93333333,47.925,39.85,37.85,38.35,41,40.4,39.975,37.575,36.325,37.225,36.625
686,98.3,50.1,48.025,39.9,37.9,38.375,41.15,40.5,40.05,37.65,36.425,37.275,36.725
687,98.3,50.16666667,48.1,39.95,37.975,38.5,41.225,40.575,40.175,37.775,36.5,37.4,36.8
688,98.3,50.2,48.125,40.05,38.05,38.55,41.275,40.65,40.325,37.875,36.575,37.425,36.85
689,98.3,50.3,48.25,40.125,38.15,38.6,41.35,40.725,40.375,37.9,36.65,37.525,36.975
690,98.3,50.3,48.275,40.125,38.2,38.675,41.425,40.825,40.4,37.975,36.7,37.55,37.05
691,98.2,50.33333333,48.325,40.2,38.25,38.75,41.45,40.925,40.525,38.025,36.75,37.6,37.1
692,98.2,50.4,48.375,40.275,38.325,38.85,41.575,41,40.575,38.1,36.85,37.675,37.175
693,98.3,50.5,48.5,40.325,38.4,38.95,41.7,41.1,40.65,38.175,36.975,37.75,37.3
694,98.3,50.56666667,48.65,40.425,38.55,39,41.8,41.2,40.825,38.3,37.1,37.875,37.425
695,98.3,50.73333333,48.825,40.525,38.7,39.125,41.875,41.4,41,38.4,37.225,38,37.575
696,98.4,50.96666667,49.025,40.725,38.775,39.325,42.125,41.575,41.2,38.6,37.45,38.175,37.775
697,98.4,51.13333333,49.3,40.9,39,39.45,42.375,41.825,41.475,38.75,37.675,38.35,38.025
698,98.4,51.16666667,49.325,40.9,39.05,39.5,42.375,41.85,41.475,38.8,37.725,38.425,38.1
699,98.4,51.13333333,49.175,40.925,39,39.475,42.375,41.85,41.475,38.775,37.725,38.35,38.075
700,98.4,51.06666667,49.025,40.775,38.925,39.425,42.3,41.8,41.425,38.65,37.65,38.35,37.975
701,98.4,50.83333333,48.775,40.675,38.925,39.4,42.225,41.725,41.275,38.625,37.55,38.35,37.9
702,98.4,50.8,48.75,40.675,38.85,39.475,42.225,41.725,41.275,38.625,37.55,38.35,37.85
703,98.3,50.76666667,48.875,40.725,38.9,39.525,42.275,41.75,41.3,38.7,37.55,38.375,37.85
704,98.5,50.9,48.95,40.75,38.975,39.6,42.35,41.8,41.325,38.775,37.65,38.5,37.925
705,98.5,51,49,40.9,39.075,39.675,42.45,41.95,41.475,38.925,37.75,38.6,38.025
706,98.5,51.1,49.125,41,39.15,39.775,42.575,42.1,41.575,38.95,37.825,38.675,38.2
707,98.5,51.13333333,49.225,41.075,39.275,39.85,42.7,42.15,41.7,39.05,37.9,38.775,38.3
708,98.6,51.2,49.325,41.15,39.35,39.95,42.825,42.25,41.8,39.15,37.975,38.85,38.375
709,98.6,51.26666667,49.35,41.2,39.4,40.025,42.9,42.35,41.95,39.25,38.075,38.9,38.525
710,98.6,51.33333333,49.4,41.2,39.45,40.125,42.975,42.45,42.075,39.375,38.15,39,38.575
711,98.6,51.36666667,49.425,41.3,39.525,40.2,43.075,42.55,42.125,39.4,38.3,39.075,38.625
712,98.6,51.36666667,49.45,41.35,39.575,40.275,43.1,42.625,42.175,39.475,38.375,39.1,38.725
713,98.6,51.36666667,49.525,41.475,39.625,40.3,43.15,42.65,42.225,39.55,38.425,39.225,38.8
714,98.5,51.4,49.55,41.55,39.725,40.45,43.275,42.675,42.45,39.675,38.55,39.275,38.85
715,98.5,51.5,49.575,41.625,39.8,40.55,43.375,42.825,42.5,39.75,38.6,39.325,38.9
716,98.6,51.53333333,49.625,41.625,39.825,40.55,43.475,42.875,42.525,39.75,38.6,39.375,38.975
717,98.6,51.53333333,49.65,41.65,39.875,40.575,43.45,42.925,42.525,39.775,38.65,39.4,39
718,98.6,51.53333333,49.675,41.65,39.9,40.65,43.5,42.95,42.525,39.825,38.7,39.45,39.025
719,98.6,51.53333333,49.675,41.65,39.95,40.675,43.525,43.025,42.55,39.85,38.7,39.475,39.05
720,98.6,51.56666667,49.75,41.725,40.025,40.775,43.625,43.075,42.625,39.925,38.825,39.575,39.1
721,98.6,51.63333333,49.775,41.775,40.125,40.85,43.7,43.15,42.75,40,38.875,39.675,39.175
722,98.6,51.73333333,49.8,41.825,40.175,40.925,43.75,43.25,42.85,40.075,38.95,39.775,39.275
723,98.6,51.83333333,49.9,41.95,40.275,41,43.875,43.375,42.95,40.2,39.075,39.85,39.375
724,98.6,51.93333333,49.975,42.1,40.3,41.125,43.9,43.45,43.1,40.3,39.15,39.9,39.5
725,98.6,51.96666667,50.025,42.15,40.4,41.225,44.025,43.525,43.15,40.325,39.25,40,39.625
726,98.6,52.03333333,50.125,42.25,40.525,41.325,44.15,43.65,43.225,40.5,39.3,40.05,39.775
727,98.6,52.2,50.175,42.375,40.6,41.35,44.275,43.775,43.35,40.55,39.45,40.225,39.8
728,99,52.3,50.25,42.4,40.675,41.45,44.35,43.85,43.5,40.6,39.5,40.225,40
729,99.2,52.43333333,50.3,42.5,40.825,41.575,44.55,43.975,43.625,40.575,39.575,40.375,40.175
730,99.5,52.53333333,50.4,42.55,40.975,41.65,44.65,44.15,43.675,40.65,39.675,40.475,40.375
731,99.5,52.53333333,50.475,42.6,41.175,41.75,44.75,44.25,43.95,40.65,39.8,40.6,40.525
732,99.6,52.6,50.5,42.625,41.225,41.8,44.875,44.375,44.025,40.7,39.9,40.7,40.575
733,99.6,52.63333333,50.5,42.625,41.25,41.925,44.925,44.525,44.1,40.775,40.05,40.775,40.65
734,99.7,52.63333333,50.5,42.75,41.275,41.975,45,44.575,44.15,40.825,40.125,40.875,40.7
735,99.7,52.63333333,50.55,42.775,41.35,42.075,45.175,44.675,44.2,40.825,40.125,40.925,40.75
736,99.7,52.63333333,50.6,42.85,41.4,42.2,45.25,44.825,44.275,40.9,40.15,41,40.85
737,99.6,52.63333333,50.65,42.95,41.5,42.3,45.3,44.925,44.4,41.025,40.2,41.1,40.95
738,99.5,52.63333333,50.7,43.075,41.6,42.4,45.35,45.075,44.475,41.25,40.325,41.2,41.025
739,98.9,52.63333333,50.775,43.25,41.625,42.475,45.425,45.125,44.575,41.475,40.425,41.3,41.075
740,98.8,52.6,50.775,43.275,41.7,42.575,45.525,45.15,44.6,41.725,40.5,41.425,41.075
741,98.7,52.63333333,50.8,43.375,41.725,42.6,45.575,45.325,44.675,41.775,40.575,41.475,41.125
742,98.7,52.66666667,50.875,43.4,41.725,42.725,45.6,45.475,44.825,41.85,40.75,41.475,41.125
743,98.8,52.66666667,50.925,43.475,41.8,42.8,45.725,45.525,44.875,41.875,40.825,41.525,41.225
744,98.6,52.66666667,50.975,43.525,41.825,42.8,45.9,45.575,44.975,42,40.925,41.625,41.325
745,98.7,52.66666667,51.025,43.6,41.95,42.95,46,45.7,45.05,42.1,40.975,41.675,41.4
746,98.7,52.7,51.05,43.65,42.075,43.025,46.05,45.825,45.175,42.2,41.05,41.825,41.5
747,98.7,52.8,51.1,43.825,42.2,43.1,46.15,45.95,45.275,42.375,41.05,41.925,41.65
748,98.7,52.83333333,51.225,43.9,42.225,43.15,46.275,46.05,45.325,42.425,41.275,42.025,41.725
749,98.6,52.83333333,51.25,43.925,42.225,43.225,46.35,46.125,45.45,42.575,41.375,42.175,41.85
750,98.6,52.83333333,51.275,43.975,42.3,43.4,46.5,46.2,45.55,42.575,41.4,42.225,41.925
751,98.6,52.9,51.25,44,42.375,43.425,46.55,46.3,45.65,42.7,41.6,42.3,41.975
752,98.6,53.03333333,51.25,44.05,42.5,43.45,46.6,46.475,45.65,42.75,41.6,42.3,41.975
753,98.4,53,51.3,44.05,42.575,43.475,46.7,46.5,45.8,42.775,41.675,42.45,42.05
754,98.4,53,51.3,44.05,42.6,43.6,46.7,46.525,45.9,42.825,41.7,42.475,42.1
755,98.5,53.03333333,51.225,44.175,42.625,43.625,46.775,46.675,45.975,42.825,41.725,42.525,42.175
756,98.5,53,51.325,44.175,42.7,43.7,46.825,46.825,46.125,42.85,41.725,42.65,42.225
757,98.4,53.03333333,51.25,44.2,42.75,43.725,46.875,46.825,46.175,42.9,41.875,42.65,42.3
758,98.3,52.96666667,51.325,44.2,42.775,43.725,46.9,46.825,46.275,43.075,41.975,42.675,42.375
759,98.2,52.96666667,51.425,44.325,42.825,43.8,47.175,46.925,46.4,43.275,42.025,42.7,42.475
760,98.2,53,51.425,44.5,43.075,43.825,47.25,46.975,46.45,43.45,42.075,42.8,42.5
761,98.2,53.06666667,51.475,44.55,43.075,43.95,47.275,47.15,46.55,43.5,42.35,42.925,42.625
762,98.3,53.26666667,51.55,44.625,43.075,44.075,47.375,47.25,46.625,43.65,42.425,43.125,42.9
763,98.4,53.5,51.95,44.925,43.3,44.275,47.625,47.575,46.95,43.8,42.65,43.4,43.25
764,98.4,53.66666667,52.075,45.1,43.4,44.5,47.8,47.75,47.025,43.95,42.85,43.625,43.325
765,98.4,53.6,52,45.075,43.4,44.6,47.825,47.775,47.05,43.95,42.85,43.625,43.3
766,98.4,53.53333333,51.9,45.1,43.45,44.625,47.85,47.775,47,43.9,42.85,43.6,43.275
767,98.5,53.53333333,51.85,45.025,43.45,44.7,47.9,47.775,46.975,43.9,42.825,43.6,43.225
768,98.2,53.43333333,51.875,45,43.5,44.825,47.9,47.8,46.95,43.9,42.85,43.625,43.25
769,98.4,53.43333333,51.825,45.05,43.5,44.875,47.875,47.925,46.925,43.95,42.9,43.7,43.225
770,98.4,53.43333333,51.775,45,43.55,44.85,47.925,47.95,47,43.95,43.025,43.725,43.35
771,98.5,53.46666667,51.8,45,43.55,44.925,48.075,48.1,47.125,44.15,43.075,43.775,43.375
772,98.7,53.5,51.85,45.15,43.775,44.925,48.4,48.175,47.175,44.175,43.175,43.8,43.425
773,98.7,53.53333333,51.875,45.225,43.85,44.975,48.4,48.2,47.3,44.175,43.2,43.8,43.7
774,98.6,53.53333333,51.925,45.275,43.975,45,48.5,48.25,47.5,44.175,43.35,43.875,43.725
775,98.6,53.56666667,51.9,45.4,44,45.175,48.425,48.35,47.575,44.275,43.45,44.025,43.75
776,98.3,53.5,52.025,45.525,44,45.25,48.575,48.5,47.65,44.325,43.45,44.05,43.775
777,98.2,53.53333333,52.025,45.55,43.975,45.325,48.65,48.65,47.7,44.375,43.525,44.125,43.875
778,98.2,53.53333333,52.075,45.625,43.975,45.4,48.725,48.625,47.975,44.425,43.525,44.15,43.85
779,98.6,53.6,51.975,45.75,44.15,45.425,48.825,48.75,48,44.6,43.55,44.275,43.95
780,98.8,53.63333333,52.075,45.775,44.225,45.525,49.025,48.85,48,44.725,43.625,44.475,44.075
781,98.8,53.7,52.1,45.875,44.45,45.475,49.05,48.925,48.325,44.875,43.675,44.475,44.15
782,98.6,53.7,52.1,45.875,44.525,45.65,49.05,48.95,48.45,44.95,43.7,44.525,44.325
783,98.7,53.8,52.05,45.95,44.625,45.75,49.075,49.2,48.65,45.175,43.85,44.55,44.4
784,98.7,53.8,52.15,46.1,44.625,45.825,49.125,49.2,48.65,45.2,43.95,44.65,44.525
785,98.8,53.86666667,52.2,46.225,44.7,45.875,49.175,49.275,48.65,45.25,44.05,44.75,44.575
786,98.8,53.9,52.4,46.425,44.75,45.9,49.3,49.5,48.775,45.275,44.075,44.85,44.625
787,98.8,54.13333333,52.5,46.5,45.075,46.125,49.35,49.575,48.85,45.325,44.275,45.05,44.8
788,98.8,54.23333333,52.575,46.7,45.125,46.325,49.625,49.725,48.875,45.6,44.55,45.225,44.85
789,98.6,54.23333333,52.65,46.7,45.125,46.45,49.775,49.875,48.975,45.6,44.6,45.275,45.05
790,98.4,54.36666667,52.675,46.75,45.275,46.525,49.9,49.925,49.075,45.625,44.65,45.3,45.175
791,98.4,54.36666667,52.675,46.8,45.325,46.6,49.975,49.925,49.1,45.675,44.675,45.4,45.175
792,98.4,54.4,52.675,46.85,45.35,46.7,50.075,50,49.15,45.75,44.65,45.4,45.175
793,98.4,54.36666667,52.625,46.9,45.4,46.75,50.125,50,49.125,45.75,44.625,45.4,45.15
794,98.4,54.36666667,52.625,46.875,45.425,46.825,50.15,50,49.15,45.75,44.625,45.475,45.15
795,98.4,54.33333333,52.625,46.9,45.4,46.8,50.175,50.025,49.175,45.775,44.625,45.475,45.15
796,98.4,54.3,52.625,46.95,45.425,46.85,50.175,50.1,49.225,45.8,44.65,45.5,45.15
797,98.4,54.3,52.65,47,45.425,46.975,50.225,50.225,49.325,45.8,44.7,45.5,45.25
798,98.4,54.3,52.65,47.1,45.475,47,50.4,50.325,49.45,45.85,44.85,45.6,45.275
799,98.6,54.36666667,52.7,47.15,45.625,47.1,50.425,50.45,49.525,45.975,44.925,45.625,45.425
800,98.6,54.46666667,52.825,47.25,45.7,47.15,50.525,50.55,49.625,46.2,45.1,45.775,45.575
801,98.6,54.53333333,53,47.4,45.95,47.35,50.75,50.775,49.8,46.425,45.35,45.925,45.775
802,98.7,54.7,53.175,47.5,46.075,47.425,50.8,50.85,49.95,46.55,45.6,46,46.05
803,98.7,54.83333333,53.325,47.625,46.3,47.525,50.975,51.05,50.125,46.725,45.725,46.225,46.275
804,98.7,55,53.6,47.825,46.425,47.675,51.2,51.2,50.25,46.875,46,46.3,46.375
805,98.7,55.06666667,53.625,47.95,46.625,47.825,51.325,51.425,50.425,46.975,46.175,46.425,46.55
806,98.7,55.13333333,53.7,48.075,46.675,47.975,51.475,51.55,50.6,47.15,46.275,46.575,46.7
807,98.7,55.23333333,53.775,48.175,46.725,48.125,51.525,51.675,50.675,47.275,46.475,46.75,46.8
808,98.7,55.33333333,53.875,48.2,46.875,48.2,51.625,51.75,50.75,47.35,46.5,46.825,46.875
809,98.7,55.3,53.925,48.275,46.95,48.25,51.75,51.775,50.775,47.475,46.575,46.85,46.95
810,98.7,55.33333333,54,48.4,47,48.35,51.8,51.825,50.875,47.475,46.625,46.95,47
811,98.7,55.36666667,54.025,48.4,47.025,48.425,51.85,51.975,51.025,47.55,46.65,47.15,47.15
812,99,55.5,54.15,48.45,47.025,48.45,51.9,52,51.15,47.75,46.65,47.225,47.15
813,98.9,55.46666667,54.175,48.525,47.1,48.45,52.025,52.125,51.15,47.75,46.775,47.25,47.15
814,98.8,55.43333333,54.15,48.6,47.125,48.5,52.175,52.275,51.35,47.825,46.8,47.3,47.225
815,98.7,55.43333333,54.15,48.55,47.275,48.5,52.325,52.275,51.275,47.925,46.925,47.325,47.475
816,98.5,55.5,54.2,48.55,47.3,48.675,52.45,52.45,51.425,47.95,47,47.55,47.65
817,98.7,55.53333333,54.275,48.65,47.45,48.775,52.45,52.55,51.425,47.975,47.05,47.65,47.575
818,98.7,55.56666667,54.275,48.85,47.65,48.8,52.525,52.675,51.425,48.075,47.15,47.825,47.775
819,98.7,55.7,54.25,48.925,47.725,48.925,52.575,52.925,51.5,48.175,47.325,47.85,47.825
820,98.7,55.73333333,54.5,49.2,47.825,49.125,52.8,53,51.85,48.325,47.425,48.125,48.025
821,98.7,56.36666667,55.125,49.775,48.25,49.475,53.225,53.5,52.425,48.825,47.875,48.325,48.5
822,98.8,57.16666667,56.15,50.725,49.025,50.1,54.075,54.525,53.475,49.85,48.95,48.775,49.475
823,98.8,57.63333333,56.75,50.775,49.1,50.375,54.15,54.7,54,50.275,49.225,48.875,49.85
824,99,57.33333333,56.5,50.525,48.6,50.3,53.8,54.525,53.575,50.075,48.8,48.6,49.2
825,99,56.96666667,55.325,49.975,48.425,50.2,53.475,54.25,52.975,49,47.9,48.35,48.625
826,99.1,56.5,54.85,49.875,48.375,49.975,53.35,53.625,52.475,48.8,47.875,48.35,47.9
827,98.9,56.26666667,54.775,49.75,48.425,49.95,53.125,53.35,52.3,48.825,47.8,48.325,47.825
828,98.9,56.36666667,54.825,49.775,48.55,50.225,53.2,53.55,52.35,48.975,47.9,48.4,48.175
829,98.9,56.13333333,54.775,49.75,48.475,50.1,53.2,53.55,52.2,48.95,47.875,48.45,48.175
830,99,56.13333333,54.65,49.7,48.45,50,53.225,53.45,52.15,48.75,47.825,48.425,48.175
831,99,56,54.425,49.625,48.375,49.975,53.1,53.2,52.05,48.725,47.8,48.35,48.075
832,98.7,55.9,54.45,49.525,48.4,50,53.05,53.225,52.025,48.8,47.825,48.375,48.05
833,98.7,56.26666667,54.775,49.85,48.525,50,53.325,53.475,52.35,49,48.15,48.675,48.375
834,98.8,56.66666667,55.425,50.4,49,50.25,54.05,54.125,53.1,49.525,48.8,49.025,49.2
835,98.8,56.7,55.5,50.4,49.1,50.25,54.1,54.325,53.2,49.575,48.8,49.075,49.25
836,98.9,56.6,55.125,50.3,48.875,50.225,53.9,54.225,52.975,49.275,48.575,48.975,49.075
837,98.9,56.36666667,54.85,50.2,48.85,50.225,53.725,54.025,52.8,49.1,48.375,48.9,48.95
838,98.8,56.3,54.8,50.05,48.775,50.225,53.575,53.9,52.675,49.075,48.375,48.775,48.75
839,98.8,56.3,54.675,50,48.775,50.525,53.725,53.8,52.7,49.075,48.375,48.8,48.75
840,98.8,56.33333333,54.725,50.025,49,50.475,53.85,53.925,52.925,49.125,48.35,48.85,48.725
841,98.8,56.26666667,54.975,50.125,49.05,50.5,53.9,54.025,52.925,49.2,48.475,48.95,48.8
842,98.8,56.33333333,54.975,50.075,49.025,50.525,53.95,54.025,52.975,49.35,48.55,48.975,48.875
843,98.7,56.3,54.975,50.45,48.975,50.45,54.025,54.05,53,49.3,48.6,48.975,48.925
844,98.8,56.3,55.075,50.45,49.15,50.525,54,54.275,52.975,49.325,48.55,48.95,49
845,98.4,56.2,55.125,50.4,49.1,50.525,53.95,54.3,53.05,49.35,48.55,48.975,49
846,98.4,56.26666667,55.05,50.475,49.125,50.6,53.975,54.3,53.125,49.425,48.6,49.15,49
847,98.6,56.26666667,54.95,50.5,49.25,50.725,54.05,54.375,53.175,49.4,48.8,49.15,49.025
848,98.5,56.26666667,55,50.45,49.275,50.775,54.1,54.475,53.2,49.425,48.725,49.25,49.125
849,98.5,56.46666667,54.95,50.475,49.3,50.775,54.15,54.45,53.325,49.3,48.7,49.2,49.525
850,98.5,56.5,55.05,50.475,49.275,50.625,54.15,54.475,53.425,49.425,48.725,49.4,49.425
851,98.5,56.43333333,55.15,50.5,49.375,50.525,54.225,54.675,53.45,49.65,48.825,49.425,49.375
852,98.8,56.66666667,55.175,50.575,49.375,50.35,54.35,54.925,53.45,49.625,49,49.425,49.425
853,98.9,56.6,55.275,50.6,49.325,50.325,54.3,54.875,53.45,49.65,49.025,49.475,49.55
854,99.2,56.6,55.325,50.7,49.325,50.475,54.25,55.075,53.5,49.675,49.075,49.65,49.55
855,99.1,56.53333333,55.4,50.925,49.4,50.65,54.25,55,53.575,49.825,49.1,49.575,49.625
856,99.1,56.63333333,55.475,50.9,49.45,50.85,54.275,54.975,53.725,49.875,49.15,49.625,49.65
857,99.2,56.66666667,55.425,50.85,49.525,50.975,54.55,55,53.725,49.85,49.15,49.8,49.95
858,99.2,56.56666667,55.35,50.9,49.675,50.95,54.7,55.075,53.875,49.85,49.3,49.775,49.975
859,99.1,56.56666667,55.45,50.95,49.675,51.05,54.825,55.05,53.925,49.95,49.35,49.775,49.975
860,99.1,56.66666667,55.45,51.075,49.75,51.1,55.225,55.15,54.075,49.975,49.35,49.75,50.025
861,98.7,56.53333333,55.7,51.1,49.775,51.175,55.25,55.25,54.15,50.225,49.425,49.9,50.075
862,98.5,56.5,55.675,51.1,49.95,51.35,55.225,55.25,54.075,50.25,49.5,49.925,50.1
863,98.5,56.7,55.625,51.125,49.95,51.3,55.225,55.45,54.1,50.275,49.6,49.75,50.1
864,98.5,56.76666667,55.7,51.275,49.9,51.325,55.225,55.475,54.225,50.425,49.75,49.875,50.05
865,98.7,56.83333333,55.675,51.375,49.925,51.35,55.25,55.525,54.4,50.45,49.8,49.975,50.05
866,99.1,57,55.7,51.375,49.975,51.45,55.425,55.575,54.5,50.425,49.675,49.95,50.1
867,99.2,57.03333333,55.725,51.45,50,51.3,55.4,55.725,54.55,50.5,49.65,50.05,50.25
868,99,57.1,55.675,51.55,50.025,51.35,55.425,55.75,54.675,50.525,49.725,50.1,50.275
869,98.6,57.16666667,55.7,51.5,50.05,51.5,55.45,55.975,54.675,50.55,49.825,50.15,50.425
870,98.6,57.16666667,55.7,51.55,50.125,51.525,55.525,56.075,54.65,50.675,49.9,50.25,50.575
871,99.1,57.33333333,55.725,51.75,50.225,51.825,55.525,56.15,54.85,50.675,50.025,50.3,50.575
872,99.1,57.26666667,55.775,51.825,50.325,51.825,55.575,56.175,54.925,50.85,50.025,50.3,50.6
873,99,57.26666667,55.775,51.85,50.375,51.875,55.725,56.25,54.925,50.9,50.15,50.475,50.625
874,99.1,57.36666667,55.975,51.95,50.4,51.9,55.85,56.35,54.9,51,50.225,50.55,50.725
875,98.8,57.33333333,56.175,52.15,50.5,51.95,55.925,56.425,55,51.1,50.275,50.6,50.75
876,98.9,57.4,56.2,52.225,50.55,52.025,56,56.45,55.075,51.125,50.375,50.675,50.825
877,99,57.5,56.175,52.225,50.7,52.075,56.1,56.625,55.225,51.175,50.425,50.75,51.05
878,99,57.56666667,56.325,52.475,50.8,52.15,56.25,56.8,55.3,51.275,50.525,50.825,51.225
879,98.9,57.63333333,56.425,52.675,51.15,52.275,56.375,57.025,55.45,51.375,50.7,50.9,51.3
880,99.2,58,56.775,53.05,51.375,52.625,56.725,57.375,55.725,51.675,50.9,51.075,51.825
881,99.4,58.4,57.6,53.825,51.975,52.85,57.5,58.125,56.525,52.35,51.625,51.475,52.55
882,99.4,59.06666667,57.7,53.925,52.275,53.075,57.75,58.4,57.075,52.925,51.875,51.625,52.6
883,99.4,58.8,57.475,53.75,52.2,52.975,57.675,58.425,57.125,53,51.825,51.65,52.525
884,99.2,58.63333333,57.425,53.425,52.025,52.925,57.575,57.875,56.725,52.45,51.575,51.55,52.15
885,99.3,58.56666667,57.35,53.35,51.975,52.95,57.375,57.775,56.15,52.2,51.4,51.275,52
886,99.2,58.16666667,56.35,53.125,51.575,52.8,56.925,57.2,55.525,52.1,51.175,51.125,51.55
887,99.1,57.96666667,56.05,52.9,51.45,52.875,56.85,57.05,54.975,51.925,51.05,51.2,51.225
888,99.1,57.9,56.125,52.85,51.45,53.075,56.85,57.05,54.975,51.9,51.05,51.25,51.15
889,99.2,57.93333333,56.45,53,51.525,53.15,56.85,57.125,55.1,51.975,51.05,51.4,51.25
890,99.3,57.96666667,56.45,53.125,51.6,53.125,56.875,57.175,55.4,51.975,51.075,51.45,51.3
891,99.3,57.96666667,56.475,53.175,51.6,53.15,56.925,57.2,55.425,51.975,51.075,51.5,51.525
892,99.3,57.96666667,56.625,53.225,51.7,53.15,56.9,57.25,55.575,51.975,51.175,51.55,51.725
893,99.2,58,56.85,53.325,51.775,53.275,56.975,57.375,55.65,52.05,51.2,51.55,51.8
894,99.2,58.1,56.975,53.5,51.875,53.225,57.125,57.525,55.925,52.025,51.3,51.575,51.825
895,99.2,58.33333333,57.25,53.675,51.975,53.475,57.325,57.975,56.45,52.25,51.4,51.675,52.1
896,99.3,58.5,57.25,53.775,52.175,53.575,57.5,58.425,56.525,52.45,51.6,51.725,52.275
897,99.4,58.6,57.05,53.725,52.2,53.5,57.35,58.275,56.45,52.45,51.575,51.775,52.25
898,99.4,58.6,57.025,53.725,52.175,53.55,57.275,58.05,56.4,52.425,51.575,51.875,52.225
899,99.3,58.36666667,56.975,53.725,52.125,53.475,57.2,57.725,56.125,52.4,51.525,51.725,52.125
900,99.2,58.23333333,56.95,53.7,52.05,53.6,57.05,57.575,55.925,52.35,51.425,51.65,51.825
901,99.2,58.16666667,56.925,53.725,52.05,53.725,57.075,57.6,55.925,52.4,51.525,51.725,51.8
902,99.2,58.16666667,56.925,53.725,52.075,53.725,57.25,57.6,55.95,52.375,51.55,51.75,51.825
903,99.2,58.23333333,57.075,53.85,52.15,53.725,57.275,57.85,56.175,52.425,51.6,51.8,52.025
904,99.2,58.56666667,57.475,54.225,52.45,53.775,57.625,58.35,56.55,52.75,51.85,51.95,52.6
905,99.1,58.63333333,57.725,54.225,52.725,53.75,57.75,58.575,56.775,53.1,52.2,51.9,52.725
906,99,58.56666667,57.675,54.25,52.35,53.775,57.7,58.575,56.775,52.7,52.225,52,52.55
907,99.1,58.46666667,57.5,54.25,52.375,53.975,57.65,58.4,56.625,52.55,52.3,52.1,52.525
908,99,58.3,57.25,54.15,52.375,53.975,57.55,58.15,56.5,52.45,52.2,52.075,52.4
909,99,57.83333333,57.125,54.05,52.35,53.95,57.375,58.05,56.05,52.425,52.025,52,52.2
910,99,57.96666667,57.075,54.125,52.45,54.075,57.45,58.05,56,52.475,52.025,52,52.15
911,99.1,58.13333333,57.1,54.1,52.475,54.075,57.525,58.15,56.175,52.525,52.025,52.225,52.2
912,99.1,58.26666667,57.15,54.2,52.475,54.05,57.6,58.2,56.375,52.55,51.975,52.2,52.4
913,99.1,58.33333333,57.25,54.225,52.525,54,57.65,58.3,56.55,52.625,51.95,52.3,52.5
914,99.1,58.36666667,57.325,54.3,52.6,53.95,57.75,58.45,56.75,52.725,52,52.3,52.775
915,99.2,58.5,57.625,54.55,52.75,53.925,58.1,58.775,57.075,52.8,52.125,52.45,53.05
916,99.2,58.66666667,58.025,54.85,52.975,53.875,58.65,59.475,57.875,53.5,52.5,52.625,53.4
917,99.4,58.9,58.225,54.775,53.05,53.975,58.775,59.425,57.9,53.525,52.525,52.65,53.25
918,99.3,58.83333333,58.15,54.8,52.975,54.125,58.75,59.35,57.45,53.325,52.4,52.75,53.25
919,99.5,58.9,57.975,54.875,52.9,54.425,58.525,59.2,57.375,53.175,52.4,52.775,53.25
920,99.7,58.5,57.55,54.65,52.925,54.375,58.125,58.625,57.175,53.225,52.3,52.625,52.775
921,99.6,58.26666667,57.25,54.475,52.9,54.325,57.65,58.3,56.6,53.225,52.15,52.5,52.55
922,99.6,58.43333333,57.25,54.5,52.95,54.4,57.7,58.375,56.625,53.2,52.2,52.575,52.55
923,99.5,58.6,57.3,54.575,52.975,54.375,57.825,58.5,56.725,53.2,52.275,52.675,52.575
924,99.4,58.6,57.3,54.6,53,54.35,57.95,58.6,56.775,53.175,52.3,52.675,52.625
925,99.4,58.6,57.3,54.625,53.05,54.325,58.025,58.675,56.8,53.1,52.325,52.675,52.7
926,99.3,58.6,57.425,54.625,53.1,54.325,58.125,58.825,56.825,53.1,52.35,52.7,52.7
927,99.1,58.56666667,57.425,54.775,53.125,54.275,58.175,58.85,56.95,53.1,52.325,52.8,52.75
928,99.2,58.63333333,57.4,54.775,53.05,54.3,58.175,58.85,57.125,53.1,52.375,52.775,52.8
929,99.3,58.7,57.45,54.75,53.05,54.275,58.275,58.9,57.1,53.05,52.375,52.8,52.95
930,99.2,58.7,57.45,54.75,53.125,54.125,58.4,58.9,57.15,53.075,52.375,52.775,53
931,99.2,58.73333333,57.5,54.775,53.175,54.125,58.425,58.95,57.2,53.075,52.45,52.75,53.05
932,99.2,58.73333333,57.5,54.75,53.15,54.125,58.425,58.95,57.225,53.075,52.475,52.75,53
933,99.2,58.73333333,57.475,54.775,53.175,54.2,58.5,58.975,57.275,53.125,52.45,52.75,53.05
934,99.2,58.73333333,57.575,54.775,53.2,54.2,58.475,59.05,57.3,53.175,52.5,52.85,53.2
935,99.3,58.83333333,57.625,54.975,53.25,54.275,58.5,59.075,57.375,53.2,52.55,52.85,53.3
936,99.4,58.86666667,57.8,55,53.25,54.425,58.525,59.225,57.55,53.25,52.575,52.9,53.375
937,99.4,58.9,57.825,55.125,53.3,54.4,58.55,59.375,57.625,53.35,52.625,52.9,53.475
938,99,58.9,57.925,55.2,53.4,54.4,58.6,59.425,57.725,53.45,52.65,52.925,53.575
939,99,58.9,58.05,55.2,53.425,54.4,58.625,59.45,57.725,53.45,52.675,53.05,53.65
940,99,59.03333333,58.025,55.225,53.425,54.425,58.65,59.5,57.75,53.6,52.775,53.075,53.65
941,98.9,59,58.025,55.2,53.5,54.45,58.65,59.5,57.775,53.6,52.825,53.05,53.575
942,98.7,58.93333333,58,55.375,53.525,54.6,58.675,59.5,57.75,53.575,52.775,52.975,53.625
943,98.7,58.93333333,57.95,55.375,53.55,54.65,58.75,59.5,57.75,53.6,52.875,52.975,53.6
944,98.8,59,57.95,55.375,53.625,54.7,58.8,59.625,57.775,53.75,52.9,53.05,53.625
945,98.9,59.03333333,57.975,55.4,53.65,54.75,58.875,59.7,57.8,53.75,52.9,53.125,53.7
946,99.2,59.03333333,58,55.425,53.675,54.725,58.875,59.625,57.775,53.75,53.05,53.15,53.7
947,99.2,59.1,58.075,55.45,53.7,54.775,58.875,59.7,57.825,53.75,53.1,53.225,53.7
948,99.2,59.1,58.075,55.525,53.75,54.8,59.025,59.775,57.95,53.75,53.075,53.225,53.725
949,99.2,59.13333333,58.075,55.6,53.8,54.825,59.025,59.8,57.975,53.75,53.1,53.25,53.775
950,99.2,58.23333333,57.15,54.6,52.925,53.55,57.875,58.45,56.925,52.55,51.725,52.175,52.725
951,99.1,57.13333333,56,53.3,51.65,52.425,56.5,57.275,55.625,51.475,50.7,50.975,51.625
952,98.9,56.96666667,55.825,52.8,51.35,52.175,56.175,57.075,55.3,51.25,50.5,50.625,51.325
953,98.9,56.83333333,55.45,52.65,51.225,52.025,55.95,56.975,54.825,51.075,50.425,50.5,51.175
954,98.9,56.7,55.1,52.6,51,51.75,55.725,56.7,54.6,50.95,50.2,50.325,50.9
955,98.9,56.23333333,54.825,52.225,50.825,51.625,55.275,56.45,54.475,50.65,49.925,50.05,50.625
956,98.9,56.06666667,54.75,52,50.45,51.2,55,55.9,54.025,50.325,49.55,49.575,50.375
957,98.9,56,54.375,51.575,50.075,50.8,54.725,55.525,53.775,50.025,49.2,49.325,50.025
958,98.9,55.73333333,54.15,51.3,49.9,50.575,54.475,55.325,53.4,49.7,48.9,49.05,49.775
959,98.9,55.43333333,53.95,51.15,49.725,50.5,54.25,54.975,53.225,49.475,48.775,48.925,49.475
960,98.9,55.3,53.9,51.025,49.6,50.35,54.15,54.9,53.05,49.325,48.6,48.725,49.3
961,98.9,55.13333333,53.775,50.95,49.475,50.125,54.05,54.8,53,49.225,48.5,48.65,49.25
962,98.9,55.03333333,53.65,50.9,49.35,49.975,53.925,54.675,52.975,49.15,48.375,48.6,49.2
963,98.9,54.96666667,53.575,50.625,49.25,49.85,53.825,54.675,52.825,49,48.225,48.425,49.15
964,98.9,54.83333333,53.375,50.5,49.05,49.725,53.5,54.5,52.5,48.825,48.175,48.325,49.05
965,98.9,54.73333333,53.2,50.45,48.925,49.525,53.4,54.45,52.45,48.7,48.025,48.225,48.85
966,98.9,54.56666667,53.1,50.3,48.8,49.4,53.225,54.15,52.4,48.55,47.925,48.05,48.625
967,98.9,54.33333333,52.85,50.075,48.575,49.15,52.95,53.95,52.175,48.3,47.6,47.775,48.375
968,98.9,54.13333333,52.625,49.825,48.325,48.85,52.7,53.625,51.8,47.925,47.25,47.5,48.15
969,98.9,53.7,52.225,49.3,47.8,48.375,52.3,53.175,51.375,47.5,46.875,47.025,47.625
970,98.9,53.4,51.85,49.075,47.45,48,52,52.7,51.025,47.1,46.375,46.65,47.3
971,98.9,53.33333333,51.725,49.025,47.425,47.95,51.875,52.675,50.975,47.025,46.375,46.6,47.25
972,98.8,53.33333333,51.8,49.075,47.55,48,51.85,52.7,50.95,47.075,46.4,46.6,47.3
973,98.9,53.5,51.85,49.3,47.75,48.325,52.05,52.925,51.275,47.275,46.475,46.8,47.4
974,98.9,53.66666667,52.025,49.6,47.975,48.35,52.5,53.275,51.425,47.575,46.85,47.05,47.6
975,99,53.9,52.325,49.625,48.075,48.4,52.6,53.4,51.675,47.8,47.2,47.325,47.8
976,99,53.96666667,52.4,49.725,48.05,48.45,52.675,53.5,51.725,47.8,47.25,47.275,47.925
977,98.8,53.9,52.425,49.825,48.3,48.65,52.775,53.6,51.775,47.925,47.35,47.325,48
978,99.4,54.46666667,52.75,50.2,48.475,48.975,52.85,53.925,52.15,48.05,47.5,47.55,48.2
979,99.6,54.96666667,53.25,50.725,49.225,49.2,53.925,55.05,53.2,48.725,48,48,49
980,99.5,55.8,54.575,51.85,50.675,50.225,55.475,56.775,54.625,50.575,49.825,48.9,50.35
981,99.2,55.86666667,55.4,53.275,51.8,51.825,56.625,57.425,55.55,50.925,50.225,49.875,52.2
982,100,57.56666667,55.925,53.45,51.85,52.35,57.125,57.525,55.575,51.325,50.8,50.55,52.6
983,100,57.96666667,56,54,52.125,52.85,57.325,57.6,55.725,51.625,50.775,50.65,52.775
984,99.9,57.8,55.9,53.7,51.925,52.825,57.05,57.3,55.35,51.55,50.875,50.925,52.45
985,99.1,56.4,54.975,53.1,51.075,52.5,55.875,56.65,54.2,51.125,50.475,50.175,51.075
986,99.1,55.93333333,54.4,51.875,50.4,51.55,54.675,55.375,53.45,50.35,49.6,49.825,49.925
987,99.3,55.3,53.425,51.15,49.575,50.575,53.725,54.625,52.6,49.4,48.6,49.15,49
988,99.5,54.86666667,53.2,50.55,49.1,50.075,53.45,54.125,52.4,48.675,48.1,48.425,48.65
989,99.4,54.66666667,53.15,50.45,49.025,49.85,53.375,54.05,52.275,48.575,47.925,48.225,48.525
990,99.4,54.63333333,53.2,50.6,49.025,49.725,53.325,54.4,52.375,48.575,48,48.25,48.65
991,99.1,54.8,53.425,50.8,49.35,49.75,53.75,54.75,52.9,48.725,48.225,48.3,48.925
992,99.2,55.3,53.85,51.225,49.675,50.125,54.125,55.375,53.525,48.925,48.675,48.625,49.375
993,99,55.93333333,54.575,52.1,50.675,50.5,55.525,56.375,54.075,50.075,49.175,49.075,50.25
994,98.6,55.83333333,57.525,53.275,51.75,51.425,56.95,58.4,55.625,51.225,50.1,50.05,51.35
995,98.9,57.4,57.75,53.7,52.6,53.05,57.7,59.45,56.575,51.825,50.925,50.625,51.725
996,99.1,57.8,57.575,54.35,53.125,53.475,57.825,59.625,56.925,52.175,51.75,51.425,52.6
997,99.1,57.9,57.25,54.45,53.2,53.775,57.8,59.55,56.625,52.075,51.9,51.55,52.75
998,99,57.73333333,57,54.5,52.8,53.8,57.425,58.75,56.125,52.125,52,51.75,52.275
999,98.9,57.4,56.4,54.2,52.725,53.7,56.825,58.15,55.825,52.175,52,51.575,51.9
1000,98.8,57.03333333,55.8,53.8,52.025,53.2,56.35,57.675,55.325,51.5,50.975,51.025,51.65
1001,98.8,56.8,55.375,53,51.575,52.4,55.75,57.075,54.75,51.175,50.3,50.575,51.05
1002,98.8,56.43333333,55.275,52.625,51.325,52.025,55.45,56.7,54.375,50.875,49.975,50.225,50.825
1003,98.8,56.06666667,55.05,52.55,51.075,51.65,55.175,56.4,54.2,50.525,49.775,50.05,50.575
1004,98.9,56.06666667,54.975,52.525,51.05,51.45,55.175,56.4,54.2,50.35,49.725,49.9,50.575
1005,99,56.06666667,54.975,52.5,51.025,51.45,55.25,56.3,54.125,50.35,49.675,49.8,50.5
1006,99.4,56.1,54.975,52.35,50.875,51.375,55.175,56.325,54.2,50.4,49.65,49.7,50.5
1007,99.3,56.06666667,54.975,52.35,50.85,51.35,55.2,56.275,54.2,50.35,49.65,49.675,50.475
1008,99.3,56.1,54.875,52.325,50.875,51.425,55.3,56.3,54.2,50.325,49.625,49.725,50.475
1009,99.2,56.13333333,54.825,52.35,50.925,51.375,55.3,56.275,54.2,50.325,49.6,49.75,50.45
1010,99.2,56.03333333,54.85,52.325,50.9,51.4,55.325,56.325,54.225,50.375,49.375,49.75,50.55
1011,99.2,56.06666667,54.825,52.4,50.925,51.375,55.3,56.425,54.25,50.35,49.5,49.75,50.6
1012,99.1,56.16666667,54.875,52.65,50.9,51.475,55.325,56.45,54.375,50.45,49.6,49.9,50.625
1013,99.1,56.26666667,55.25,52.875,51.1,51.5,55.525,56.775,54.775,50.625,49.8,49.925,50.625
1014,99.1,56.56666667,55.575,53.2,51.45,52.025,55.65,57.25,54.85,50.775,50.1,50.075,50.675
1015,99.7,56.8,55.45,53.325,51.425,52.025,55.725,57.425,54.775,50.85,50.175,50.175,50.975
1016,99.1,56.66666667,55.45,53.3,51.4,52,55.825,56.925,54.85,50.825,50.05,50.225,51.15
1017,98.8,56.53333333,55.525,53.325,51.35,51.975,55.975,56.75,54.75,50.95,50.075,50.5,51
1018,98.9,56.5,55.5,53.125,51.175,51.9,55.925,56.725,54.6,50.925,50.2,50.3,50.9
1019,99.2,56.4,55.125,52.875,51.025,51.65,55.775,56.6,54.55,50.825,50.075,50.125,50.8
1020,99.3,56.4,54.825,52.8,50.775,51.425,55.525,56.35,54.3,50.5,49.975,49.925,50.6
1021,98.9,56.26666667,54.55,52.425,50.625,51.15,55.225,56.325,53.95,50.2,49.475,49.4,50.425
1022,99,55.9,54.375,52.225,50.3,50.875,54.925,56,53.825,49.975,49.275,49.275,50.075
1023,98.9,55.46666667,54.35,51.85,50.025,50.625,54.675,55.65,53.6,49.85,49.05,49.175,50
1024,98.9,55.43333333,54,51.475,49.85,50.325,54.425,55.575,53.325,49.55,48.85,48.95,49.775
1025,98.9,55.23333333,53.925,51.4,49.775,50.15,54.25,55.4,53.2,49.475,48.75,48.7,49.575
1026,98.9,55.06666667,53.675,51.275,49.625,50.075,54,54.775,52.775,49.3,48.575,48.6,49.325
1027,99,55,53.575,51.225,49.35,49.95,53.85,54.625,52.575,48.95,48.325,48.375,49.175
1028,98.9,54.96666667,53.325,50.875,49.275,49.9,53.675,54.45,52.55,48.775,48.225,48.25,48.975
1029,98.9,54.96666667,53.25,50.775,49.2,49.775,53.45,54.425,52.325,48.7,48,48.2,48.775
1030,98.9,54.93333333,53.225,50.725,49.05,49.7,53.425,54.275,52.3,48.6,47.775,48.2,48.65
1031,99,54.86666667,53.175,50.7,49.025,49.675,53.3,54.275,52.225,48.625,47.75,47.975,48.55
1032,99,54.83333333,53.075,50.6,49.05,49.625,53.125,54.225,52.2,48.55,47.625,47.9,48.55
1033,98.8,54.3,52.975,50.5,48.875,49.4,53.1,54.125,52.075,48.525,47.55,47.875,48.5
1034,98.8,54.26666667,52.975,50.425,48.85,49.325,52.975,53.95,52.025,48.425,47.475,47.8,48.275
1035,98.8,54.13333333,52.925,50.3,48.7,49.15,52.9,53.7,51.9,48.3,47.35,47.625,48.275
1036,98.6,53.96666667,52.775,50.1,48.5,48.925,52.8,53.675,51.7,47.875,47.25,47.55,48.2
1037,98.6,53.76666667,52.65,50.025,48.35,48.825,52.575,53.35,51.625,47.675,47.15,47.15,48.1
1038,98.6,53.73333333,52.125,49.775,48.15,48.5,52.2,53.125,51.3,47.5,46.925,47,47.625
1039,98.6,53.3,52.05,49.375,47.725,48.175,52.1,52.825,50.775,47.275,46.725,46.85,47.325
1040,98.6,53.26666667,51.85,49.1,47.4,47.8,51.925,52.575,50.575,46.9,46.575,46.525,47.1
1041,98.6,53.13333333,51.65,49.125,47.275,47.6,51.45,52.35,50.175,46.775,46.175,46.225,47.025
1042,98.5,53,51.425,48.8,47.125,47.45,51.4,52.1,50.125,46.625,46.075,46.075,46.875
1043,98.5,52.93333333,51.3,48.725,47.025,47.275,51.125,51.975,50.075,46.55,45.95,46.05,46.65
1044,98.4,52.8,51.325,48.7,47.05,47.25,51.15,51.925,49.775,46.5,45.7,45.7,46.675
1045,98.4,52.73333333,51.25,48.65,46.925,47.2,51.125,51.925,49.65,46.35,45.575,45.65,46.5
1046,98.4,52.7,51.35,48.575,46.8,47,50.975,51.725,49.5,46.125,45.5,45.575,46.35
1047,98.5,52.63333333,51.225,48.525,46.75,47,51,51.525,49.425,46.1,45.45,45.525,46.225
1048,98.6,52.66666667,51.225,48.6,46.6,46.975,50.95,51.5,49.4,46.1,45.4,45.5,46.225
1049,98.6,52.6,51.2,48.45,46.65,47,50.875,51.5,49.45,46.075,45.45,45.5,46.25
1050,98.6,52.63333333,51.35,48.425,46.65,47.05,50.975,51.525,49.45,46.075,45.575,45.475,46.225
1051,98.6,52.5,51.4,48.4,46.6,47.075,50.925,51.575,49.425,46.125,45.6,45.45,46.2
1052,98.6,52.46666667,51.25,48.375,46.55,47.075,50.875,51.525,49.425,46.125,45.525,45.35,46.2
1053,98.7,52.36666667,51.175,48.35,46.55,47.125,50.875,51.475,49.45,46.15,45.525,45.4,46.25
1054,98.9,52.36666667,50.95,48.3,46.525,47.075,50.8,51.4,49.45,46.15,45.575,45.4,46.175
1055,98.7,52.3,50.8,48.2,46.5,47.1,50.75,51.35,49.425,46.025,45.525,45.325,45.95
1056,98.7,52.3,50.725,48.125,46.175,47,50.425,51,49.1,45.75,45.35,45.1,45.8
1057,98.7,51.93333333,50.325,47.725,45.85,46.525,49.95,50.3,48.675,45.35,44.425,44.9,45.425
1058,98.7,51.26666667,49.6,47.05,45.2,45.75,49.4,49.45,47.925,44.5,43.825,44.275,44.65
1059,98.7,50.9,48.575,46.35,44.275,44.85,48.85,48.825,47.35,43.95,43.225,43.25,44.075
1060,98.8,50.8,48.05,45.65,43.775,44.725,48.3,48.175,46.475,43.225,42.525,42.575,43.325
1061,98.6,50.16666667,47.95,45.1,43.45,44.375,47.9,48.05,46.2,42.9,42.35,42.475,42.975
1062,98.7,50.03333333,47.85,44.95,43.425,44.35,47.375,47.75,45.875,42.75,42.3,42.3,42.8
1063,98.7,49.96666667,47.9,44.9,43.2,44.175,47.2,47.575,45.925,42.75,42.225,42.275,42.775
1064,98.8,49.8,47.875,44.8,43.175,44.05,47.225,47.6,45.875,42.675,42.175,42.175,42.75
1065,98.8,49.8,47.925,44.8,43.25,44.1,47.225,47.7,45.9,42.625,42.025,42.175,42.75
1066,98.7,49.8,47.925,44.875,43.35,43.925,47.2,47.75,45.9,42.55,42,42.1,42.75
1067,98.8,49.73333333,47.95,44.8,43.2,43.775,47.15,47.675,45.75,42.475,42.025,42.025,42.675
1068,98.9,49.66666667,47.875,44.525,43,43.575,47.1,47.65,45.325,42.075,41.9,41.8,42.625
1069,98.8,49.36666667,47.525,44.525,42.825,43.075,46.825,47.375,45.3,41.8,41.35,41.75,42.4
1070,98.8,49.3,47.125,43.975,42.5,43.075,46.575,46.7,44.8,41.75,41.25,41.425,42.05
1071,98.8,49.13333333,46.95,43.95,42.15,42.95,46.475,46.525,44.725,41.65,41.225,41.225,42
1072,98.8,49.26666667,46.9,44.225,42.15,42.95,46.3,46.6,44.7,41.575,41.125,41.2,41.775
1073,98.7,49.23333333,46.975,44.05,41.85,42.8,46.1,46.575,44.825,41.55,41.125,41.15,41.65
1074,98.4,49.03333333,46.9,43.95,41.775,42.65,46.075,46.475,44.625,41.5,40.85,41.025,41.575
1075,98.3,48.8,46.925,43.65,41.7,42.35,45.875,46.325,44.25,41.45,40.8,40.925,41.475
1076,97.8,48.43333333,46.575,43.6,41.475,42.15,45.65,46,44.175,41.05,40.475,40.8,41.35
1077,97.9,48.36666667,46.775,43.375,41.575,41.675,45.725,45.975,43.9,40.95,40.4,40.675,41.25
1078,97.9,48.36666667,46.5,43.225,41.575,41.85,45.675,45.825,44.175,40.825,40.325,40.625,41.075
1079,98,48.46666667,46.45,43.25,41.65,42.075,45.7,45.75,44.15,40.9,40.35,40.575,40.975
1080,98.4,48.6,46.475,43.125,41.575,42.05,45.55,45.725,44.225,40.775,40.3,40.625,40.875
1081,98.3,48.53333333,46.5,43.125,41.5,42.025,45.475,45.55,44.075,40.825,40.35,40.7,40.9
1082,98.4,48.5,46.425,43.175,41.4,41.875,45.45,45.675,43.85,40.65,40.05,40.575,40.725
1083,98.4,48.46666667,46.3,43.15,41.275,41.8,45.1,45.575,43.75,40.625,40.05,40.5,40.725
1084,98.4,48.43333333,46.35,43.075,41.425,41.5,45.125,45.8,43.725,40.65,40.05,40.475,40.5
1085,98.5,48.53333333,46.6,43.1,41.525,41.475,45.275,45.775,43.8,40.7,40.225,40.5,40.775
1086,98.4,48.7,46.6,43.075,41.6,41.725,45.425,45.95,43.85,41.1,40.3,40.65,41.05
1087,98.4,48.7,46.5,43.125,41.5,41.75,45.65,45.925,43.775,40.925,40.35,40.5,41.075
1088,98.4,48.46666667,46.35,42.925,41.475,41.8,45.45,45.575,43.7,40.925,40.325,40.15,40.85
1089,98.5,48.3,46.05,42.725,41.1,41.625,45.075,45.35,43.025,40.15,40.075,39.825,40.7
1090,98.6,48.1,45.8,42.65,40.575,41.15,44.475,44.625,42.65,40.025,39.725,39.425,39.975
1091,98.5,47.73333333,45.7,42.225,40.525,40.85,44.175,44.35,42.425,39.55,39.65,39.425,39.75
1092,98.6,47.73333333,45.65,42.075,40.375,40.875,44.25,44.175,42.55,39.75,39.4,39.375,39.725
1093,98.7,47.93333333,45.7,42.175,40.4,40.925,44.25,44.225,42.575,40.1,39.325,39.375,39.725
1094,98.9,48.13333333,45.6,42.125,40.45,40.9,44.15,44.175,42.725,40.2,39.225,39.425,39.8
1095,98.5,48.16666667,45.625,41.925,40.425,40.9,44.7,44.3,42.725,39.925,38.9,39.4,39.825
1096,98.6,48,45.575,41.95,40.4,40.95,44.55,44.2,42.575,39.75,38.85,39.225,39.95
1097,98.6,47.73333333,45.475,42.025,40,40.975,44.225,44.175,42.55,39.575,38.55,39.125,39.525
1098,98.6,47.5,45.45,41.4,39.85,40.725,43.9,43.75,42.425,39.375,38.225,38.75,39.2
1099,99.1,47.43333333,45.4,41.075,39.65,40.175,43.775,43.625,42,39.025,38,38.375,39
1100,99.4,59.53333333,65.025,61.675,51.85,63.925,56.75,56.6,54.95,50.275,58.375,56.175,67.175
