wavelength,S10 Irrad 1,S10 Irrad 2,S10 Irrad 3,S10 Irrad 4,S10 Irrad 5,S10 Irrad 6,S10 Irrad 7,S10 Irrad 8,S10 Postheat,S10 Preheat,blank
190,1.98425,2.06725,2.08375,2.164,2.1175,2.1077500000000002,2.104,2.079,1.69575,1.67,0.048
191,2.0629999999999997,2.1565,2.1725,2.2394,2.2,2.2025,2.18175,2.183,1.727,1.707,0.043
192,2.1464999999999996,2.25225,2.2562499999999996,2.2880000000000003,2.2712499999999998,2.2575000000000003,2.255,2.243,1.7542499999999999,1.7297500000000001,0.039
193,2.19275,2.2872500000000002,2.3074999999999997,2.362,2.3407500000000003,2.3375,2.32475,2.286,1.7702499999999999,1.753,0.036
194,2.222,2.3535000000000004,2.37025,2.4370000000000003,2.397,2.4019999999999997,2.3899999999999997,2.37,1.77925,1.7602499999999999,0.032
195,2.25825,2.3817500000000003,2.424,2.4662,2.439,2.45125,2.4205,2.391,1.7882500000000001,1.7647499999999998,0.031
196,2.27875,2.4425,2.45225,2.5324,2.47875,2.48675,2.45825,2.421,1.7914999999999999,1.769,0.026
197,2.31725,2.4655,2.4892499999999997,2.5571999999999995,2.5285,2.5227500000000003,2.4985,2.446,1.79575,1.7774999999999999,0.025
198,2.337,2.487,2.51275,2.5731999999999995,2.5564999999999998,2.5397499999999997,2.5185,2.477,1.8005,1.7802499999999999,0.024
199,2.36375,2.516,2.53375,2.5916,2.56225,2.56175,2.5367499999999996,2.513,1.8017500000000002,1.78175,0.02
200,2.3725,2.519,2.5495,2.6062,2.5772500000000003,2.57125,2.5507500000000003,2.534,1.8005,1.7782499999999999,0.02
201,2.395,2.52775,2.56,2.6226,2.61075,2.5765,2.5595000000000003,2.556,1.7962500000000001,1.7682499999999999,0.019
202,2.4145,2.5467500000000003,2.57625,2.6632000000000002,2.6155,2.59525,2.5925000000000002,2.585,1.7854999999999999,1.7590000000000001,0.018
203,2.4275,2.577,2.5985,2.6784,2.63725,2.6107499999999995,2.6195,2.597,1.774,1.7497500000000001,0.015
204,2.45125,2.61225,2.62875,2.6936,2.671,2.6487499999999997,2.66,2.63,1.759,1.7312500000000002,0.015
205,2.474,2.634,2.651,2.7234000000000003,2.70725,2.6695,2.68325,2.642,1.7355,1.708,0.012
206,2.49,2.647,2.6785,2.7464,2.7170000000000005,2.6895,2.69075,2.655,1.7085000000000001,1.67825,0.012
207,2.49725,2.671,2.6839999999999997,2.7702,2.73325,2.7082499999999996,2.7065,2.669,1.67325,1.6400000000000001,0.012
208,2.50425,2.68025,2.6907500000000004,2.782,2.76025,2.721,2.7189999999999994,2.689,1.63125,1.5965,0.011
209,2.507,2.6822500000000002,2.70575,2.7886,2.76975,2.7279999999999998,2.7285000000000004,2.694,1.586,1.54825,0.011
210,2.507,2.68975,2.7169999999999996,2.804,2.7729999999999997,2.739,2.7407500000000002,2.703,1.5372499999999998,1.502,0.009
211,2.50425,2.69975,2.7345,2.8156000000000003,2.77775,2.75425,2.75475,2.714,1.4867500000000002,1.4505000000000001,0.009
212,2.49825,2.7039999999999997,2.74,2.8236,2.7885,2.7617499999999997,2.77,2.734,1.43625,1.39725,0.01
213,2.49,2.7097499999999997,2.74675,2.8266,2.79275,2.7592499999999998,2.782,2.743,1.3864999999999998,1.34725,0.011
214,2.4837499999999997,2.72675,2.7565,2.8413999999999997,2.806,2.764,2.7952500000000002,2.746,1.338,1.296,0.01
215,2.62475,2.9040000000000004,2.966,2.9996,3.0,2.96325,2.99275,3.0,1.3250000000000002,1.2805,0.01
216,2.91325,3.0,3.0,3.0,3.0,3.0,3.0,3.0,1.2995,1.2487499999999998,0.01
217,3.0,3.0,3.0,3.0,3.0,3.0,3.0,3.0,1.2502499999999999,1.20425,0.01
218,3.0,3.0,3.0,3.0,3.0,3.0,3.0,3.0,1.2055,1.162,0.009
219,2.998,3.0,3.0,3.0,3.0,3.0,3.0,3.0,1.1625,1.1207500000000001,0.008
220,2.9415,3.0,3.0,3.0,3.0,3.0,3.0,3.0,1.1225,1.08,0.008
221,2.82975,3.0,3.0,3.0,3.0,3.0,3.0,3.0,1.08675,1.04325,0.008
222,2.59875,3.0,3.0,3.0,3.0,3.0,3.0,3.0,1.0542500000000001,1.011,0.007
223,2.2145,2.97975,3.0,3.0,3.0,3.0,3.0,3.0,1.0145,0.971,0.007
224,2.0595,2.6719999999999997,2.94625,3.0,3.0,3.0,3.0,3.0,0.98825,0.945,0.007
225,1.959,2.5277499999999997,2.82525,2.9992,2.94025,2.91175,2.94075,2.903,0.9684999999999999,0.9255000000000001,0.007
226,1.87775,2.4225000000000003,2.7435,2.9486,2.8615000000000004,2.84175,2.8724999999999996,2.837,0.9534999999999999,0.9112500000000001,0.007
227,1.80775,2.331,2.6665,2.8972,2.80775,2.7897499999999997,2.81975,2.777,0.9422499999999999,0.9007499999999999,0.005
228,1.7525,2.25475,2.59375,2.8376,2.7514999999999996,2.739,2.76975,2.736,0.9410000000000001,0.89775,0.005
229,1.7112500000000002,2.19275,2.5309999999999997,2.7800000000000002,2.6957500000000003,2.6842499999999996,2.71425,2.687,0.9427499999999999,0.90025,0.004
230,1.675,2.1390000000000002,2.46775,2.715,2.63675,2.62675,2.65825,2.632,0.9472499999999999,0.90875,0.004
231,1.644,2.08025,2.401,2.6384,2.566,2.55675,2.585,2.56,0.9524999999999999,0.9137500000000001,0.003
232,1.6059999999999999,2.013,2.31575,2.5434,2.47775,2.4675000000000002,2.4924999999999997,2.466,0.96175,0.9217500000000001,0.003
233,1.56975,1.94675,2.23025,2.4486,2.38625,2.3762499999999998,2.3975,2.375,0.9714999999999999,0.9299999999999999,0.005
234,1.5382500000000001,1.88625,2.15,2.3606000000000003,2.29825,2.291,2.31225,2.285,0.9815,0.93925,0.005
235,1.50775,1.83,2.07475,2.275,2.21475,2.20875,2.22675,2.199,0.993,0.9514999999999999,0.005
236,1.483,1.7805,2.009,2.1986000000000003,2.1414999999999997,2.13375,2.151,2.127,1.005,0.9635,0.005
237,1.4612500000000002,1.736,1.9485000000000001,2.128,2.074,2.0677499999999998,2.08225,2.056,1.01675,0.97525,0.005
238,1.4420000000000002,1.6955,1.8905,2.0604000000000005,2.01025,2.0045,2.0155,1.991,1.02725,0.9857499999999999,0.005
239,1.42125,1.6549999999999998,1.83425,1.9942,1.9475,1.9405,1.9505,1.924,1.036,0.9942500000000001,0.005
240,1.3994999999999997,1.61225,1.778,1.9280000000000002,1.8815,1.8744999999999998,1.88325,1.857,1.0422500000000001,0.99975,0.006
241,1.37825,1.5724999999999998,1.7262499999999998,1.8674,1.821,1.81375,1.8212499999999998,1.797,1.044,1.001,0.006
242,1.35975,1.5385,1.681,1.8146,1.7715,1.7645,1.7702499999999999,1.746,1.0442500000000001,1.00275,0.006
243,1.34475,1.51425,1.64675,1.7722000000000002,1.7327500000000002,1.7252500000000002,1.7305000000000001,1.705,1.04575,1.004,0.005
244,1.33075,1.491,1.6165,1.7361999999999997,1.6985000000000001,1.6920000000000002,1.6980000000000002,1.667,1.046,1.0045,0.005
245,1.31175,1.46,1.57825,1.6924,1.6557499999999998,1.6487500000000002,1.6540000000000001,1.626,1.0414999999999999,0.9989999999999999,0.005
246,1.28375,1.4209999999999998,1.53075,1.6398,1.60575,1.5965,1.6012500000000003,1.575,1.0230000000000001,0.982,0.005
247,1.259,1.388,1.4895,1.5942,1.5617500000000002,1.5519999999999998,1.55575,1.531,1.0065,0.9632499999999999,0.004
248,1.24075,1.365,1.4620000000000002,1.5636,1.5317499999999997,1.5214999999999999,1.5292500000000002,1.501,0.9924999999999999,0.949,0.003
249,1.2235,1.34325,1.4405000000000001,1.5366,1.5074999999999998,1.4977500000000001,1.5042499999999999,1.475,0.97875,0.9404999999999999,0.003
250,1.20425,1.3217500000000002,1.414,1.5073999999999999,1.4820000000000002,1.4705,1.4762499999999998,1.445,0.9634999999999999,0.9245000000000001,0.003
251,1.17975,1.2947499999999998,1.3855,1.475,1.44875,1.4405,1.44275,1.413,0.943,0.9025000000000001,0.003
252,1.1545,1.266,1.3519999999999999,1.4378000000000002,1.414,1.4092500000000001,1.408,1.376,0.9175000000000001,0.87575,0.003
253,1.12925,1.24075,1.3245,1.4065999999999999,1.3837499999999998,1.3784999999999998,1.3772499999999999,1.346,0.89275,0.85075,0.004
254,1.10975,1.219,1.3007499999999999,1.3818,1.36,1.355,1.35225,1.321,0.8714999999999999,0.8302499999999999,0.004
255,1.09,1.1977499999999999,1.2774999999999999,1.3578000000000001,1.3367499999999999,1.3305,1.328,1.296,0.85075,0.81025,0.004
256,1.0702500000000001,1.1764999999999999,1.2550000000000001,1.3324000000000003,1.3125,1.30675,1.3045,1.273,0.8307499999999999,0.78925,0.004
257,1.04825,1.1544999999999999,1.2315,1.3077999999999999,1.2882500000000001,1.2827499999999998,1.28075,1.249,0.809,0.76675,0.005
258,1.03,1.135,1.2085000000000001,1.286,1.26525,1.2605,1.2570000000000001,1.228,0.7872500000000001,0.74525,0.005
259,1.0099999999999998,1.11525,1.18675,1.265,1.242,1.237,1.23475,1.208,0.766,0.7242500000000001,0.006
260,0.99275,1.098,1.17025,1.2444000000000002,1.2235,1.2180000000000002,1.21625,1.189,0.7475,0.70575,0.005
261,0.98,1.08725,1.15675,1.2338,1.2102499999999998,1.2080000000000002,1.205,1.176,0.73525,0.696,0.003
262,0.9754999999999999,1.0812499999999998,1.14975,1.2247999999999999,1.20675,1.20225,1.2015,1.173,0.7304999999999999,0.68975,0.003
263,0.9715,1.0745,1.1435,1.2186000000000001,1.2005000000000001,1.196,1.1947500000000002,1.163,0.72325,0.6855,0.003
264,0.9627499999999999,1.0662500000000001,1.136,1.2091999999999998,1.192,1.1869999999999998,1.186,1.151,0.71575,0.6765,0.004
265,0.9549999999999998,1.058,1.129,1.199,1.1832500000000001,1.17825,1.177,1.142,0.7052499999999999,0.66675,0.004
266,0.94675,1.0505,1.1195000000000002,1.1905999999999999,1.1742500000000002,1.1695000000000002,1.16675,1.133,0.6962499999999999,0.657,0.005
267,0.93825,1.0427499999999998,1.1105,1.1834,1.16575,1.162,1.159,1.125,0.688,0.6485,0.005
268,0.93325,1.0382500000000001,1.1062500000000002,1.1784000000000001,1.16025,1.158,1.15475,1.121,0.6827500000000001,0.64275,0.005
269,0.93025,1.0370000000000001,1.10325,1.1768,1.15875,1.1552499999999999,1.152,1.118,0.6785000000000001,0.63975,0.006
270,0.927,1.0325,1.1002500000000002,1.1738,1.15675,1.1535,1.149,1.116,0.67425,0.636,0.006
271,0.92275,1.0292499999999998,1.09575,1.169,1.15225,1.148,1.145,1.112,0.66875,0.62975,0.006
272,0.92025,1.0265,1.09325,1.1665999999999999,1.14975,1.1447500000000002,1.1424999999999998,1.11,0.664,0.625,0.006
273,0.92,1.0277500000000002,1.09425,1.1687999999999998,1.14975,1.1469999999999998,1.1444999999999999,1.112,0.6645000000000001,0.625,0.006
274,0.92125,1.0294999999999999,1.09725,1.1718,1.1532499999999999,1.152,1.14875,1.113,0.6652500000000001,0.627,0.006
275,0.92125,1.02975,1.098,1.1720000000000002,1.1544999999999999,1.1525,1.149,1.114,0.665,0.627,0.007
276,0.9215,1.029,1.0985,1.1722000000000001,1.1549999999999998,1.1532499999999999,1.1492499999999999,1.114,0.663,0.6245,0.007
277,0.921,1.0285,1.0985,1.174,1.1555,1.1532499999999999,1.14975,1.115,0.6587500000000001,0.6225,0.007
278,0.921,1.0294999999999999,1.09975,1.1751999999999998,1.1567500000000002,1.1557499999999998,1.1505,1.116,0.657,0.61975,0.007
279,0.9212499999999999,1.0305,1.10325,1.178,1.1592500000000001,1.1575000000000002,1.15525,1.119,0.6565000000000001,0.6194999999999999,0.008
280,0.9215,1.031,1.1035,1.1812,1.161,1.16,1.158,1.12,0.65625,0.61925,0.008
281,0.9215000000000001,1.031,1.10375,1.1818,1.1615,1.161,1.158,1.121,0.6555,0.617,0.008
282,0.9199999999999999,1.03175,1.1045,1.1831999999999998,1.1624999999999999,1.1617499999999998,1.15875,1.122,0.651,0.61275,0.009
283,0.9205000000000001,1.03325,1.10675,1.1862,1.16525,1.165,1.163,1.129,0.65025,0.61225,0.01
284,0.9217500000000001,1.0365,1.10925,1.191,1.1724999999999999,1.16975,1.16625,1.132,0.65,0.61325,0.01
285,0.922,1.039,1.1125,1.1936,1.1745,1.1725,1.1684999999999999,1.135,0.649,0.61275,0.01
286,0.922,1.03925,1.1145,1.195,1.1755,1.173,1.17075,1.137,0.6460000000000001,0.61025,0.01
287,0.922,1.04075,1.1167500000000001,1.1994,1.17875,1.17675,1.1740000000000002,1.141,0.64425,0.6094999999999999,0.01
288,0.9227500000000001,1.04475,1.1215000000000002,1.2054,1.1837499999999999,1.1835,1.179,1.146,0.64425,0.60925,0.009
289,0.924,1.0467499999999998,1.12325,1.2088,1.18725,1.1872500000000001,1.1835,1.148,0.64375,0.6087499999999999,0.009
290,0.9235,1.04725,1.1245,1.2092000000000003,1.1875,1.1872500000000001,1.1837499999999999,1.148,0.6415,0.6065,0.009
291,0.9235,1.04725,1.1245,1.211,1.1885,1.18875,1.1854999999999998,1.151,0.64025,0.6039999999999999,0.009
292,0.9245,1.0515,1.1287500000000001,1.217,1.193,1.19025,1.1905000000000001,1.154,0.6395000000000001,0.6039999999999999,0.009
293,0.925,1.0525,1.13075,1.2182,1.1955,1.1942499999999998,1.19425,1.157,0.639,0.60325,0.009
294,0.925,1.0527499999999999,1.131,1.2188,1.1960000000000002,1.1949999999999998,1.19525,1.157,0.6365,0.6012500000000001,0.009
295,0.9252500000000001,1.052,1.1312499999999999,1.2192,1.1960000000000002,1.19525,1.1945,1.157,0.633,0.60025,0.011
296,0.9252500000000001,1.0525,1.13225,1.2202,1.1960000000000002,1.19575,1.1945,1.159,0.63225,0.599,0.01
297,0.925,1.0525,1.1332499999999999,1.221,1.19725,1.1975000000000002,1.1955,1.16,0.6305000000000001,0.597,0.01
298,0.92625,1.0534999999999999,1.1349999999999998,1.2238,1.1975,1.1995,1.19775,1.162,0.63,0.596,0.01
299,0.928,1.0565,1.1375,1.2272,1.20225,1.20225,1.201,1.163,0.63025,0.5964999999999999,0.012
300,0.9287500000000001,1.05675,1.1384999999999998,1.2278,1.2037499999999999,1.20325,1.20325,1.164,0.62975,0.5964999999999999,0.01
301,0.92725,1.05625,1.13725,1.228,1.2037499999999999,1.203,1.202,1.164,0.6275,0.59575,0.011
302,0.9262500000000001,1.056,1.13725,1.2272,1.203,1.203,1.202,1.164,0.62575,0.59475,0.011
303,0.926,1.05525,1.13625,1.2260000000000002,1.2002499999999998,1.2015,1.2007500000000002,1.164,0.62525,0.593,0.01
304,0.9252500000000001,1.0545,1.1360000000000001,1.2240000000000002,1.1995,1.20075,1.1997499999999999,1.161,0.62175,0.5914999999999999,0.01
305,0.92425,1.051,1.1315,1.2192,1.1955,1.19675,1.193,1.158,0.61975,0.5887499999999999,0.009
306,0.92175,1.04725,1.1275,1.2152,1.1895,1.19,1.18825,1.152,0.61625,0.583,0.009
307,0.91725,1.0425,1.12175,1.2098,1.1820000000000002,1.1829999999999998,1.18175,1.146,0.6124999999999999,0.5792499999999999,0.009
308,0.914,1.037,1.1155000000000002,1.2032,1.17475,1.17525,1.174,1.14,0.60875,0.57575,0.009
309,0.9115,1.03275,1.1095000000000002,1.1972,1.168,1.17,1.16875,1.135,0.6054999999999999,0.5722499999999999,0.009
310,0.9097500000000001,1.0305,1.10625,1.1936,1.164,1.1665,1.1645,1.13,0.605,0.572,0.009
311,0.9077500000000001,1.028,1.1025,1.1893999999999998,1.16025,1.1624999999999999,1.159,1.125,0.604,0.57175,0.009
312,0.906,1.024,1.0975000000000001,1.1838,1.1535000000000002,1.15725,1.1535,1.119,0.60375,0.5707499999999999,0.008
313,0.9015000000000001,1.018,1.09075,1.1758,1.14525,1.1485,1.1452499999999999,1.112,0.6007499999999999,0.568,0.008
314,0.89675,1.01125,1.08175,1.1662,1.1355,1.137,1.13475,1.102,0.5965,0.5630000000000001,0.008
315,0.8952500000000001,1.00875,1.0775000000000001,1.1616,1.1295,1.1317499999999998,1.1292499999999999,1.095,0.5959999999999999,0.56325,0.008
316,0.8952500000000001,1.0079999999999998,1.07525,1.1578,1.1255000000000002,1.129,1.1255000000000002,1.09,0.59775,0.565,0.009
317,0.8935,1.0030000000000001,1.06875,1.1496,1.11775,1.12125,1.1167500000000001,1.083,0.59775,0.5642499999999999,0.009
318,0.88675,0.994,1.058,1.1374,1.10575,1.109,1.10375,1.072,0.5935,0.5585,0.009
319,0.88175,0.98725,1.0492499999999998,1.1284,1.095,1.0982500000000002,1.09375,1.062,0.5902499999999999,0.55625,0.009
320,0.879,0.98175,1.0425,1.121,1.08675,1.09,1.0865,1.052,0.5892499999999999,0.55625,0.008
321,0.8735,0.9732500000000001,1.03175,1.1088,1.07525,1.0775,1.0745,1.041,0.5862499999999999,0.55425,0.008
322,0.86425,0.9610000000000001,1.017,1.0926000000000002,1.05875,1.06075,1.0582500000000001,1.026,0.57775,0.5450000000000002,0.007
323,0.8574999999999999,0.9517499999999999,1.00625,1.0811999999999997,1.0455,1.04775,1.045,1.014,0.574,0.5410000000000001,0.008
324,0.8552500000000001,0.9495,1.00075,1.075,1.03875,1.0415,1.03775,1.006,0.5747499999999999,0.542,0.008
325,0.8555,0.94575,0.996,1.0697999999999999,1.033,1.036,1.0314999999999999,0.999,0.57675,0.5447500000000001,0.008
326,0.8545,0.9412499999999999,0.99075,1.0618,1.0262499999999999,1.0282499999999999,1.02375,0.99,0.57725,0.54525,0.008
327,0.84975,0.93475,0.98275,1.052,1.0162499999999999,1.0190000000000001,1.01375,0.981,0.5762499999999999,0.5445,0.007
328,0.84325,0.9257500000000001,0.9725,1.0402,1.00475,1.0075,1.0025,0.969,0.5734999999999999,0.54125,0.007
329,0.837,0.9167500000000001,0.962,1.0282,0.992,0.99425,0.98975,0.957,0.5695,0.5377500000000001,0.007
330,0.8292499999999999,0.9077500000000001,0.95075,1.0162,0.97875,0.9812500000000001,0.97575,0.945,0.56575,0.53325,0.007
331,0.823,0.8989999999999999,0.9392499999999999,1.0031999999999999,0.9664999999999999,0.9677499999999999,0.96275,0.933,0.56125,0.5285,0.007
332,0.8182499999999999,0.89175,0.9299999999999999,0.9938,0.95575,0.95775,0.953,0.922,0.55925,0.527,0.007
333,0.81625,0.8872500000000001,0.9235,0.9867999999999999,0.94875,0.9504999999999999,0.94575,0.914,0.56,0.527,0.008
334,0.8135,0.883,0.9175,0.9783999999999999,0.9405,0.9432499999999999,0.9382499999999999,0.907,0.56025,0.5277499999999999,0.008
335,0.809,0.876,0.9107500000000001,0.969,0.9317500000000001,0.9337500000000001,0.92825,0.897,0.55925,0.527,0.008
336,0.8027500000000001,0.86775,0.90025,0.9581999999999999,0.921,0.9225000000000001,0.91675,0.886,0.5557500000000001,0.5235,0.008
337,0.797,0.85975,0.8912500000000001,0.9481999999999999,0.9107500000000001,0.9127500000000001,0.9057499999999999,0.877,0.55325,0.521,0.008
338,0.79275,0.8535,0.8835,0.9394,0.90175,0.90375,0.897,0.868,0.55175,0.5205000000000001,0.007
339,0.788,0.8467499999999999,0.8755,0.9302000000000001,0.89175,0.89425,0.88725,0.859,0.5505,0.518,0.007
340,0.78175,0.839,0.8652500000000001,0.9192,0.881,0.8827499999999999,0.87675,0.848,0.5469999999999999,0.51475,0.008
341,0.775,0.82975,0.85475,0.907,0.8692500000000001,0.8712500000000001,0.865,0.837,0.54325,0.51075,0.007
342,0.76875,0.8212499999999999,0.8444999999999999,0.8954000000000001,0.8579999999999999,0.8592499999999998,0.85325,0.826,0.5395000000000001,0.50675,0.008
343,0.7642500000000001,0.81525,0.836,0.8870000000000001,0.8492500000000001,0.8507499999999999,0.84375,0.817,0.538,0.50525,0.008
344,0.7637499999999999,0.8125,0.8335,0.8834,0.8447499999999999,0.84625,0.8394999999999999,0.812,0.5395000000000001,0.508,0.008
345,0.7635,0.80975,0.82975,0.8812000000000001,0.842,0.843,0.8362499999999999,0.808,0.542,0.50925,0.009
346,0.76075,0.8055000000000001,0.8252499999999999,0.8732,0.8355,0.8364999999999999,0.83075,0.803,0.5422500000000001,0.5095000000000001,0.008
347,0.754,0.7982500000000001,0.8162499999999999,0.8632,0.8254999999999999,0.82675,0.82,0.793,0.5407500000000001,0.50725,0.008
348,0.7475,0.78975,0.806,0.8526,0.815,0.81675,0.80925,0.783,0.53625,0.5037499999999999,0.008
349,0.7415,0.7827500000000001,0.7985000000000001,0.8441999999999998,0.80625,0.8075,0.8,0.774,0.534,0.5015000000000001,0.008
350,0.73725,0.7769999999999999,0.7915000000000001,0.8357999999999999,0.7977500000000001,0.7982500000000001,0.7915,0.766,0.53225,0.4985,0.009
351,0.7314999999999999,0.77,0.78225,0.8257999999999999,0.7882499999999999,0.7889999999999999,0.782,0.758,0.529,0.49424999999999997,0.01
352,0.72675,0.7620000000000001,0.77425,0.8186,0.7797499999999999,0.78075,0.774,0.749,0.527,0.49324999999999997,0.01
353,0.72375,0.7585000000000001,0.77,0.8130000000000001,0.77275,0.773,0.7677500000000002,0.745,0.5265,0.49324999999999997,0.009
354,0.7204999999999999,0.7532500000000001,0.76525,0.8044,0.76775,0.7642500000000001,0.76025,0.737,0.526,0.491,0.01
355,0.7162499999999999,0.7485,0.7575000000000001,0.7976000000000001,0.762,0.7582500000000001,0.7532500000000001,0.733,0.5255,0.4885,0.01
356,0.71425,0.7454999999999999,0.75525,0.794,0.75725,0.7565,0.752,0.73,0.52425,0.48875,0.01
357,0.7137499999999999,0.7435,0.7535000000000001,0.7918000000000001,0.7562500000000001,0.7565,0.7505000000000001,0.727,0.5255000000000001,0.49,0.012
358,0.71,0.7395,0.745,0.784,0.75125,0.74775,0.7414999999999999,0.725,0.5245000000000001,0.48975,0.012
359,0.7044999999999999,0.73125,0.736,0.7768,0.741,0.73825,0.731,0.714,0.5215000000000001,0.48875,0.012
360,0.70175,0.7295,0.73375,0.7746000000000001,0.737,0.736,0.7297499999999999,0.712,0.5222500000000001,0.48950000000000005,0.012
361,0.7027499999999999,0.732,0.73475,0.775,0.7387499999999999,0.7404999999999999,0.731,0.713,0.531,0.49675,0.013
362,0.70525,0.73275,0.7344999999999999,0.775,0.7395,0.74125,0.7324999999999999,0.712,0.5335,0.49824999999999997,0.013
363,0.70475,0.73075,0.7335,0.7714000000000001,0.7382500000000001,0.739,0.7304999999999999,0.703,0.533,0.4995,0.013
364,0.702,0.722,0.72675,0.7642,0.7312500000000001,0.73125,0.723,0.697,0.5317500000000001,0.5,0.012
365,0.6957500000000001,0.7175,0.7202500000000001,0.7567999999999999,0.723,0.7224999999999999,0.7165,0.692,0.527,0.4975,0.011
366,0.69125,0.7125,0.71575,0.7514000000000001,0.7165,0.7162499999999999,0.712,0.688,0.52675,0.49449999999999994,0.011
367,0.6877500000000001,0.70875,0.71075,0.746,0.713,0.7124999999999999,0.7064999999999999,0.684,0.526,0.494,0.011
368,0.6835,0.70175,0.7047499999999999,0.7390000000000001,0.7055,0.70525,0.6992499999999999,0.679,0.52375,0.4905,0.011
369,0.6779999999999999,0.697,0.698,0.7316,0.6992499999999999,0.6992499999999999,0.692,0.674,0.52075,0.48674999999999996,0.011
370,0.6737500000000001,0.6925,0.6944999999999999,0.7276,0.69425,0.6935,0.688,0.669,0.52,0.48575,0.011
371,0.671,0.68925,0.6910000000000001,0.7236,0.692,0.6900000000000001,0.6835,0.666,0.51925,0.48575,0.011
372,0.6677500000000001,0.6855,0.6859999999999999,0.7183999999999999,0.68775,0.685,0.681,0.664,0.5175,0.4845,0.01
373,0.6637500000000001,0.6805,0.68025,0.7125999999999999,0.6815,0.6795,0.6745,0.661,0.517,0.4815,0.011
374,0.66075,0.67525,0.675,0.7061999999999999,0.6757500000000001,0.673,0.6692500000000001,0.655,0.51475,0.48075,0.011
375,0.6577500000000001,0.6735000000000001,0.67275,0.703,0.67225,0.67075,0.6660000000000001,0.651,0.5137499999999999,0.48075,0.011
376,0.65825,0.6735,0.672,0.7031999999999999,0.6725,0.6712500000000001,0.6657500000000001,0.651,0.51575,0.48075,0.011
377,0.6615,0.67425,0.6732500000000001,0.7034,0.674,0.6720000000000002,0.6667500000000001,0.653,0.52025,0.484,0.01
378,0.6625,0.6745000000000001,0.6737500000000001,0.704,0.6747500000000001,0.6715,0.667,0.653,0.52375,0.48949999999999994,0.01
379,0.661,0.6735,0.6712500000000001,0.7018,0.6735,0.6695000000000001,0.66675,0.653,0.52425,0.49025,0.01
380,0.6580000000000001,0.66925,0.6675000000000001,0.6974,0.6675,0.66425,0.661,0.648,0.524,0.49,0.011
381,0.65275,0.665,0.662,0.6918,0.66225,0.658,0.6555,0.643,0.52225,0.48725,0.011
382,0.65,0.6607500000000001,0.6595,0.6883999999999999,0.6585000000000001,0.6547499999999999,0.652,0.639,0.52125,0.48624999999999996,0.011
383,0.649,0.66025,0.657,0.6868000000000001,0.65725,0.65375,0.6507499999999999,0.638,0.5217499999999999,0.48649999999999993,0.012
384,0.64825,0.6585000000000001,0.65575,0.6824,0.6555,0.65225,0.6495000000000001,0.636,0.522,0.48649999999999993,0.011
385,0.647,0.65725,0.65375,0.6809999999999999,0.654,0.6505,0.6472500000000001,0.634,0.5217499999999999,0.48649999999999993,0.011
386,0.6455,0.65625,0.6512500000000001,0.678,0.6515,0.64975,0.64625,0.632,0.5217499999999999,0.48675,0.011
387,0.644,0.655,0.65025,0.6776000000000001,0.65075,0.648,0.644,0.63,0.52275,0.48725,0.011
388,0.64175,0.6515000000000001,0.6475,0.6736000000000001,0.6485,0.6425,0.64,0.628,0.52275,0.48725,0.011
389,0.63775,0.6475,0.642,0.6678000000000001,0.64175,0.6355,0.636,0.624,0.5217499999999999,0.48549999999999993,0.011
390,0.6267499999999999,0.634,0.628,0.6542,0.6272500000000001,0.62125,0.62125,0.61,0.5109999999999999,0.4744999999999999,0.01
391,0.62,0.6272500000000001,0.62175,0.6494,0.622,0.6174999999999999,0.6154999999999999,0.602,0.5095,0.4705,0.012
392,0.61825,0.6255000000000001,0.62,0.6456,0.61875,0.61575,0.61275,0.601,0.50725,0.47,0.012
393,0.6154999999999999,0.6227499999999999,0.6154999999999999,0.64,0.6165,0.612,0.61225,0.598,0.50575,0.46875,0.012
394,0.61325,0.6194999999999999,0.61475,0.6392,0.6165,0.6094999999999999,0.6094999999999999,0.597,0.50625,0.46875,0.012
395,0.61275,0.619,0.61325,0.6384000000000001,0.6145,0.60725,0.607,0.596,0.506,0.46925,0.011
396,0.6092500000000001,0.6162500000000001,0.6094999999999999,0.6346,0.60975,0.6047499999999999,0.60375,0.591,0.50525,0.4685,0.011
397,0.60575,0.6135,0.60475,0.629,0.6064999999999999,0.60025,0.599,0.587,0.50375,0.4675,0.011
398,0.60275,0.60825,0.602,0.6255999999999999,0.6034999999999999,0.597,0.59575,0.585,0.50325,0.46675,0.011
399,0.6007499999999999,0.60725,0.59975,0.6228,0.60025,0.5935,0.59375,0.584,0.503,0.46675,0.011
400,0.598,0.60425,0.5965,0.621,0.598,0.59125,0.5907499999999999,0.582,0.5022500000000001,0.466,0.011
401,0.59525,0.6005,0.59175,0.616,0.5954999999999999,0.588,0.5864999999999999,0.579,0.5005,0.465,0.011
402,0.5924999999999999,0.5965,0.58975,0.6132,0.5912499999999999,0.5845,0.584,0.577,0.4995,0.46299999999999997,0.011
403,0.59075,0.5954999999999999,0.588,0.6108,0.5894999999999999,0.582,0.58175,0.575,0.49849999999999994,0.4625,0.01
404,0.59,0.595,0.58775,0.6108,0.5894999999999999,0.58175,0.5812499999999999,0.575,0.49950000000000006,0.46225000000000005,0.01
405,0.59,0.59425,0.5874999999999999,0.6106,0.5894999999999999,0.581,0.5804999999999999,0.575,0.5,0.46225000000000005,0.01
406,0.5894999999999999,0.59275,0.5862499999999999,0.6085999999999999,0.588,0.58075,0.5792499999999999,0.573,0.5005,0.4625,0.011
407,0.58775,0.5912499999999999,0.58275,0.6048,0.5865,0.5792499999999999,0.5774999999999999,0.571,0.5,0.4625,0.01
408,0.58525,0.5882499999999999,0.5802499999999999,0.6026,0.5824999999999999,0.57375,0.5752499999999999,0.567,0.499,0.4615,0.01
409,0.583,0.586,0.5765,0.5996,0.5804999999999999,0.5704999999999999,0.5725,0.564,0.49749999999999994,0.46025,0.009
410,0.5825,0.5842499999999999,0.575,0.5980000000000001,0.5792499999999999,0.57,0.5707499999999999,0.564,0.49749999999999994,0.46025,0.009
411,0.5812499999999999,0.5834999999999999,0.5745,0.5966,0.5782499999999999,0.56975,0.569,0.562,0.49749999999999994,0.4605,0.009
412,0.5802499999999999,0.5822499999999999,0.57275,0.5955999999999999,0.57725,0.5665,0.56725,0.56,0.49749999999999994,0.4605,0.009
413,0.5772499999999999,0.5800000000000001,0.5695,0.594,0.5745,0.5645,0.5645,0.558,0.49724999999999997,0.4605,0.009
414,0.5752499999999999,0.5792499999999999,0.5672499999999999,0.5906,0.57275,0.562,0.5625,0.556,0.497,0.45925,0.01
415,0.5742499999999999,0.5767499999999999,0.5654999999999999,0.588,0.5705,0.5585,0.5605,0.555,0.49524999999999997,0.45875000000000005,0.009
416,0.57125,0.574,0.5619999999999999,0.5841999999999999,0.56775,0.556,0.5582499999999999,0.553,0.494,0.45825000000000005,0.007
417,0.5684999999999999,0.5714999999999999,0.55975,0.5818,0.56475,0.5537500000000001,0.556,0.55,0.49349999999999994,0.4575,0.007
418,0.5665,0.568,0.55775,0.58,0.5627500000000001,0.551,0.552,0.549,0.49275,0.456,0.007
419,0.564,0.566,0.5545,0.577,0.56,0.5485000000000001,0.55025,0.547,0.4915,0.45525,0.007
420,0.5627500000000001,0.56475,0.55225,0.5751999999999999,0.5587500000000001,0.54725,0.5477500000000001,0.545,0.491,0.454,0.007
421,0.5615,0.5630000000000001,0.5517500000000001,0.5748,0.558,0.54625,0.5475,0.544,0.4905,0.4545,0.007
422,0.5615,0.56275,0.5515000000000001,0.5737999999999999,0.55775,0.546,0.5475,0.544,0.491,0.45475000000000004,0.008
423,0.5599999999999999,0.56225,0.5502500000000001,0.573,0.5562500000000001,0.5435,0.5462500000000001,0.541,0.491,0.45475000000000004,0.008
424,0.5595,0.5605,0.5495000000000001,0.5711999999999999,0.5547500000000001,0.5425,0.5450000000000002,0.54,0.49049999999999994,0.455,0.008
425,0.559,0.5595,0.5485,0.57,0.554,0.5415,0.54375,0.539,0.49075,0.455,0.008
426,0.5567500000000001,0.5587500000000001,0.547,0.569,0.5537500000000001,0.541,0.5422500000000001,0.539,0.491,0.45575,0.008
427,0.5557500000000001,0.5567500000000001,0.5457500000000001,0.5674,0.5535000000000001,0.54,0.54125,0.539,0.49075,0.45575,0.009
428,0.5555,0.556,0.54425,0.5668,0.5522500000000001,0.5387500000000001,0.54,0.538,0.49075,0.456,0.009
429,0.5545,0.5535,0.5435,0.5656000000000001,0.5502500000000001,0.5365000000000001,0.53775,0.537,0.491,0.45575,0.009
430,0.5522500000000001,0.55225,0.541,0.5636,0.5485,0.5355000000000001,0.5365000000000001,0.534,0.491,0.455,0.009
431,0.5515000000000001,0.5512500000000001,0.53925,0.5616,0.54725,0.53325,0.536,0.533,0.49024999999999996,0.45475000000000004,0.009
432,0.55,0.5487500000000001,0.5377500000000001,0.5598,0.54525,0.53075,0.5335000000000001,0.53,0.49,0.4545,0.009
433,0.5487500000000001,0.5465,0.53525,0.558,0.544,0.5297499999999999,0.532,0.528,0.48975,0.45425,0.009
434,0.547,0.5457500000000001,0.5335000000000001,0.5554,0.5417500000000001,0.52825,0.5295000000000001,0.528,0.489,0.453,0.009
435,0.54625,0.544,0.5325,0.553,0.54125,0.5262500000000001,0.52825,0.527,0.488,0.4525,0.009
436,0.544,0.5425000000000001,0.5302500000000001,0.5516000000000001,0.54,0.5245000000000001,0.527,0.525,0.487,0.4515,0.008
437,0.542,0.5405000000000001,0.52825,0.5498000000000001,0.538,0.5225,0.52525,0.523,0.48624999999999996,0.45075,0.008
438,0.5407500000000001,0.5385000000000001,0.5262500000000001,0.5478000000000001,0.5367500000000001,0.521,0.523,0.521,0.4855,0.4495,0.008
439,0.5385,0.536,0.5235000000000001,0.5456,0.5345,0.518,0.52075,0.52,0.484,0.449,0.008
440,0.5365,0.535,0.52175,0.5434000000000001,0.5325,0.5125000000000001,0.519,0.518,0.4835,0.4485,0.008
441,0.535,0.5342500000000001,0.521,0.543,0.5315,0.5125000000000001,0.5177499999999999,0.516,0.483,0.448,0.008
442,0.5345,0.534,0.52,0.5418000000000001,0.531,0.51275,0.5165000000000001,0.515,0.48325,0.44825,0.008
443,0.53325,0.532,0.5185000000000001,0.5406000000000001,0.52925,0.51275,0.516,0.514,0.48325,0.44825,0.008
444,0.5315000000000001,0.5305000000000001,0.517,0.5388000000000001,0.5282500000000001,0.5122500000000001,0.5137499999999999,0.512,0.48249999999999993,0.447,0.008
445,0.53075,0.52825,0.51475,0.5366000000000001,0.52575,0.51,0.5117499999999999,0.51,0.4815,0.44625,0.008
446,0.529,0.52675,0.51225,0.5348,0.5242500000000001,0.50725,0.508,0.508,0.481,0.4445,0.008
447,0.52725,0.5245000000000001,0.511,0.5336000000000001,0.52275,0.506,0.5077499999999999,0.508,0.48050000000000004,0.44425,0.008
448,0.526,0.5242500000000001,0.5105000000000001,0.5324000000000001,0.52225,0.50575,0.50725,0.507,0.48,0.44425,0.008
449,0.5255000000000001,0.52275,0.5089999999999999,0.5308,0.52125,0.50525,0.5065000000000001,0.505,0.48,0.444,0.008
450,0.5235000000000001,0.5215,0.50725,0.5296,0.51925,0.5042500000000001,0.5042500000000001,0.504,0.47925,0.4435,0.008
451,0.52225,0.51925,0.506,0.5276,0.51825,0.5022500000000001,0.50275,0.502,0.478,0.44275,0.008
452,0.5205,0.518,0.5045,0.5268,0.517,0.50025,0.5017499999999999,0.501,0.47724999999999995,0.44225,0.008
453,0.51925,0.51675,0.503,0.5247999999999999,0.5155000000000001,0.49874999999999997,0.50075,0.499,0.47675,0.442,0.008
454,0.5185,0.5157499999999999,0.50225,0.523,0.5145,0.49774999999999997,0.49950000000000006,0.498,0.476,0.44125000000000003,0.008
455,0.51675,0.514,0.50075,0.5224,0.51325,0.496,0.49749999999999994,0.497,0.47525,0.4405,0.008
456,0.51475,0.512,0.49850000000000005,0.521,0.51125,0.493,0.49575,0.495,0.4744999999999999,0.43925,0.008
457,0.5125,0.5097499999999999,0.4955,0.5178,0.509,0.49150000000000005,0.49275,0.492,0.47250000000000003,0.4375,0.008
458,0.5092500000000001,0.5065,0.492,0.5148,0.50675,0.4885,0.48924999999999996,0.491,0.47024999999999995,0.434,0.008
459,0.507,0.5042500000000001,0.48925,0.512,0.50475,0.486,0.487,0.488,0.46875,0.43274999999999997,0.008
460,0.50625,0.5042500000000001,0.48824999999999996,0.512,0.504,0.48524999999999996,0.48675,0.487,0.4685,0.432,0.008
461,0.50625,0.504,0.48849999999999993,0.512,0.50425,0.48575,0.48675,0.487,0.469,0.4335,0.008
462,0.50625,0.50325,0.48824999999999996,0.5118,0.504,0.48575,0.487,0.486,0.469,0.43375,0.009
463,0.505,0.5015000000000001,0.48775,0.5102,0.50275,0.48574999999999996,0.4855,0.485,0.46875,0.43374999999999997,0.009
464,0.50225,0.49975,0.48550000000000004,0.5096,0.50175,0.484,0.48324999999999996,0.482,0.46775,0.43224999999999997,0.009
465,0.501,0.49825,0.48375,0.5072000000000001,0.49975,0.482,0.4815,0.48,0.4665,0.43124999999999997,0.009
466,0.49925,0.497,0.48224999999999996,0.5048,0.49849999999999994,0.48,0.48024999999999995,0.478,0.465,0.43075,0.009
467,0.49875,0.496,0.48075,0.5044000000000001,0.498,0.47924999999999995,0.47850000000000004,0.478,0.46425,0.43025,0.009
468,0.49775,0.495,0.47975,0.5035999999999999,0.496,0.47774999999999995,0.4774999999999999,0.477,0.4635,0.43,0.009
469,0.49624999999999997,0.494,0.47924999999999995,0.5025999999999999,0.4945,0.4764999999999999,0.47624999999999995,0.475,0.46325,0.42924999999999996,0.009
470,0.49574999999999997,0.49224999999999997,0.47650000000000003,0.5014,0.49325,0.475,0.47475,0.474,0.46225000000000005,0.42824999999999996,0.009
471,0.49224999999999997,0.49,0.47550000000000003,0.499,0.49124999999999996,0.4735,0.47274999999999995,0.473,0.4605,0.42674999999999996,0.009
472,0.49,0.488,0.473,0.4968,0.49,0.47175,0.47050000000000003,0.47,0.45925,0.42574999999999996,0.008
473,0.489,0.487,0.47025,0.4948,0.48875,0.47000000000000003,0.46975,0.467,0.458,0.42325,0.008
474,0.487,0.486,0.46849999999999997,0.49260000000000004,0.487,0.46825,0.46799999999999997,0.465,0.45725,0.42275,0.009
475,0.485,0.484,0.46749999999999997,0.491,0.48550000000000004,0.46625000000000005,0.46625,0.464,0.456,0.42174999999999996,0.009
476,0.483,0.482,0.46575,0.48979999999999996,0.4825,0.46475,0.46425,0.463,0.45475000000000004,0.4205,0.009
477,0.48224999999999996,0.47974999999999995,0.46325000000000005,0.48860000000000003,0.481,0.463,0.462,0.461,0.453,0.4185,0.009
478,0.48025,0.478,0.46125,0.48600000000000004,0.47974999999999995,0.46125,0.46,0.459,0.4515,0.417,0.009
479,0.478,0.47575,0.459,0.48440000000000005,0.47775,0.4595,0.4585,0.458,0.45025,0.416,0.009
480,0.4744999999999999,0.47324999999999995,0.4555,0.48200000000000004,0.47524999999999995,0.4565,0.45475000000000004,0.455,0.44675,0.413,0.009
481,0.47,0.46825000000000006,0.44925000000000004,0.4772,0.47075,0.45175000000000004,0.4495,0.45,0.44275000000000003,0.4085,0.009
482,0.4645,0.46275,0.44325,0.472,0.46475,0.44625000000000004,0.443,0.445,0.43724999999999997,0.40275,0.008
483,0.461,0.46,0.43975000000000003,0.4692,0.4615,0.44275,0.44025,0.443,0.4345,0.3995,0.008
484,0.4625,0.461,0.4405,0.4704,0.46275,0.4445,0.44225,0.445,0.43625,0.4015,0.007
485,0.46625,0.46425000000000005,0.44525000000000003,0.4742,0.46675,0.44875,0.447,0.447,0.4395,0.4075,0.007
486,0.46624999999999994,0.46399999999999997,0.44625000000000004,0.47319999999999995,0.4665,0.449,0.4475,0.447,0.4405,0.40775,0.008
487,0.4645,0.46199999999999997,0.44375,0.471,0.46375,0.44625,0.44425,0.445,0.4385,0.40575,0.008
488,0.4645,0.4615,0.4435,0.471,0.4635,0.44625,0.444,0.445,0.4385,0.40575,0.008
489,0.46375,0.4615,0.4435,0.4702,0.46325,0.44575,0.444,0.444,0.43875000000000003,0.40599999999999997,0.009
490,0.461,0.45875,0.4405,0.4678,0.4605,0.44325000000000003,0.44125000000000003,0.441,0.43625,0.40399999999999997,0.009
491,0.45775000000000005,0.45575000000000004,0.43724999999999997,0.4648,0.45725,0.44025000000000003,0.438,0.439,0.43324999999999997,0.40075000000000005,0.008
492,0.458,0.456,0.4375,0.46579999999999994,0.45825,0.441,0.439,0.439,0.43425,0.40225,0.008
493,0.45825000000000005,0.456,0.43825,0.4662,0.459,0.44175,0.4405,0.438,0.43525,0.4035,0.008
494,0.457,0.4545,0.43675,0.465,0.457,0.43925000000000003,0.43875000000000003,0.434,0.434,0.40325,0.008
495,0.4535,0.4505,0.433,0.4606,0.45325,0.4365,0.43474999999999997,0.432,0.43025,0.40025,0.008
496,0.45,0.447,0.43,0.45780000000000004,0.45125000000000004,0.43374999999999997,0.43175,0.429,0.42825,0.3965,0.009
497,0.4485,0.44575000000000004,0.429,0.457,0.4505,0.43324999999999997,0.431,0.428,0.42674999999999996,0.3955,0.009
498,0.44825000000000004,0.4455,0.42875,0.45620000000000005,0.44975,0.43274999999999997,0.43025,0.427,0.4265,0.3955,0.009
499,0.44675,0.4445,0.4275,0.4558,0.449,0.43125,0.4295,0.426,0.4255,0.395,0.009
500,0.44525,0.44325000000000003,0.426,0.4544,0.44725,0.43,0.42775,0.423,0.424,0.39375,0.009
501,0.44375,0.4415,0.42424999999999996,0.45280000000000004,0.4455,0.42874999999999996,0.426,0.422,0.42274999999999996,0.39249999999999996,0.009
502,0.44225,0.43975,0.42174999999999996,0.45100000000000007,0.443,0.42625,0.423,0.42,0.421,0.3915,0.01
503,0.44,0.438,0.4195,0.4484,0.441,0.42425,0.421,0.418,0.419,0.3895,0.009
504,0.43875,0.437,0.418,0.44720000000000004,0.43975,0.423,0.4195,0.417,0.4175,0.38849999999999996,0.009
505,0.437,0.43475,0.41624999999999995,0.4462,0.43875000000000003,0.4215,0.41825,0.416,0.417,0.38725,0.009
506,0.43524999999999997,0.43325,0.41425,0.4438,0.436,0.4195,0.4175,0.414,0.416,0.3855,0.009
507,0.43324999999999997,0.431,0.412,0.44239999999999996,0.434,0.4175,0.4145,0.412,0.41425,0.384,0.009
508,0.431,0.43,0.40975,0.4412,0.4325,0.4155,0.41250000000000003,0.411,0.4125,0.38225,0.009
509,0.4295,0.4285,0.40800000000000003,0.43899999999999995,0.43,0.4135,0.41125,0.409,0.41075,0.3805,0.009
510,0.428,0.427,0.407,0.438,0.42925,0.413,0.4095,0.408,0.40925,0.37975000000000003,0.009
511,0.427,0.426,0.406,0.437,0.42774999999999996,0.41275,0.40875,0.407,0.4085,0.3795,0.009
512,0.42624999999999996,0.4255,0.40499999999999997,0.4364,0.4275,0.41125,0.40825,0.406,0.40825,0.379,0.009
513,0.42575,0.42424999999999996,0.40499999999999997,0.43600000000000005,0.42574999999999996,0.41,0.4075,0.405,0.40775,0.37875,0.009
514,0.424,0.42324999999999996,0.40325,0.43479999999999996,0.42475,0.40924999999999995,0.40625,0.405,0.4065,0.37725000000000003,0.009
515,0.42075,0.41975,0.39975,0.43220000000000003,0.42275,0.40650000000000003,0.40325,0.403,0.404,0.37475,0.009
516,0.418,0.418,0.39725,0.43019999999999997,0.42,0.40375,0.40125,0.4,0.40075000000000005,0.37349999999999994,0.009
517,0.41774999999999995,0.41725,0.39625,0.42860000000000004,0.418,0.403,0.39975000000000005,0.398,0.39975000000000005,0.371,0.009
518,0.4175,0.41725,0.3965000000000001,0.42860000000000004,0.41824999999999996,0.40275000000000005,0.39975000000000005,0.398,0.4,0.37175,0.009
519,0.418,0.41725,0.39725,0.4288,0.41875,0.40349999999999997,0.4,0.398,0.401,0.37249999999999994,0.009
520,0.418,0.41700000000000004,0.3965000000000001,0.42800000000000005,0.4185,0.403,0.4,0.398,0.40125000000000005,0.37249999999999994,0.009
521,0.4165,0.41525,0.3945,0.4258,0.41675,0.4015000000000001,0.3985,0.395,0.40049999999999997,0.37224999999999997,0.01
522,0.41375,0.412,0.39175000000000004,0.4248,0.41325,0.399,0.3955000000000001,0.392,0.398,0.36849999999999994,0.009
523,0.41100000000000003,0.409,0.38775000000000004,0.42160000000000003,0.409,0.395,0.39225000000000004,0.389,0.39475,0.36525,0.009
524,0.408,0.407,0.3855,0.4194,0.40725,0.39325000000000004,0.38950000000000007,0.387,0.392,0.36324999999999996,0.009
525,0.40549999999999997,0.4045,0.3835,0.417,0.40599999999999997,0.39125,0.38775000000000004,0.385,0.38925,0.361,0.008
526,0.40249999999999997,0.40225000000000005,0.3815,0.4149999999999999,0.403,0.38775000000000004,0.3855,0.382,0.38750000000000007,0.35774999999999996,0.009
527,0.40175,0.40175,0.38025000000000003,0.4152,0.40249999999999997,0.387,0.38375000000000004,0.381,0.38675000000000004,0.35774999999999996,0.009
528,0.40425,0.40425,0.38175000000000003,0.418,0.40575,0.39175000000000004,0.386,0.383,0.38849999999999996,0.36274999999999996,0.009
529,0.40700000000000003,0.4055,0.387,0.42000000000000004,0.40974999999999995,0.39525,0.39075,0.385,0.39175000000000004,0.36750000000000005,0.009
530,0.4075,0.40575,0.38725,0.41879999999999995,0.40850000000000003,0.39475000000000005,0.39075,0.385,0.392,0.36575,0.009
531,0.40425,0.40275,0.38249999999999995,0.4149999999999999,0.40475,0.39,0.38675000000000004,0.383,0.38775000000000004,0.36150000000000004,0.009
532,0.40225,0.40175,0.38025,0.41419999999999996,0.4035,0.389,0.38525,0.382,0.38675000000000004,0.3605,0.009
533,0.40225,0.4015,0.38050000000000006,0.4144,0.4035,0.389,0.38550000000000006,0.381,0.387,0.361,0.009
534,0.40225,0.40125000000000005,0.381,0.414,0.403,0.389,0.38550000000000006,0.381,0.387,0.36124999999999996,0.009
535,0.40149999999999997,0.401,0.38,0.4138,0.401,0.38725,0.38425000000000004,0.379,0.38625000000000004,0.36,0.01
536,0.3995,0.3995,0.379,0.41159999999999997,0.40075000000000005,0.386,0.384,0.377,0.38475000000000004,0.35975,0.01
537,0.39849999999999997,0.3985,0.37775000000000003,0.41080000000000005,0.39875000000000005,0.38575000000000004,0.38275000000000003,0.376,0.38425,0.35949999999999993,0.01
538,0.396,0.39525,0.37324999999999997,0.40659999999999996,0.3955000000000001,0.38175000000000003,0.379,0.373,0.37925,0.3555,0.009
539,0.3925,0.39025,0.3675,0.40360000000000007,0.38975000000000004,0.3765,0.37350000000000005,0.369,0.37575000000000003,0.3495,0.009
540,0.39075,0.38875000000000004,0.367,0.403,0.38775,0.3755,0.372,0.368,0.37475,0.34875,0.009
541,0.39125000000000004,0.39025,0.36875,0.40360000000000007,0.38975000000000004,0.37675000000000003,0.37375,0.369,0.37575000000000003,0.351,0.009
542,0.39275000000000004,0.39325000000000004,0.37224999999999997,0.40680000000000005,0.39325,0.37975,0.377,0.371,0.37825000000000003,0.354,0.009
543,0.394,0.394,0.37275,0.40680000000000005,0.394,0.381,0.378,0.371,0.379,0.3555,0.01
544,0.39325,0.39325000000000004,0.37224999999999997,0.40519999999999995,0.39325,0.3805,0.377,0.37,0.37825,0.35424999999999995,0.01
545,0.39150000000000007,0.3915,0.37074999999999997,0.40380000000000005,0.39125,0.378,0.37449999999999994,0.368,0.377,0.35175,0.01
546,0.38975000000000004,0.38950000000000007,0.37,0.40280000000000005,0.38975,0.3775,0.374,0.368,0.37625,0.35075,0.01
547,0.39,0.38925000000000004,0.36975,0.40260000000000007,0.38975000000000004,0.37725000000000003,0.37375,0.368,0.3755,0.35125,0.009
548,0.39025,0.38875,0.36875,0.4022,0.39,0.377,0.37275,0.367,0.37475,0.35150000000000003,0.009
549,0.38925,0.38725,0.36775,0.40140000000000003,0.38775000000000004,0.3755,0.3715,0.365,0.37424999999999997,0.35050000000000003,0.009
550,0.38649999999999995,0.386,0.36475,0.3978,0.3845,0.373,0.36975,0.362,0.37175,0.3475,0.01
551,0.38350000000000006,0.38375000000000004,0.36175,0.396,0.38225000000000003,0.37024999999999997,0.36725,0.36,0.36925,0.345,0.011
552,0.3825,0.38225,0.36075,0.395,0.38175000000000003,0.36950000000000005,0.36675,0.36,0.36849999999999994,0.34475,0.01
553,0.3825,0.38225,0.36075,0.395,0.38149999999999995,0.36950000000000005,0.3665,0.36,0.36775,0.34500000000000003,0.01
554,0.382,0.38175000000000003,0.36024999999999996,0.3944,0.381,0.36925,0.3655,0.359,0.3675,0.34500000000000003,0.01
555,0.38149999999999995,0.38125000000000003,0.359,0.39320000000000005,0.37975000000000003,0.368,0.3645,0.358,0.366,0.344,0.01
556,0.37975000000000003,0.37975000000000003,0.3585,0.39180000000000004,0.37925000000000003,0.367,0.363,0.356,0.365,0.34299999999999997,0.01
557,0.37825,0.37825,0.3565,0.391,0.37775000000000003,0.36524999999999996,0.36175,0.355,0.3645,0.34075,0.01
558,0.37725,0.377,0.35524999999999995,0.3894,0.37625,0.364,0.361,0.354,0.363,0.3395,0.01
559,0.376,0.376,0.35375,0.388,0.37424999999999997,0.36275,0.35949999999999993,0.353,0.362,0.3385,0.01
560,0.37250000000000005,0.37175,0.3505,0.38280000000000003,0.36975,0.36025,0.3545,0.35,0.3575,0.3325,0.009
561,0.37049999999999994,0.369,0.34875,0.3806,0.36750000000000005,0.35824999999999996,0.35250000000000004,0.348,0.355,0.33025000000000004,0.009
562,0.37,0.36775,0.34724999999999995,0.37839999999999996,0.366,0.3565,0.351,0.346,0.35374999999999995,0.32875000000000004,0.009
563,0.36824999999999997,0.366,0.34450000000000003,0.37699999999999995,0.363,0.355,0.349,0.343,0.35224999999999995,0.32625000000000004,0.01
564,0.3665,0.36449999999999994,0.34275,0.37520000000000003,0.359,0.35275,0.34724999999999995,0.342,0.3505,0.325,0.01
565,0.36575,0.364,0.3425,0.37520000000000003,0.3595,0.35225,0.34675,0.342,0.34925,0.32375000000000004,0.01
566,0.366,0.364,0.34324999999999994,0.3756,0.36075,0.35274999999999995,0.34725,0.342,0.34925,0.32475,0.01
567,0.36575,0.364,0.34324999999999994,0.3758,0.36124999999999996,0.353,0.34775,0.342,0.34925,0.325,0.01
568,0.3655,0.36324999999999996,0.3425,0.37500000000000006,0.361,0.35275,0.34675,0.341,0.34925,0.32425,0.01
569,0.364,0.36149999999999993,0.34125000000000005,0.3738,0.35950000000000004,0.3504999999999999,0.345,0.339,0.34750000000000003,0.3225,0.01
570,0.36249999999999993,0.36075,0.34,0.372,0.358,0.34950000000000003,0.34299999999999997,0.338,0.346,0.3205,0.01
571,0.36175,0.3605,0.3395,0.372,0.35749999999999993,0.349,0.34325,0.338,0.34450000000000003,0.32,0.01
572,0.362,0.3605,0.33975,0.3724,0.35749999999999993,0.349,0.34325,0.338,0.344,0.3205,0.01
573,0.36224999999999996,0.35975,0.33925000000000005,0.372,0.35775,0.349,0.34299999999999997,0.338,0.34375,0.321,0.01
574,0.362,0.36,0.33925000000000005,0.3716,0.3575,0.349,0.34375,0.337,0.34375,0.3205,0.01
575,0.36124999999999996,0.36024999999999996,0.33925000000000005,0.3716,0.35724999999999996,0.349,0.34375,0.336,0.34375,0.32025,0.01
576,0.36124999999999996,0.36024999999999996,0.33925000000000005,0.37220000000000003,0.35724999999999996,0.34925000000000006,0.34375,0.336,0.34375,0.321,0.01
577,0.36124999999999996,0.36024999999999996,0.33975,0.3718,0.357,0.34925000000000006,0.34400000000000003,0.336,0.34325,0.321,0.01
578,0.36050000000000004,0.359,0.33925000000000005,0.3718,0.357,0.34874999999999995,0.34425,0.336,0.34299999999999997,0.321,0.01
579,0.36024999999999996,0.35825,0.3385,0.37059999999999993,0.35550000000000004,0.34775,0.34225,0.336,0.34149999999999997,0.3195,0.01
580,0.35875,0.35675,0.3375,0.36960000000000004,0.354,0.34625,0.34049999999999997,0.335,0.34099999999999997,0.31825,0.01
581,0.35750000000000004,0.3565,0.33625,0.3684,0.353,0.34525000000000006,0.3395,0.333,0.33975,0.3175,0.01
582,0.357,0.35550000000000004,0.33525000000000005,0.368,0.352,0.34425,0.33899999999999997,0.332,0.33875000000000005,0.317,0.01
583,0.3565,0.35525,0.3345,0.3676,0.35174999999999995,0.34324999999999994,0.338,0.331,0.33875000000000005,0.31525000000000003,0.01
584,0.35574999999999996,0.3545,0.3335,0.3668,0.35125,0.3425,0.33725000000000005,0.33,0.33725,0.31425,0.01
585,0.354,0.3534999999999999,0.33275,0.3658,0.35024999999999995,0.34199999999999997,0.33625,0.329,0.336,0.31425,0.01
586,0.353,0.3525,0.332,0.3646,0.34875,0.34075,0.3355,0.329,0.3355,0.31275000000000003,0.01
587,0.35175,0.35150000000000003,0.33075,0.3638,0.34700000000000003,0.33975,0.3345,0.328,0.33375,0.31125,0.01
588,0.351,0.35074999999999995,0.3295,0.36339999999999995,0.34624999999999995,0.3385,0.33325000000000005,0.327,0.33275000000000005,0.3105,0.01
589,0.351,0.35074999999999995,0.32925,0.3624,0.34550000000000003,0.33825,0.33275,0.327,0.33225,0.31024999999999997,0.009
590,0.35075,0.3505,0.329,0.36260000000000003,0.346,0.338,0.33275000000000005,0.327,0.332,0.31024999999999997,0.009
591,0.35075,0.35024999999999995,0.32875,0.3624,0.34575,0.33775000000000005,0.3325,0.327,0.332,0.31,0.009
592,0.34950000000000003,0.34950000000000003,0.328,0.3614,0.34475,0.33675,0.332,0.325,0.33075000000000004,0.30925,0.009
593,0.3485,0.34850000000000003,0.3265,0.36019999999999996,0.34324999999999994,0.335,0.33075000000000004,0.324,0.32925000000000004,0.30724999999999997,0.009
594,0.34724999999999995,0.34675,0.325,0.3588,0.3415,0.33375000000000005,0.32875000000000004,0.323,0.328,0.30625,0.009
595,0.34675,0.3455,0.32425000000000004,0.3584,0.3405,0.33275,0.3275,0.322,0.327,0.30525,0.009
596,0.346,0.346,0.324,0.3584,0.34025000000000005,0.33275,0.32775,0.322,0.327,0.3055,0.009
597,0.346,0.347,0.32575000000000004,0.359,0.3415,0.3335,0.32875000000000004,0.322,0.32725000000000004,0.3065,0.009
598,0.34724999999999995,0.34750000000000003,0.32675000000000004,0.3598,0.34299999999999997,0.33525,0.3295,0.323,0.3285,0.30774999999999997,0.009
599,0.34775,0.34750000000000003,0.32675000000000004,0.3598,0.34349999999999997,0.33525,0.32925000000000004,0.322,0.32825000000000004,0.30774999999999997,0.009
600,0.34675,0.34624999999999995,0.32575000000000004,0.3588,0.34099999999999997,0.33325,0.328,0.321,0.3275,0.30625,0.009
601,0.34524999999999995,0.34425000000000006,0.32325,0.3572,0.34025000000000005,0.3315,0.32575000000000004,0.32,0.3255,0.305,0.009
602,0.3425,0.3425,0.321,0.355,0.33725,0.329,0.3235,0.319,0.324,0.30175,0.009
603,0.3415,0.3415,0.31925,0.354,0.33575000000000005,0.32775000000000004,0.32225,0.318,0.3225,0.3005,0.009
604,0.34125000000000005,0.34175,0.319,0.35359999999999997,0.3355,0.32775000000000004,0.3225,0.317,0.32225,0.30074999999999996,0.009
605,0.34175,0.34275,0.321,0.35519999999999996,0.33725,0.32825000000000004,0.324,0.318,0.3225,0.301,0.009
606,0.3425,0.34275,0.322,0.3556,0.33799999999999997,0.3295,0.3255,0.318,0.32275000000000004,0.302,0.009
607,0.34275,0.3425,0.32225000000000004,0.35519999999999996,0.33775,0.32925000000000004,0.3255,0.317,0.32275000000000004,0.302,0.009
608,0.34275,0.34125,0.32125,0.35379999999999995,0.336,0.32825000000000004,0.32275,0.316,0.32125,0.2995,0.009
609,0.34125,0.34125,0.32025000000000003,0.35379999999999995,0.3355,0.32725,0.3225,0.315,0.32125,0.2995,0.009
610,0.34175,0.34175,0.32075,0.354,0.33525000000000005,0.32725,0.323,0.315,0.32125,0.30024999999999996,0.009
611,0.34199999999999997,0.34199999999999997,0.32075,0.3544,0.336,0.328,0.32325000000000004,0.316,0.3215,0.3005,0.009
612,0.34199999999999997,0.34224999999999994,0.321,0.3544,0.336,0.3285,0.32325000000000004,0.316,0.3215,0.3005,0.009
613,0.34175,0.34224999999999994,0.32075,0.35359999999999997,0.3355,0.3275,0.323,0.315,0.32075000000000004,0.30024999999999996,0.009
614,0.34125,0.34075,0.31975000000000003,0.35359999999999997,0.33525,0.32675,0.322,0.315,0.32,0.29875,0.009
615,0.33999999999999997,0.34025,0.31875000000000003,0.353,0.334,0.32575000000000004,0.32075,0.313,0.31875000000000003,0.2985,0.009
616,0.3395,0.33925000000000005,0.3185,0.352,0.333,0.325,0.3205,0.313,0.31775,0.29725,0.009
617,0.3385,0.33875,0.31725,0.35139999999999993,0.33225,0.324,0.31975000000000003,0.312,0.3165,0.29674999999999996,0.009
618,0.3385,0.3385,0.31675000000000003,0.35119999999999996,0.33125000000000004,0.3235,0.31925000000000003,0.311,0.3165,0.29625,0.009
619,0.33775000000000005,0.33775,0.31625000000000003,0.35059999999999997,0.33075000000000004,0.323,0.31875,0.311,0.31575,0.29575,0.009
620,0.33725,0.3375,0.31575,0.35019999999999996,0.3305,0.32275,0.31875,0.31,0.3155,0.295,0.009
621,0.337,0.33725000000000005,0.3155,0.3494,0.32925,0.32175000000000004,0.3175,0.31,0.31475000000000003,0.295,0.009
622,0.33625000000000005,0.3365,0.315,0.3492,0.32825000000000004,0.32075000000000004,0.31625000000000003,0.309,0.31425,0.29425,0.009
623,0.33575000000000005,0.33525,0.31375,0.34819999999999995,0.32775,0.32025000000000003,0.31575000000000003,0.309,0.313,0.29274999999999995,0.009
624,0.334,0.33425,0.3125,0.347,0.3265,0.31925,0.315,0.308,0.31174999999999997,0.29124999999999995,0.009
625,0.33325,0.33375,0.3115,0.346,0.3255,0.31825000000000003,0.31375000000000003,0.307,0.311,0.29025,0.009
626,0.33325,0.334,0.31125,0.346,0.3255,0.318,0.31325,0.307,0.31075,0.28975,0.009
627,0.3335,0.334,0.3115,0.3468,0.3255,0.318,0.31325,0.307,0.31075,0.29074999999999995,0.009
628,0.3335,0.334,0.312,0.3468,0.3265,0.318,0.31425000000000003,0.307,0.31075,0.29124999999999995,0.009
629,0.3335,0.33425000000000005,0.312,0.347,0.326,0.31825000000000003,0.314,0.307,0.311,0.29124999999999995,0.009
630,0.3335,0.33425000000000005,0.312,0.347,0.32575,0.31825000000000003,0.31375000000000003,0.306,0.311,0.291,0.009
631,0.333,0.33375,0.3115,0.34639999999999993,0.32525,0.31775000000000003,0.31375000000000003,0.306,0.3105,0.2905,0.009
632,0.3325,0.333,0.311,0.3454,0.32475000000000004,0.317,0.3125,0.305,0.3095,0.2895,0.009
633,0.3315,0.33225,0.31,0.3446,0.32375,0.3155,0.3115,0.305,0.3085,0.2885,0.009
634,0.3315,0.33225,0.3095,0.3446,0.3235,0.3155,0.31125,0.304,0.308,0.28825,0.009
635,0.33125,0.33225,0.3095,0.3444,0.3235,0.31525,0.3115,0.304,0.308,0.28825,0.009
636,0.33125,0.33175,0.3095,0.3446,0.3235,0.31525,0.31125,0.304,0.30774999999999997,0.2875,0.009
637,0.331,0.3315,0.3095,0.3444,0.3235,0.31475,0.31074999999999997,0.303,0.3075,0.2875,0.009
638,0.33075,0.33125000000000004,0.30875,0.3438,0.3225,0.3145,0.31025,0.303,0.30675,0.2875,0.009
639,0.33025000000000004,0.33075000000000004,0.30875,0.3436,0.32225000000000004,0.31425000000000003,0.30975,0.302,0.3065,0.2865,0.009
640,0.32925,0.32975000000000004,0.30825,0.34320000000000006,0.32175,0.31325,0.309,0.302,0.3055,0.28574999999999995,0.009
641,0.329,0.32975000000000004,0.3075,0.3426,0.32075,0.31275000000000003,0.3085,0.3,0.3045,0.28525,0.009
642,0.3285,0.329,0.30675,0.3426,0.31975,0.31174999999999997,0.3085,0.3,0.30374999999999996,0.285,0.008
643,0.328,0.3285,0.30624999999999997,0.3418,0.31925000000000003,0.31124999999999997,0.30775,0.299,0.303,0.28450000000000003,0.008
644,0.327,0.32825,0.3055,0.34140000000000004,0.318,0.311,0.307,0.299,0.30224999999999996,0.2835,0.008
645,0.327,0.328,0.30525,0.34080000000000005,0.318,0.31,0.3065,0.299,0.302,0.28324999999999995,0.008
646,0.32675000000000004,0.3275,0.30424999999999996,0.34,0.317,0.30925,0.306,0.299,0.30125,0.28275,0.008
647,0.326,0.327,0.30424999999999996,0.34,0.317,0.3085,0.30474999999999997,0.298,0.3005,0.28200000000000003,0.008
648,0.3255,0.326,0.30374999999999996,0.33940000000000003,0.316,0.30774999999999997,0.3045,0.298,0.3005,0.2815,0.008
649,0.325,0.32575,0.3035,0.3392,0.3155,0.3075,0.304,0.297,0.3,0.28125,0.008
650,0.3245,0.325,0.30325,0.3392,0.31525000000000003,0.3065,0.3035,0.297,0.2995,0.28075,0.008
651,0.32425,0.325,0.30224999999999996,0.339,0.3145,0.30624999999999997,0.303,0.296,0.299,0.27975,0.008
652,0.32375,0.32475,0.30224999999999996,0.33840000000000003,0.3145,0.306,0.30275,0.296,0.2985,0.27925,0.008
653,0.32375,0.3245,0.30174999999999996,0.3376,0.31425,0.30574999999999997,0.30225,0.295,0.2985,0.27925,0.008
654,0.32375,0.32425,0.3015,0.3372,0.314,0.3055,0.302,0.295,0.29824999999999996,0.27925,0.008
655,0.323,0.32375000000000004,0.301,0.3372,0.313,0.3045,0.30124999999999996,0.294,0.2975,0.27825,0.008
656,0.32175,0.323,0.29975,0.336,0.312,0.30374999999999996,0.30025,0.293,0.296,0.2775,0.008
657,0.32025,0.32175000000000004,0.298,0.335,0.31,0.302,0.299,0.292,0.295,0.2765,0.008
658,0.3195,0.321,0.29674999999999996,0.33340000000000003,0.30874999999999997,0.30075,0.29775,0.291,0.2945,0.2745,0.008
659,0.3195,0.321,0.29674999999999996,0.33340000000000003,0.30874999999999997,0.3005,0.2975,0.291,0.29374999999999996,0.2745,0.008
660,0.3195,0.321,0.29674999999999996,0.3338,0.30874999999999997,0.30075,0.29774999999999996,0.291,0.29374999999999996,0.275,0.008
661,0.32025000000000003,0.3215,0.2975,0.3338,0.31024999999999997,0.30124999999999996,0.29874999999999996,0.291,0.2945,0.2765,0.008
662,0.3205,0.32175,0.2985,0.33420000000000005,0.31024999999999997,0.302,0.29924999999999996,0.291,0.295,0.27725,0.008
663,0.32075000000000004,0.3215,0.2985,0.33420000000000005,0.31024999999999997,0.302,0.299,0.291,0.295,0.277,0.009
664,0.32025,0.32125000000000004,0.29824999999999996,0.33420000000000005,0.31024999999999997,0.30174999999999996,0.29874999999999996,0.29,0.295,0.27625,0.009
665,0.32,0.321,0.2975,0.3336,0.3095,0.301,0.298,0.29,0.294,0.276,0.009
666,0.3195,0.32025,0.29725,0.33240000000000003,0.30875,0.3,0.29674999999999996,0.289,0.294,0.275,0.009
667,0.31875000000000003,0.3195,0.296,0.3316,0.308,0.2985,0.29625,0.288,0.293,0.274,0.009
668,0.31775,0.31875,0.295,0.33140000000000003,0.3065,0.29774999999999996,0.29525,0.288,0.29174999999999995,0.27375000000000005,0.008
669,0.31775,0.3185,0.2945,0.331,0.306,0.2975,0.29474999999999996,0.288,0.29125,0.2735,0.008
670,0.31725000000000003,0.318,0.2945,0.331,0.306,0.2975,0.2945,0.288,0.29125,0.27325,0.008
671,0.317,0.318,0.2945,0.3306,0.306,0.29724999999999996,0.2945,0.288,0.29125,0.273,0.008
672,0.317,0.318,0.2945,0.3304,0.30574999999999997,0.297,0.294,0.286,0.29074999999999995,0.273,0.008
673,0.317,0.3175,0.29375,0.33020000000000005,0.3055,0.29625,0.29375,0.286,0.2905,0.2725,0.008
674,0.3165,0.31725000000000003,0.29325,0.3294,0.30474999999999997,0.29574999999999996,0.2935,0.286,0.29024999999999995,0.272,0.008
675,0.31625,0.317,0.2925,0.3292,0.304,0.295,0.29275,0.285,0.2895,0.27125,0.008
676,0.3155,0.316,0.29174999999999995,0.32820000000000005,0.303,0.2945,0.292,0.285,0.28874999999999995,0.27075000000000005,0.008
677,0.31475000000000003,0.31575000000000003,0.2905,0.328,0.302,0.29374999999999996,0.291,0.284,0.288,0.27,0.008
678,0.31425,0.31475000000000003,0.28975,0.3272,0.301,0.292,0.29025,0.283,0.28725,0.26925,0.008
679,0.3135,0.314,0.28874999999999995,0.3258,0.30024999999999996,0.2915,0.2895,0.283,0.2865,0.26825,0.008
680,0.31325000000000003,0.3135,0.28874999999999995,0.3254,0.3,0.29075,0.28875,0.282,0.2865,0.26825,0.008
681,0.313,0.3135,0.28874999999999995,0.3254,0.29975,0.29075,0.28875,0.282,0.2865,0.26825,0.008
682,0.31325000000000003,0.3135,0.289,0.3256,0.29975,0.29174999999999995,0.28875,0.282,0.2865,0.26875000000000004,0.008
683,0.31325000000000003,0.31375000000000003,0.28924999999999995,0.3256,0.3,0.29174999999999995,0.28875,0.282,0.28674999999999995,0.26925,0.008
684,0.31325000000000003,0.31375000000000003,0.2895,0.3256,0.3,0.29174999999999995,0.28875,0.282,0.28674999999999995,0.26925,0.008
685,0.31325000000000003,0.31375000000000003,0.289,0.3252,0.2995,0.29124999999999995,0.2885,0.281,0.2865,0.2685,0.008
686,0.31325000000000003,0.31325000000000003,0.28824999999999995,0.3244,0.299,0.29025,0.28825,0.281,0.28574999999999995,0.2675,0.008
687,0.3125,0.31275,0.28775,0.32420000000000004,0.29875,0.2895,0.2875,0.28,0.28500000000000003,0.267,0.008
688,0.312,0.3115,0.28674999999999995,0.3234,0.29775,0.289,0.28724999999999995,0.28,0.28500000000000003,0.267,0.008
689,0.3115,0.311,0.2865,0.323,0.29725,0.28875,0.287,0.28,0.28475,0.26625,0.008
690,0.311,0.311,0.28575,0.323,0.29674999999999996,0.28774999999999995,0.28575,0.279,0.28424999999999995,0.266,0.008
691,0.31075,0.31074999999999997,0.285,0.32280000000000003,0.29674999999999996,0.2875,0.2855,0.279,0.28350000000000003,0.266,0.008
692,0.30975,0.31,0.285,0.3216,0.296,0.28675,0.285,0.278,0.28325,0.26525,0.008
693,0.3095,0.3095,0.2845,0.3212,0.295,0.28575,0.2845,0.278,0.28275,0.2645,0.008
694,0.309,0.3085,0.28350000000000003,0.3204,0.29424999999999996,0.28575,0.2835,0.277,0.282,0.2635,0.008
695,0.30824999999999997,0.3075,0.28225,0.3194,0.29324999999999996,0.28400000000000003,0.2825,0.276,0.28125,0.263,0.008
696,0.30674999999999997,0.307,0.28049999999999997,0.3182,0.2915,0.28275,0.2805,0.275,0.27975,0.26175000000000004,0.008
697,0.306,0.306,0.2785,0.3168,0.28975,0.28125,0.279,0.273,0.27875000000000005,0.26025,0.008
698,0.3045,0.30575,0.27775000000000005,0.31620000000000004,0.2895,0.2795,0.27825,0.273,0.2775,0.26,0.007
699,0.30525,0.3055,0.27825,0.31700000000000006,0.2895,0.2795,0.2785,0.273,0.27725,0.26,0.006
700,0.30575,0.30575,0.27975,0.31700000000000006,0.2905,0.28125,0.27925,0.273,0.278,0.261,0.006
701,0.30575,0.306,0.28075,0.3174,0.29124999999999995,0.2825,0.28075,0.274,0.279,0.26175000000000004,0.007
702,0.306,0.306,0.28125,0.3174,0.2915,0.28325,0.28075,0.274,0.279,0.2625,0.008
703,0.3065,0.3055,0.28075,0.3174,0.2915,0.2825,0.28075,0.274,0.27925,0.262,0.008
704,0.30575,0.30524999999999997,0.28049999999999997,0.3172,0.29074999999999995,0.28225,0.28025,0.274,0.27925,0.262,0.008
705,0.30575,0.3045,0.2795,0.3166,0.29074999999999995,0.281,0.27949999999999997,0.273,0.27875000000000005,0.2615,0.008
706,0.3055,0.30424999999999996,0.2785,0.3158,0.289,0.2805,0.279,0.272,0.27825,0.26075000000000004,0.008
707,0.30424999999999996,0.30375,0.278,0.3154,0.28824999999999995,0.28,0.27825,0.271,0.27775000000000005,0.25975000000000004,0.008
708,0.304,0.30274999999999996,0.27725,0.3146,0.288,0.27875,0.27775,0.271,0.277,0.259,0.008
709,0.30375,0.3025,0.27675000000000005,0.3142,0.28725,0.278,0.277,0.271,0.27675000000000005,0.259,0.008
710,0.30325,0.30225,0.27675000000000005,0.3136,0.28674999999999995,0.27775000000000005,0.27625,0.271,0.27625,0.259,0.008
711,0.30325,0.30175,0.276,0.3134,0.28674999999999995,0.277,0.27625,0.27,0.276,0.259,0.008
712,0.30325,0.30175,0.27575000000000005,0.31320000000000003,0.2865,0.27675000000000005,0.2755,0.27,0.27525,0.25825,0.008
713,0.3025,0.3015,0.2755,0.31320000000000003,0.286,0.2765,0.27525,0.27,0.27525,0.25825,0.008
714,0.302,0.30075,0.27525,0.3128,0.28525,0.27625,0.275,0.269,0.27525,0.25775000000000003,0.007
715,0.30125,0.3005,0.27375000000000005,0.3124,0.28525,0.27575000000000005,0.274,0.269,0.2745,0.25725,0.007
716,0.301,0.3005,0.27375000000000005,0.31220000000000003,0.28525,0.27575000000000005,0.27375000000000005,0.268,0.2745,0.25725,0.007
717,0.3005,0.30025,0.27375000000000005,0.31220000000000003,0.285,0.27575000000000005,0.27375000000000005,0.268,0.2745,0.25725,0.007
718,0.3005,0.29974999999999996,0.2735,0.3116,0.285,0.27575000000000005,0.27375000000000005,0.268,0.2745,0.25725,0.007
719,0.3005,0.2995,0.2735,0.3112,0.28474999999999995,0.27575000000000005,0.27375000000000005,0.268,0.2745,0.25725,0.007
720,0.30025,0.2995,0.2735,0.3102,0.28474999999999995,0.2755,0.27375000000000005,0.268,0.27425,0.257,0.007
721,0.3,0.299,0.2735,0.30999999999999994,0.28424999999999995,0.27525,0.2735,0.268,0.27375000000000005,0.25625,0.007
722,0.29924999999999996,0.29874999999999996,0.2725,0.3094,0.28375,0.27475000000000005,0.273,0.267,0.273,0.25575000000000003,0.007
723,0.29874999999999996,0.29825,0.27225,0.3088,0.2835,0.2745,0.27275000000000005,0.267,0.27275000000000005,0.25575000000000003,0.007
724,0.29825,0.2975,0.272,0.3082,0.28274999999999995,0.27425,0.272,0.265,0.2725,0.25575000000000003,0.007
725,0.29775,0.2975,0.27075000000000005,0.30779999999999996,0.28200000000000003,0.2735,0.2715,0.265,0.272,0.25525,0.007
726,0.29775,0.2965,0.27,0.3074,0.28125,0.273,0.27125,0.263,0.272,0.255,0.007
727,0.29724999999999996,0.2965,0.26925,0.3068,0.28,0.27275000000000005,0.2705,0.263,0.27175000000000005,0.25475000000000003,0.007
728,0.29625,0.296,0.26875000000000004,0.3056,0.28,0.27225,0.27025,0.263,0.271,0.25425,0.007
729,0.29524999999999996,0.29575,0.26875000000000004,0.306,0.28,0.2715,0.27,0.263,0.26925,0.254,0.006
730,0.29424999999999996,0.29474999999999996,0.26825,0.306,0.27975,0.27025,0.2695,0.263,0.26875000000000004,0.25325,0.005
731,0.2935,0.293,0.26825,0.3058,0.27975,0.26925,0.2695,0.263,0.26775000000000004,0.25325,0.005
732,0.293,0.2925,0.26825,0.305,0.2795,0.2685,0.2685,0.263,0.26725,0.2525,0.004
733,0.29275,0.29174999999999995,0.2675,0.3048,0.27875000000000005,0.2685,0.26775000000000004,0.262,0.26675000000000004,0.2525,0.004
734,0.2925,0.29124999999999995,0.267,0.3046,0.2785,0.26825,0.26725,0.262,0.26625,0.25225,0.004
735,0.29224999999999995,0.29124999999999995,0.2665,0.3046,0.278,0.267,0.26725,0.261,0.266,0.25225,0.004
736,0.29224999999999995,0.29074999999999995,0.26625,0.30379999999999996,0.277,0.267,0.26725,0.261,0.266,0.252,0.004
737,0.29224999999999995,0.29025,0.26525,0.30300000000000005,0.276,0.2665,0.266,0.261,0.266,0.2515,0.004
738,0.29224999999999995,0.28975,0.26425,0.302,0.27575000000000005,0.26475000000000004,0.265,0.261,0.26575000000000004,0.251,0.005
739,0.29175,0.28975,0.2635,0.3022,0.27425,0.26425,0.26425,0.259,0.26525,0.251,0.005
740,0.29175,0.2895,0.26225,0.3016,0.274,0.264,0.26375000000000004,0.259,0.2655,0.2505,0.005
741,0.2915,0.2895,0.26225,0.3004,0.27325,0.26375000000000004,0.263,0.258,0.2655,0.25025,0.006
742,0.2915,0.28925,0.262,0.3,0.27325,0.26375000000000004,0.263,0.257,0.26575000000000004,0.25025,0.007
743,0.291,0.28874999999999995,0.2615,0.2992,0.2725,0.26275000000000004,0.263,0.257,0.2655,0.24925,0.007
744,0.291,0.288,0.261,0.29879999999999995,0.272,0.262,0.26225,0.257,0.2655,0.249,0.007
745,0.291,0.288,0.26025,0.2988,0.2715,0.2615,0.262,0.256,0.2655,0.2485,0.007
746,0.2905,0.288,0.2595,0.2986,0.27125,0.26125,0.26075000000000004,0.257,0.26525,0.24775,0.007
747,0.29,0.28724999999999995,0.25875000000000004,0.298,0.2705,0.2605,0.26,0.256,0.2645,0.247,0.007
748,0.28974999999999995,0.2865,0.2585,0.29679999999999995,0.27,0.26,0.259,0.255,0.26425,0.247,0.007
749,0.28974999999999995,0.2865,0.258,0.2966,0.26925,0.2595,0.259,0.255,0.26425,0.24675,0.008
750,0.2885,0.286,0.25775000000000003,0.2958,0.269,0.25925,0.258,0.255,0.26425,0.24625,0.008
751,0.28824999999999995,0.28575,0.2565,0.2956,0.26875000000000004,0.25875000000000004,0.258,0.255,0.264,0.24625,0.008
752,0.28824999999999995,0.28525,0.25625,0.29519999999999996,0.2685,0.25825,0.2575,0.254,0.264,0.2455,0.008
753,0.2885,0.285,0.256,0.29479999999999995,0.268,0.25825,0.2575,0.254,0.264,0.2455,0.008
754,0.28825,0.28375,0.25525,0.29379999999999995,0.2675,0.258,0.2575,0.254,0.264,0.24525,0.008
755,0.28825,0.28350000000000003,0.25475000000000003,0.2934,0.26775000000000004,0.25775000000000003,0.257,0.254,0.263,0.245,0.008
756,0.28775,0.2835,0.25475000000000003,0.29300000000000004,0.26725,0.25775000000000003,0.257,0.253,0.263,0.24475,0.008
757,0.28775,0.2835,0.2545,0.29300000000000004,0.267,0.2575,0.2565,0.252,0.263,0.2445,0.008
758,0.2875,0.28325,0.2545,0.2924,0.267,0.257,0.255,0.251,0.263,0.2445,0.008
759,0.28725,0.28275,0.2545,0.292,0.26675000000000004,0.257,0.25525,0.251,0.263,0.2445,0.007
760,0.28700000000000003,0.2825,0.253,0.2918,0.2665,0.25625,0.25525,0.25,0.263,0.24375,0.008
761,0.28625,0.282,0.2525,0.29159999999999997,0.26625,0.25575000000000003,0.25475000000000003,0.25,0.26175000000000004,0.24275,0.008
762,0.28575,0.28175,0.252,0.29159999999999997,0.2665,0.255,0.254,0.25,0.26175000000000004,0.24275,0.008
763,0.284,0.281,0.251,0.2914,0.2655,0.2535,0.253,0.25,0.26075000000000004,0.2415,0.008
764,0.284,0.27999999999999997,0.24925,0.2886,0.26325,0.25125,0.2525,0.249,0.25975000000000004,0.2405,0.008
765,0.28375,0.27999999999999997,0.24925,0.2894,0.26325,0.25125,0.2525,0.249,0.25975000000000004,0.241,0.008
766,0.28375,0.27999999999999997,0.24975,0.2894,0.26325,0.2515,0.2525,0.249,0.25975000000000004,0.24175,0.008
767,0.2835,0.27999999999999997,0.24975,0.2894,0.263,0.25225,0.2525,0.249,0.25975000000000004,0.24175,0.008
768,0.28375,0.27975,0.24975,0.2894,0.263,0.252,0.253,0.249,0.2605,0.24175,0.008
769,0.28375,0.2785,0.25025,0.2894,0.26275000000000004,0.252,0.25325,0.249,0.261,0.24175,0.008
770,0.283,0.2785,0.25,0.28919999999999996,0.263,0.252,0.252,0.249,0.26075000000000004,0.24125,0.008
771,0.28275,0.27825,0.25,0.28640000000000004,0.2625,0.252,0.25175000000000003,0.249,0.26075000000000004,0.2415,0.009
772,0.283,0.27825,0.25025,0.2866,0.2625,0.252,0.25225,0.248,0.2605,0.2415,0.01
773,0.28225,0.2765,0.24975,0.2862,0.2615,0.25225,0.2515,0.247,0.26025,0.24125,0.011
774,0.28075,0.27675,0.25,0.2868,0.26175000000000004,0.2515,0.25125,0.246,0.26075000000000004,0.241,0.012
775,0.2805,0.2755,0.25,0.2868,0.26125,0.251,0.25075000000000003,0.246,0.26075000000000004,0.241,0.012
776,0.2805,0.27675,0.25,0.28619999999999995,0.2615,0.251,0.25025,0.245,0.26075000000000004,0.24075,0.012
777,0.28075,0.27625,0.24875,0.2854,0.26075000000000004,0.25025,0.25,0.246,0.2595,0.24075,0.011
778,0.2805,0.276,0.24825,0.28500000000000003,0.26075000000000004,0.25025,0.2495,0.246,0.25875000000000004,0.2405,0.011
779,0.27975,0.27525,0.2475,0.2852,0.26075000000000004,0.25,0.24925,0.246,0.259,0.24075,0.011
780,0.27925,0.27475000000000005,0.24675,0.2848,0.2605,0.249,0.2495,0.246,0.25925,0.24025,0.01
781,0.27899999999999997,0.27425,0.246,0.2832,0.2605,0.2495,0.24925,0.246,0.259,0.23975,0.011
782,0.27925,0.274,0.246,0.28379999999999994,0.2605,0.24875,0.249,0.246,0.2585,0.24,0.012
783,0.279,0.27475000000000005,0.2465,0.28359999999999996,0.2605,0.24825,0.24875,0.246,0.25775000000000003,0.2405,0.011
784,0.27925,0.27475000000000005,0.24575,0.284,0.26,0.248,0.2485,0.245,0.25775000000000003,0.23925,0.009
785,0.27925,0.27325,0.2445,0.28379999999999994,0.26,0.24725,0.248,0.245,0.25675000000000003,0.2395,0.008
786,0.27875,0.27325,0.243,0.2832,0.2595,0.247,0.248,0.244,0.2565,0.23825,0.009
787,0.2785,0.2735,0.2435,0.2828,0.25925,0.2465,0.247,0.242,0.25575000000000003,0.2385,0.009
788,0.278,0.2735,0.242,0.28259999999999996,0.256,0.24525,0.24525,0.241,0.254,0.23725,0.01
789,0.27675000000000005,0.2725,0.241,0.2816,0.255,0.2425,0.24475,0.241,0.254,0.23625,0.01
790,0.276,0.27125,0.24075,0.279,0.255,0.2415,0.24325,0.239,0.2535,0.23575,0.01
791,0.275,0.27,0.24075,0.27880000000000005,0.2545,0.2415,0.24275,0.238,0.25275000000000003,0.2355,0.01
792,0.27425,0.26925,0.24125,0.2784,0.2535,0.2415,0.2425,0.238,0.25225,0.2355,0.01
793,0.2735,0.26825,0.2415,0.2782,0.25325,0.24175,0.2425,0.238,0.2515,0.23525000000000001,0.01
794,0.2735,0.26825,0.2415,0.2776,0.2525,0.24175,0.2425,0.237,0.25125,0.23525000000000001,0.01
795,0.2735,0.26825,0.2415,0.2776,0.2525,0.24175,0.2425,0.237,0.2515,0.23600000000000002,0.009
796,0.27325,0.26825,0.24175,0.2784,0.25275000000000003,0.2425,0.24275,0.237,0.2515,0.23600000000000002,0.009
797,0.27325,0.26825,0.2415,0.2784,0.253,0.24225,0.24275,0.237,0.2515,0.2365,0.009
798,0.27325,0.26825,0.241,0.2784,0.253,0.24225,0.24225,0.237,0.2515,0.23675,0.008
799,0.27325,0.26825,0.24075,0.2784,0.2525,0.242,0.24225,0.237,0.2515,0.2365,0.008
800,0.27325,0.2685,0.23975,0.2782,0.252,0.24175,0.24175,0.238,0.2515,0.2365,0.008
801,0.27275000000000005,0.26825,0.239,0.278,0.25125,0.241,0.241,0.237,0.2515,0.236,0.008
802,0.2725,0.26775000000000004,0.23775,0.2774,0.2505,0.24,0.2395,0.237,0.2505,0.23475000000000001,0.008
803,0.27175000000000005,0.26725,0.23725,0.2756,0.24925,0.23875,0.23925,0.237,0.2505,0.234,0.008
804,0.2705,0.26625,0.23575,0.2756,0.248,0.2365,0.23775,0.237,0.24975,0.23325,0.008
805,0.27025,0.26575000000000004,0.23475000000000001,0.2754,0.2475,0.23575,0.23775,0.236,0.24925,0.2325,0.007
806,0.27,0.265,0.23424999999999999,0.27380000000000004,0.24675,0.23450000000000001,0.2365,0.235,0.24825,0.23125,0.008
807,0.26975000000000005,0.26425,0.23299999999999998,0.2736,0.24575,0.23424999999999999,0.2355,0.235,0.24825,0.231,0.008
808,0.2695,0.2635,0.23224999999999998,0.27240000000000003,0.245,0.2335,0.235,0.235,0.2475,0.23,0.007
809,0.269,0.26325,0.23175,0.27240000000000003,0.245,0.23299999999999998,0.23425,0.234,0.24725,0.22975,0.007
810,0.268,0.26325,0.2315,0.272,0.2445,0.23299999999999998,0.23425,0.234,0.24725,0.229,0.007
811,0.2675,0.26275000000000004,0.23125,0.271,0.244,0.2325,0.23399999999999999,0.234,0.2465,0.22875,0.007
812,0.2675,0.262,0.231,0.271,0.24375,0.2325,0.2335,0.234,0.2465,0.228,0.007
813,0.2675,0.2615,0.2305,0.2712,0.243,0.23224999999999998,0.23325,0.234,0.24675,0.228,0.007
814,0.2675,0.2615,0.2305,0.27080000000000004,0.24275,0.231,0.23275,0.234,0.2465,0.22775,0.007
815,0.266,0.2605,0.2305,0.26980000000000004,0.2435,0.2305,0.23249999999999998,0.233,0.24675,0.22675,0.007
816,0.26525,0.26075000000000004,0.22975,0.2694,0.24275,0.23025,0.23225,0.233,0.24675,0.227,0.007
817,0.26525,0.2605,0.228,0.268,0.2425,0.22975,0.232,0.232,0.24575,0.227,0.007
818,0.2645,0.26025,0.2275,0.26799999999999996,0.24225,0.2295,0.23175,0.231,0.24475,0.22675,0.007
819,0.265,0.26025,0.22625,0.26799999999999996,0.242,0.22925,0.23175,0.231,0.24425,0.226,0.006
820,0.263,0.2595,0.22625,0.2674,0.24075,0.229,0.2295,0.232,0.24375,0.2255,0.007
821,0.26175000000000004,0.25875000000000004,0.225,0.2664,0.238,0.22625,0.2275,0.232,0.24325,0.2245,0.006
822,0.25875000000000004,0.25475000000000003,0.2195,0.2624,0.236,0.2205,0.2235,0.227,0.23925,0.2195,0.006
823,0.257,0.253,0.212,0.2598,0.2315,0.21225,0.21775,0.226,0.236,0.2165,0.006
824,0.25775000000000003,0.25275000000000003,0.2115,0.2598,0.23175,0.2145,0.21875,0.227,0.2365,0.2195,0.006
825,0.258,0.25425,0.21975,0.26399999999999996,0.23475,0.22025,0.2225,0.227,0.23875,0.22275,0.006
826,0.25825,0.25425,0.2225,0.264,0.23575,0.2245,0.2235,0.229,0.2385,0.224,0.005
827,0.25925,0.2535,0.22425,0.26339999999999997,0.2365,0.22675,0.2265,0.229,0.23875,0.22475,0.005
828,0.2605,0.2535,0.22375,0.2624,0.23575,0.2265,0.22625,0.229,0.23925,0.22225,0.006
829,0.261,0.2535,0.2235,0.26280000000000003,0.236,0.226,0.226,0.229,0.23975,0.22225,0.005
830,0.2605,0.254,0.22475,0.26380000000000003,0.2365,0.22675,0.22675,0.229,0.24025,0.22325,0.006
831,0.2605,0.25375000000000003,0.22525,0.2632,0.2365,0.227,0.2275,0.229,0.24025,0.224,0.006
832,0.26075000000000004,0.25425,0.2255,0.26339999999999997,0.2365,0.22775,0.228,0.229,0.2415,0.224,0.008
833,0.26025,0.25375000000000003,0.22375,0.263,0.2355,0.22775,0.227,0.228,0.2415,0.22225,0.008
834,0.26,0.25275000000000003,0.2195,0.26180000000000003,0.2345,0.22625,0.22475,0.226,0.23925,0.21925,0.007
835,0.2575,0.25225,0.217,0.2614,0.2325,0.22125,0.2225,0.226,0.239,0.21875,0.007
836,0.2575,0.2525,0.2195,0.2622,0.23374999999999999,0.22175,0.2235,0.226,0.239,0.2215,0.007
837,0.25725,0.25225,0.2205,0.2622,0.23399999999999999,0.223,0.22425,0.226,0.239,0.2235,0.006
838,0.2575,0.253,0.222,0.26260000000000006,0.23450000000000001,0.22375,0.2245,0.226,0.23925,0.22375,0.007
839,0.258,0.25325,0.222,0.26239999999999997,0.23475000000000001,0.224,0.2255,0.225,0.23975,0.22425,0.008
840,0.25825,0.25325,0.2215,0.262,0.23500000000000001,0.2235,0.22525,0.225,0.239,0.22375,0.009
841,0.258,0.25325,0.2215,0.2616,0.23475,0.222,0.22525,0.224,0.2395,0.2235,0.009
842,0.2575,0.2535,0.221,0.26139999999999997,0.23425,0.22175,0.22475,0.224,0.23875,0.22325,0.008
843,0.2575,0.253,0.22075,0.2612,0.23399999999999999,0.22225,0.22425,0.224,0.239,0.223,0.008
844,0.257,0.25325,0.22075,0.26080000000000003,0.2345,0.2225,0.22375,0.224,0.23925,0.22275,0.008
845,0.257,0.25275000000000003,0.22075,0.2606,0.23375,0.223,0.22425,0.224,0.23975,0.22275,0.009
846,0.2565,0.2535,0.222,0.26139999999999997,0.235,0.22275,0.22425,0.224,0.24025,0.2215,0.009
847,0.257,0.25325,0.22075,0.2616,0.23625,0.22325,0.2245,0.224,0.24075,0.22175,0.01
848,0.25725,0.2535,0.22075,0.2606,0.23525,0.22275,0.2235,0.223,0.24075,0.22225,0.01
849,0.25725,0.25325,0.221,0.2598,0.23424999999999999,0.22225,0.2235,0.223,0.24025,0.22125,0.009
850,0.25675000000000003,0.2525,0.219,0.2596,0.2335,0.22225,0.22325,0.223,0.24,0.22125,0.008
851,0.2565,0.25225,0.219,0.2594,0.234,0.22075,0.223,0.222,0.23975,0.221,0.007
852,0.255,0.2515,0.219,0.2604,0.233,0.221,0.22325,0.222,0.2395,0.22125,0.007
853,0.256,0.25,0.21875,0.26,0.232,0.2205,0.22325,0.222,0.239,0.221,0.008
854,0.25225,0.25025,0.21875,0.2596,0.2315,0.22025,0.2225,0.221,0.2385,0.2195,0.008
855,0.25275000000000003,0.24975,0.2185,0.25939999999999996,0.232,0.22,0.22175,0.221,0.2385,0.219,0.007
856,0.25325,0.2495,0.218,0.2598,0.2315,0.21825,0.2205,0.219,0.23825,0.2195,0.007
857,0.25375000000000003,0.2495,0.2175,0.2596,0.2315,0.21825,0.22025,0.22,0.23875,0.2195,0.01
858,0.2545,0.2505,0.21725,0.2594,0.23125,0.219,0.221,0.219,0.238,0.2215,0.01
859,0.255,0.2505,0.2165,0.2594,0.2305,0.21875,0.22075,0.219,0.23775,0.22175,0.01
860,0.255,0.25075000000000003,0.21625,0.259,0.22925,0.2185,0.22075,0.217,0.239,0.221,0.01
861,0.254,0.25075000000000003,0.216,0.2584000000000001,0.22925,0.21775,0.218,0.217,0.2385,0.22075,0.007
862,0.2525,0.2505,0.21625,0.25780000000000003,0.229,0.21725,0.21825,0.218,0.23775,0.22075,0.007
863,0.25225,0.24975,0.215,0.2572,0.229,0.217,0.21775,0.219,0.2375,0.2205,0.008
864,0.25175000000000003,0.249,0.21525,0.257,0.22875,0.21725,0.2175,0.219,0.23725,0.2205,0.008
865,0.25075000000000003,0.249,0.21425,0.257,0.2285,0.21725,0.216,0.219,0.23725,0.21975,0.008
866,0.25175000000000003,0.2485,0.21425,0.2566,0.2285,0.216,0.2155,0.218,0.23625,0.21875,0.008
867,0.25175000000000003,0.24675,0.213,0.257,0.22825,0.21475,0.2155,0.217,0.23575,0.21875,0.008
868,0.2515,0.24675,0.21325,0.257,0.228,0.21475,0.21525,0.217,0.23575,0.21775,0.007
869,0.2505,0.24625,0.213,0.25620000000000004,0.228,0.215,0.21625,0.216,0.23625,0.21825,0.009
870,0.25,0.24625,0.213,0.25600000000000006,0.227,0.2145,0.216,0.217,0.2355,0.218,0.009
871,0.25,0.246,0.21275,0.25520000000000004,0.2275,0.21425,0.2155,0.217,0.23475,0.21725,0.008
872,0.24925,0.246,0.21225,0.2526,0.227,0.213,0.21525,0.217,0.2345,0.217,0.008
873,0.24925,0.24525,0.21175,0.2526,0.22625,0.21325,0.2155,0.217,0.23399999999999999,0.217,0.007
874,0.24925,0.24375,0.2115,0.253,0.2245,0.21275,0.21475,0.216,0.23399999999999999,0.217,0.008
875,0.24825,0.2435,0.2115,0.2526,0.2245,0.2115,0.21375,0.217,0.23399999999999999,0.216,0.008
876,0.248,0.24325,0.211,0.2526,0.22375,0.2105,0.21375,0.216,0.23375,0.2155,0.008
877,0.24675,0.243,0.21025,0.2526,0.22375,0.20975,0.2135,0.216,0.2335,0.2155,0.008
878,0.24625,0.24275,0.2095,0.25200000000000006,0.2235,0.20925,0.21275,0.216,0.23274999999999998,0.21475,0.007
879,0.24625,0.2425,0.20925,0.2516,0.22275,0.20875,0.2125,0.215,0.23175,0.21425,0.006
880,0.24525,0.24175,0.20775,0.25060000000000004,0.2225,0.20825,0.212,0.214,0.2305,0.213,0.005
881,0.2435,0.23925,0.2035,0.2486,0.22075,0.20625,0.20975,0.214,0.22825,0.2095,0.005
882,0.2405,0.237,0.20249999999999999,0.2484,0.21875,0.20274999999999999,0.208,0.214,0.22525,0.208,0.004
883,0.2405,0.23725,0.2015,0.2496,0.21875,0.2005,0.2075,0.214,0.22375,0.20975,0.001
884,0.2415,0.2375,0.204,0.2502,0.21925,0.2045,0.20875,0.214,0.2255,0.21075,0.001
885,0.24075,0.236,0.205,0.24980000000000002,0.22,0.2055,0.20975,0.214,0.226,0.21175,0.001
886,0.24175,0.237,0.206,0.2488,0.22025,0.20675,0.21075,0.214,0.2255,0.2115,0.002
887,0.24275,0.23725,0.206,0.2474,0.22075,0.20875,0.21125,0.214,0.22875,0.21175,0.003
888,0.244,0.23575,0.20625,0.2468,0.2205,0.209,0.21175,0.213,0.23,0.2125,0.006
889,0.24275,0.23575,0.206,0.2468,0.22025,0.2085,0.2105,0.212,0.22925,0.212,0.006
890,0.2425,0.236,0.206,0.24699999999999997,0.21975,0.20725,0.21,0.212,0.22875,0.21175,0.006
891,0.24175,0.236,0.206,0.24699999999999997,0.21975,0.207,0.20975,0.212,0.2285,0.21125,0.006
892,0.24175,0.236,0.2055,0.2466,0.21925,0.207,0.2095,0.212,0.228,0.21025,0.006
893,0.24125,0.23575,0.20525,0.246,0.219,0.207,0.209,0.212,0.228,0.21025,0.006
894,0.24,0.23575,0.205,0.246,0.219,0.20625,0.209,0.211,0.22775,0.2105,0.006
895,0.2395,0.2355,0.20425,0.24580000000000002,0.2185,0.206,0.2075,0.211,0.22725,0.20975,0.006
896,0.23925,0.23425,0.20174999999999998,0.24539999999999998,0.21725,0.20325000000000001,0.2055,0.211,0.2265,0.2095,0.005
897,0.23825,0.23450000000000001,0.20199999999999999,0.24619999999999997,0.21675,0.20199999999999999,0.206,0.211,0.227,0.209,0.005
898,0.23875,0.23475,0.2015,0.246,0.21675,0.20299999999999999,0.2065,0.21,0.22625,0.209,0.005
899,0.23825,0.23425,0.20174999999999998,0.2464,0.21675,0.20325,0.2085,0.21,0.2265,0.20875,0.005
900,0.2385,0.23425,0.2045,0.24539999999999998,0.21725,0.2055,0.2085,0.208,0.227,0.20875,0.005
901,0.23875,0.23399999999999999,0.204,0.24539999999999998,0.217,0.2045,0.20725,0.208,0.22675,0.20875,0.006
902,0.239,0.23375,0.20375,0.24539999999999998,0.21625,0.2045,0.20725,0.208,0.22625,0.20875,0.006
903,0.23875,0.23375,0.20325,0.2448,0.2165,0.20425,0.20725,0.208,0.22625,0.20875,0.006
904,0.23825,0.23375,0.20249999999999999,0.24420000000000003,0.21575,0.20325,0.20575,0.208,0.22575,0.20775,0.006
905,0.23775,0.23425,0.2005,0.24359999999999998,0.21525,0.20249999999999999,0.20325,0.208,0.22575,0.2065,0.005
906,0.23725,0.23375,0.20199999999999999,0.24420000000000003,0.2155,0.20224999999999999,0.2035,0.208,0.226,0.20775,0.004
907,0.2375,0.23175,0.20325,0.24420000000000003,0.215,0.20249999999999999,0.20475,0.208,0.22575,0.20675,0.003
908,0.23725,0.23075,0.2035,0.24359999999999998,0.21475,0.20274999999999999,0.205,0.208,0.22475,0.20725,0.003
909,0.23725,0.231,0.20375,0.244,0.215,0.20325,0.20475,0.208,0.22525,0.20825,0.004
910,0.23825,0.2315,0.20325,0.24359999999999998,0.215,0.204,0.205,0.207,0.22625,0.2095,0.004
911,0.23825,0.232,0.20325,0.24299999999999997,0.21475,0.20325,0.20425,0.207,0.226,0.2085,0.005
912,0.238,0.23225,0.20325,0.2424,0.215,0.20325,0.20425,0.207,0.2255,0.20825,0.005
913,0.2375,0.23249999999999998,0.20274999999999999,0.24219999999999997,0.21475,0.20325,0.2045,0.207,0.22575,0.20775,0.006
914,0.2365,0.232,0.202,0.242,0.21475,0.20249999999999999,0.204,0.207,0.2255,0.20775,0.006
915,0.235,0.23175,0.20124999999999998,0.24159999999999998,0.2145,0.20149999999999998,0.20299999999999999,0.207,0.224,0.2075,0.006
916,0.2335,0.23075,0.19774999999999998,0.24139999999999998,0.21375,0.1995,0.20224999999999999,0.207,0.2235,0.2045,0.005
917,0.23324999999999999,0.2305,0.19375000000000003,0.24180000000000001,0.21275,0.19675000000000004,0.20249999999999999,0.207,0.22325,0.20325,0.005
918,0.2305,0.23075,0.193,0.2404,0.213,0.1975,0.20274999999999999,0.207,0.224,0.2045,0.005
919,0.2305,0.23025,0.193,0.2404,0.2125,0.1975,0.202,0.207,0.2225,0.20525,0.004
920,0.23075,0.22975,0.19474999999999998,0.2394,0.211,0.19875000000000004,0.2015,0.206,0.222,0.20575,0.004
921,0.231,0.22975,0.198,0.24020000000000002,0.211,0.2005,0.202,0.206,0.2225,0.20725,0.005
922,0.23225,0.2285,0.1985,0.24020000000000002,0.21125,0.20074999999999998,0.2015,0.204,0.22275,0.20625,0.005
923,0.23225,0.229,0.1985,0.24020000000000002,0.2105,0.2005,0.2015,0.204,0.2235,0.2055,0.006
924,0.23225,0.22875,0.199,0.2404,0.211,0.20024999999999998,0.20224999999999999,0.204,0.2235,0.20575,0.006
925,0.23225,0.229,0.199,0.23979999999999996,0.211,0.20024999999999998,0.20224999999999999,0.204,0.2235,0.20625,0.006
926,0.23225,0.229,0.199,0.24,0.211,0.2,0.20199999999999999,0.204,0.22325,0.20625,0.006
927,0.23225,0.2295,0.199,0.24,0.21075,0.19975000000000004,0.20224999999999999,0.204,0.22325,0.20575,0.006
928,0.23199999999999998,0.22925,0.1995,0.24020000000000002,0.21075,0.19975000000000004,0.20049999999999998,0.204,0.223,0.206,0.006
929,0.23199999999999998,0.22925,0.199,0.24,0.211,0.19975000000000004,0.20049999999999998,0.204,0.2225,0.2065,0.006
930,0.23225,0.22925,0.199,0.2408,0.21175,0.19975000000000004,0.20049999999999998,0.204,0.22325,0.2065,0.006
931,0.23174999999999998,0.2295,0.19924999999999998,0.2408,0.21175,0.1995,0.20174999999999998,0.204,0.22325,0.20675,0.006
932,0.232,0.22925,0.199,0.2408,0.212,0.19924999999999998,0.20124999999999998,0.203,0.2235,0.207,0.006
933,0.23174999999999998,0.229,0.199,0.24020000000000002,0.21175,0.19774999999999998,0.201,0.204,0.22325,0.20675,0.006
934,0.23174999999999998,0.229,0.19825000000000004,0.24020000000000002,0.2105,0.198,0.2005,0.203,0.2235,0.20625,0.006
935,0.23174999999999998,0.22925,0.19825000000000004,0.24020000000000002,0.21025,0.198,0.20074999999999998,0.203,0.223,0.20575,0.006
936,0.23174999999999998,0.22925,0.198,0.2394,0.21,0.19774999999999998,0.20074999999999998,0.204,0.22275,0.20575,0.006
937,0.2315,0.22925,0.195,0.23879999999999998,0.21025,0.19774999999999998,0.20024999999999998,0.203,0.22275,0.206,0.006
938,0.231,0.22925,0.195,0.238,0.21,0.19724999999999998,0.19975000000000004,0.202,0.22275,0.206,0.006
939,0.231,0.229,0.19474999999999998,0.23819999999999997,0.20875,0.19675000000000004,0.19925000000000004,0.202,0.2225,0.20575,0.007
940,0.23025,0.229,0.19474999999999998,0.23819999999999997,0.20975,0.1965,0.199,0.202,0.2225,0.20625,0.007
941,0.23,0.2285,0.195,0.2372,0.209,0.197,0.1985,0.202,0.2215,0.20675,0.006
942,0.22975,0.22725,0.1955,0.23679999999999998,0.20875,0.19724999999999998,0.1985,0.202,0.22075,0.20625,0.006
943,0.22925,0.22675,0.19524999999999998,0.23679999999999998,0.20825,0.197,0.1985,0.2,0.22,0.20625,0.006
944,0.229,0.22625,0.19575000000000004,0.23679999999999998,0.20825,0.1965,0.19825000000000004,0.2,0.22,0.206,0.006
945,0.22875,0.226,0.1955,0.23620000000000002,0.208,0.19674999999999998,0.19825000000000004,0.2,0.22,0.2045,0.006
946,0.2275,0.2255,0.1955,0.23579999999999995,0.20725,0.196,0.19775000000000004,0.199,0.22,0.2045,0.006
947,0.2275,0.22525,0.19525000000000003,0.2354,0.20725,0.196,0.19774999999999998,0.199,0.22,0.20475,0.006
948,0.22775,0.22525,0.195,0.2354,0.2065,0.1955,0.1975,0.2,0.22,0.2045,0.006
949,0.2275,0.22425,0.19475000000000003,0.23499999999999996,0.207,0.195,0.19725000000000004,0.201,0.22,0.20425,0.006
950,0.23399999999999999,0.2335,0.20325,0.24420000000000003,0.214,0.20224999999999999,0.205,0.208,0.22975,0.21175,0.006
951,0.2425,0.24275,0.21175,0.25420000000000004,0.22225,0.2115,0.21325,0.218,0.23775,0.21975,0.007
952,0.24575,0.24475,0.213,0.2572,0.2255,0.214,0.2165,0.219,0.2385,0.221,0.007
953,0.246,0.24525,0.214,0.258,0.22675,0.21575,0.21725,0.22,0.24,0.22225,0.008
954,0.24625,0.246,0.215,0.2586,0.2275,0.21625,0.218,0.221,0.24025,0.22575,0.008
955,0.24775,0.24775,0.217,0.2596,0.2295,0.21775,0.2195,0.222,0.2405,0.226,0.007
956,0.25,0.24925,0.21975,0.2614,0.232,0.2205,0.22125,0.223,0.242,0.2265,0.007
957,0.2515,0.25125,0.22225,0.2636,0.23375,0.22275,0.2235,0.226,0.2455,0.2285,0.007
958,0.253,0.2535,0.22475,0.267,0.23575000000000002,0.22525,0.2245,0.229,0.24725,0.2305,0.008
959,0.256,0.25575000000000003,0.2255,0.26820000000000005,0.2385,0.22725,0.2275,0.231,0.24875,0.2315,0.007
960,0.258,0.25825,0.22775,0.2692,0.23975,0.228,0.2295,0.232,0.2505,0.233,0.007
961,0.25875000000000004,0.2585,0.22875,0.27080000000000004,0.241,0.23,0.2305,0.233,0.25075000000000003,0.23374999999999999,0.007
962,0.25925,0.25925,0.22925,0.2726,0.242,0.23,0.2315,0.233,0.252,0.2345,0.007
963,0.2595,0.2595,0.23,0.27380000000000004,0.24225,0.23125,0.23175,0.234,0.25225,0.23625,0.007
964,0.26025,0.2615,0.23075,0.2744,0.243,0.232,0.23349999999999999,0.235,0.253,0.23725,0.007
965,0.26125,0.262,0.23225,0.27520000000000006,0.2435,0.23299999999999998,0.2345,0.236,0.25375000000000003,0.239,0.007
966,0.26225,0.26425,0.234,0.27680000000000005,0.2465,0.235,0.236,0.239,0.255,0.2395,0.007
967,0.26425,0.26525,0.23525000000000001,0.27780000000000005,0.248,0.2365,0.23775,0.24,0.2575,0.24075,0.007
968,0.26675000000000004,0.2675,0.23725,0.28,0.25075000000000003,0.238,0.23875,0.243,0.2595,0.2435,0.007
969,0.26875000000000004,0.2715,0.24,0.28400000000000003,0.253,0.24125,0.24175,0.245,0.26225,0.2455,0.007
970,0.271,0.27525,0.243,0.2872,0.25625,0.244,0.246,0.249,0.265,0.248,0.006
971,0.27275000000000005,0.27625,0.2445,0.2882,0.25725,0.246,0.24775,0.249,0.26725,0.24975,0.006
972,0.273,0.27625,0.24475,0.2882,0.257,0.24625,0.247,0.25,0.26725,0.24925,0.006
973,0.2725,0.27475000000000005,0.24425,0.2872,0.2565,0.246,0.24675,0.25,0.26675000000000004,0.2485,0.006
974,0.27075000000000005,0.27225,0.2425,0.2854,0.256,0.2455,0.24475,0.249,0.264,0.248,0.007
975,0.2685,0.27125,0.24075,0.2834,0.25425,0.24325,0.24275,0.247,0.26125,0.247,0.007
976,0.26725,0.27075000000000005,0.23975,0.28300000000000003,0.252,0.2425,0.24175,0.246,0.26125,0.246,0.007
977,0.26725,0.27025,0.23925,0.28280000000000005,0.252,0.242,0.2415,0.244,0.2605,0.24575,0.007
978,0.267,0.26925,0.23925,0.281,0.251,0.24125,0.24075,0.243,0.26025,0.24475,0.007
979,0.2645,0.26725,0.23875,0.2782,0.2485,0.2385,0.23775,0.239,0.25925,0.2415,0.007
980,0.25775000000000003,0.25825,0.23025,0.2728,0.2435,0.231,0.23675,0.238,0.2545,0.237,0.007
981,0.2465,0.251,0.2205,0.26680000000000004,0.2315,0.22425,0.2235,0.229,0.2495,0.23075,0.008
982,0.24,0.24725,0.21525,0.2598,0.2275,0.2155,0.22,0.226,0.2465,0.22875,0.007
983,0.238,0.241,0.21275,0.25220000000000004,0.22475,0.2125,0.216,0.224,0.24,0.2265,0.004
984,0.23775,0.23575,0.212,0.2516,0.22125,0.21025,0.21325,0.22,0.2395,0.2245,0.008
985,0.24125,0.23750000000000002,0.21425,0.25200000000000006,0.2245,0.21375,0.214,0.217,0.241,0.224,0.009
986,0.24525,0.24575,0.21975,0.2564,0.22875,0.22175,0.21775,0.221,0.244,0.2255,0.009
987,0.254,0.25175000000000003,0.2265,0.26539999999999997,0.2355,0.22875,0.22325,0.227,0.2495,0.2315,0.009
988,0.25925,0.25825,0.23424999999999999,0.27460000000000007,0.24275,0.2345,0.232,0.232,0.25575000000000003,0.2375,0.009
989,0.262,0.261,0.23475,0.27580000000000005,0.24525,0.23575,0.23450000000000001,0.236,0.25625,0.2385,0.01
990,0.26175000000000004,0.26175000000000004,0.23475,0.27640000000000003,0.2455,0.235,0.23525,0.237,0.25625,0.23875,0.008
991,0.26,0.26125,0.234,0.27540000000000003,0.24475,0.233,0.23475000000000001,0.236,0.256,0.23775,0.008
992,0.2575,0.25975000000000004,0.23225,0.2752,0.24275,0.231,0.2325,0.233,0.25375000000000003,0.23625,0.007
993,0.25075000000000003,0.258,0.227,0.27080000000000004,0.23875,0.22675,0.22775,0.232,0.246,0.23399999999999999,0.007
994,0.24625,0.2485,0.2155,0.2676,0.231,0.2145,0.22125,0.223,0.239,0.23175,0.001
995,0.238,0.241,0.21025,0.2554,0.2275,0.2075,0.21625,0.216,0.23575,0.22175,0.001
996,0.23374999999999999,0.236,0.20775,0.2468,0.219,0.20625,0.20975,0.21,0.23175,0.217,0.001
997,0.23199999999999998,0.23249999999999998,0.2075,0.24180000000000001,0.215,0.20299999999999999,0.20825,0.209,0.2305,0.21525,0.001
998,0.23224999999999998,0.23374999999999999,0.20875,0.24180000000000001,0.2145,0.20299999999999999,0.207,0.209,0.23075,0.215,0.007
999,0.23349999999999999,0.23374999999999999,0.21175,0.2444,0.21525,0.206,0.208,0.212,0.23249999999999998,0.216,0.01
1000.00,0.23600000000000002,0.23675,0.21275,0.2484,0.21975,0.21075,0.2105,0.213,0.23349999999999999,0.219,0.009
1001.00,0.24,0.2395,0.2155,0.254,0.22475,0.21675,0.21425,0.216,0.236,0.22125,0.009
1002.00,0.24175,0.244,0.217,0.25920000000000004,0.229,0.21975,0.217,0.219,0.2385,0.22375,0.008
1003.00,0.24275,0.24575,0.221,0.2606,0.22925,0.22,0.2195,0.221,0.24075,0.226,0.008
1004.00,0.245,0.247,0.2225,0.261,0.23025,0.22175,0.2205,0.223,0.24225,0.22675,0.008
1005.00,0.248,0.2475,0.22275,0.26139999999999997,0.2305,0.22225,0.22075,0.223,0.2425,0.2275,0.008
1006.00,0.24775,0.24775,0.222,0.2632,0.231,0.22225,0.22075,0.223,0.2425,0.22675,0.007
1007.00,0.24725,0.24725,0.2225,0.26280000000000003,0.23175,0.22225,0.22075,0.222,0.2425,0.227,0.008
1008.00,0.24725,0.2475,0.22275,0.263,0.231,0.22225,0.221,0.222,0.243,0.227,0.007
1009.00,0.2455,0.24725,0.223,0.2634,0.231,0.222,0.221,0.223,0.24275,0.227,0.007
1010.00,0.2465,0.2475,0.2225,0.2634,0.2315,0.22225,0.221,0.223,0.242,0.22775,0.007
1011.00,0.2465,0.24875,0.22225,0.2636,0.23125,0.222,0.22075,0.223,0.242,0.2275,0.007
1012.00,0.246,0.24825,0.222,0.2638,0.2295,0.222,0.22075,0.223,0.24225,0.228,0.007
1013.00,0.246,0.2465,0.21975,0.26280000000000003,0.2265,0.221,0.22025,0.222,0.24175,0.22625,0.007
1014.00,0.24375,0.24575,0.21875,0.2608,0.2255,0.2175,0.2185,0.222,0.2415,0.2265,0.008
1015.00,0.2435,0.245,0.21825,0.26080000000000003,0.226,0.21725,0.21875,0.219,0.24075,0.227,0.009
1016.00,0.24275,0.24525,0.218,0.2596,0.226,0.2175,0.219,0.22,0.24025,0.226,0.008
1017.00,0.2425,0.244,0.21925,0.2592,0.22625,0.217,0.218,0.22,0.23975,0.226,0.006
1018.00,0.24225,0.24375,0.21925,0.25999999999999995,0.2265,0.21775,0.21825,0.219,0.23875,0.22625,0.006
1019.00,0.2425,0.24375,0.21975,0.25999999999999995,0.22675,0.218,0.21875,0.221,0.24025,0.226,0.006
1020.00,0.2445,0.247,0.22,0.2604,0.22875,0.22025,0.22,0.223,0.24075,0.22825,0.006
1021.00,0.247,0.2485,0.223,0.2636,0.23175,0.222,0.2215,0.225,0.24275,0.22975,0.006
1022.00,0.249,0.25225,0.22675,0.26580000000000004,0.23349999999999999,0.2245,0.2245,0.227,0.24425,0.23025,0.006
1023.00,0.2495,0.25375000000000003,0.22725,0.267,0.23425,0.22775,0.22575,0.23,0.24625,0.23125,0.006
1024.00,0.25075000000000003,0.25425,0.2285,0.2684,0.23575000000000002,0.22825,0.22725,0.23,0.24825,0.2325,0.007
1025.00,0.25275000000000003,0.25575000000000003,0.22975,0.2694,0.2375,0.22975,0.2275,0.231,0.249,0.23374999999999999,0.006
1026.00,0.25375000000000003,0.257,0.23,0.27040000000000003,0.2385,0.231,0.22925,0.231,0.24975,0.23600000000000002,0.006
1027.00,0.25425,0.25875000000000004,0.232,0.2718,0.241,0.23175,0.231,0.233,0.2505,0.23625,0.006
1028.00,0.256,0.26025,0.23275,0.273,0.242,0.23325,0.23125,0.233,0.2515,0.23725000000000002,0.006
1029.00,0.2565,0.26025,0.23275,0.2742,0.2435,0.23424999999999999,0.23175,0.233,0.2525,0.238,0.006
1030.00,0.257,0.2605,0.23275,0.2752,0.244,0.23500000000000001,0.23225,0.234,0.25275000000000003,0.239,0.007
1031.00,0.2585,0.26125,0.23325,0.27620000000000006,0.24475,0.236,0.233,0.234,0.25325,0.239,0.007
1032.00,0.25875000000000004,0.2625,0.23374999999999999,0.27680000000000005,0.245,0.2365,0.23324999999999999,0.234,0.25375000000000003,0.23925,0.007
1033.00,0.2595,0.2625,0.23725,0.2782,0.2465,0.23775,0.23424999999999999,0.234,0.254,0.24,0.008
1034.00,0.26,0.26375000000000004,0.238,0.27780000000000005,0.2475,0.23875,0.23500000000000001,0.237,0.25525,0.24075,0.007
1035.00,0.2615,0.264,0.24025,0.2782,0.24725,0.24025,0.23575,0.238,0.25675000000000003,0.24125,0.009
1036.00,0.262,0.26475000000000004,0.2405,0.2794,0.24725,0.24225,0.2375,0.24,0.25675000000000003,0.24375,0.009
1037.00,0.263,0.2665,0.2415,0.2802,0.24875,0.24475,0.239,0.242,0.25875000000000004,0.24525,0.009
1038.00,0.2635,0.269,0.24225,0.2822,0.2525,0.24575,0.24125,0.244,0.26025,0.246,0.009
1039.00,0.26625,0.27075000000000005,0.245,0.28400000000000003,0.25525,0.24725,0.24425,0.245,0.262,0.24825,0.009
1040.00,0.2675,0.27175000000000005,0.24775,0.28619999999999995,0.2565,0.24925,0.24575,0.247,0.26475000000000004,0.25,0.009
1041.00,0.26975000000000005,0.274,0.24975,0.28679999999999994,0.25675000000000003,0.25125,0.2475,0.247,0.266,0.25075000000000003,0.009
1042.00,0.271,0.275,0.25175000000000003,0.28959999999999997,0.2595,0.25375000000000003,0.24875,0.249,0.266,0.252,0.009
1043.00,0.272,0.27625,0.25275000000000003,0.2914,0.26175000000000004,0.2545,0.2505,0.25,0.2675,0.253,0.009
1044.00,0.27225,0.276,0.25225,0.29279999999999995,0.26375000000000004,0.25475000000000003,0.251,0.252,0.2675,0.25425,0.009
1045.00,0.27325,0.279,0.253,0.29279999999999995,0.26425,0.25475000000000003,0.2515,0.252,0.2675,0.2545,0.008
1046.00,0.27425,0.28025,0.25525,0.29279999999999995,0.2655,0.2555,0.25175000000000003,0.252,0.26775000000000004,0.25475000000000003,0.008
1047.00,0.27575,0.28025,0.25625,0.2938,0.266,0.256,0.25275000000000003,0.255,0.26775000000000004,0.255,0.008
1048.00,0.2775,0.28025,0.25775000000000003,0.2944,0.26575000000000004,0.25675000000000003,0.25425,0.255,0.26875000000000004,0.25575000000000003,0.009
1049.00,0.2775,0.28049999999999997,0.25775000000000003,0.2944,0.265,0.2575,0.25475000000000003,0.256,0.26925,0.2555,0.009
1050.00,0.27775000000000005,0.281,0.25775000000000003,0.2948,0.26475000000000004,0.258,0.25475000000000003,0.255,0.26875000000000004,0.2565,0.009
1051.00,0.2775,0.28075,0.25775000000000003,0.29579999999999995,0.26475000000000004,0.25825,0.25475000000000003,0.254,0.268,0.2565,0.008
1052.00,0.27725,0.28025,0.2575,0.29579999999999995,0.264,0.258,0.25475000000000003,0.253,0.26775000000000004,0.2565,0.007
1053.00,0.277,0.28,0.258,0.29599999999999993,0.26425,0.25675000000000003,0.25475000000000003,0.253,0.2675,0.25625,0.007
1054.00,0.276,0.28049999999999997,0.2585,0.29679999999999995,0.26475000000000004,0.2565,0.255,0.256,0.269,0.25675000000000003,0.007
1055.00,0.276,0.28025,0.258,0.2968,0.26525,0.2575,0.25525,0.256,0.26875000000000004,0.2575,0.007
1056.00,0.2765,0.28025,0.258,0.2974,0.26525,0.25875000000000004,0.25675000000000003,0.257,0.27025,0.25725,0.008
1057.00,0.27825,0.28200000000000003,0.26025,0.2988,0.2675,0.26225,0.25825,0.257,0.271,0.258,0.008
1058.00,0.2845,0.28650000000000003,0.2625,0.30199999999999994,0.27075000000000005,0.26575000000000004,0.26225,0.261,0.27525,0.2615,0.008
1059.00,0.2875,0.29424999999999996,0.26925,0.30460000000000004,0.27575,0.27325,0.2685,0.266,0.281,0.26375000000000004,0.008
1060.00,0.29324999999999996,0.3,0.27675000000000005,0.31020000000000003,0.28625,0.27975,0.27575,0.272,0.2855,0.27225,0.008
1061.00,0.29725,0.3005,0.28225,0.3184,0.29124999999999995,0.28524999999999995,0.27975,0.274,0.28774999999999995,0.276,0.008
1062.00,0.299,0.3025,0.28275,0.3196,0.29375,0.28675,0.2815,0.275,0.29125,0.277,0.008
1063.00,0.30124999999999996,0.304,0.28425,0.3206,0.29425,0.28650000000000003,0.28225,0.275,0.29124999999999995,0.27725,0.008
1064.00,0.303,0.30575,0.284,0.3206,0.29475,0.2865,0.28200000000000003,0.276,0.29024999999999995,0.276,0.008
1065.00,0.30274999999999996,0.3055,0.2845,0.322,0.29524999999999996,0.286,0.28324999999999995,0.277,0.29174999999999995,0.27725,0.008
1066.00,0.3025,0.30575,0.28475,0.3224,0.295,0.28475,0.28200000000000003,0.277,0.2915,0.277,0.008
1067.00,0.30275,0.306,0.28550000000000003,0.323,0.296,0.28475,0.28275,0.277,0.2915,0.2775,0.008
1068.00,0.3025,0.306,0.28650000000000003,0.3244,0.296,0.28624999999999995,0.28575,0.277,0.29574999999999996,0.27925,0.009
1069.00,0.30475,0.30974999999999997,0.287,0.32680000000000003,0.29625,0.28800000000000003,0.28650000000000003,0.278,0.2965,0.27975,0.008
1070.00,0.3045,0.31124999999999997,0.28824999999999995,0.3286,0.298,0.28924999999999995,0.28850000000000003,0.288,0.298,0.28225,0.008
1071.00,0.30524999999999997,0.31275,0.28974999999999995,0.33060000000000006,0.3005,0.29075,0.28900000000000003,0.287,0.29725,0.28375,0.008
1072.00,0.3075,0.31425000000000003,0.28975,0.33080000000000004,0.30024999999999996,0.29125,0.29,0.287,0.29875,0.28324999999999995,0.009
1073.00,0.30825,0.315,0.28974999999999995,0.33080000000000004,0.30075,0.293,0.28974999999999995,0.286,0.2985,0.2855,0.009
1074.00,0.30825,0.31475,0.29024999999999995,0.3318,0.30175,0.29224999999999995,0.29025,0.286,0.29825,0.2845,0.009
1075.00,0.30924999999999997,0.31575,0.2925,0.3316,0.3015,0.29274999999999995,0.2925,0.286,0.29824999999999996,0.28475,0.009
1076.00,0.309,0.3185,0.29425,0.3330000000000001,0.3035,0.294,0.29774999999999996,0.292,0.30075,0.287,0.009
1077.00,0.31025,0.31925,0.29524999999999996,0.33480000000000004,0.3095,0.29874999999999996,0.29775,0.292,0.3015,0.287,0.009
1078.00,0.3125,0.3185,0.29574999999999996,0.3372,0.30974999999999997,0.2995,0.29875,0.292,0.3025,0.289,0.009
1079.00,0.31325000000000003,0.31875000000000003,0.295,0.3358,0.30974999999999997,0.3,0.29975,0.292,0.3015,0.28925,0.009
1080.00,0.31325000000000003,0.319,0.2945,0.3346,0.3105,0.30025,0.29924999999999996,0.292,0.30125,0.28625,0.009
1081.00,0.315,0.3215,0.29475,0.3366,0.31025,0.3015,0.29824999999999996,0.293,0.30125,0.287,0.009
1082.00,0.3155,0.32175000000000004,0.29525,0.3388,0.31075,0.301,0.29975,0.293,0.30124999999999996,0.28824999999999995,0.009
1083.00,0.317,0.32275000000000004,0.29725,0.3388,0.3105,0.30225,0.30024999999999996,0.292,0.302,0.28874999999999995,0.01
1084.00,0.317,0.32375000000000004,0.2975,0.3402,0.31025,0.3045,0.3005,0.292,0.303,0.28925,0.009
1085.00,0.3195,0.32375,0.29875,0.33980000000000005,0.3075,0.30324999999999996,0.3005,0.292,0.303,0.29074999999999995,0.01
1086.00,0.31775,0.32225,0.29724999999999996,0.33680000000000004,0.30875,0.299,0.2985,0.291,0.3005,0.29124999999999995,0.008
1087.00,0.317,0.3215,0.29724999999999996,0.3336,0.30925,0.2975,0.29824999999999996,0.291,0.299,0.28974999999999995,0.01
1088.00,0.317,0.321,0.298,0.3356,0.30974999999999997,0.29924999999999996,0.29874999999999996,0.294,0.29825,0.2895,0.01
1089.00,0.31975000000000003,0.32575,0.30625,0.3376,0.31325,0.3035,0.3035,0.294,0.30174999999999996,0.28925,0.01
1090.00,0.3225,0.32875,0.31,0.3396,0.317,0.30524999999999997,0.3055,0.297,0.302,0.291,0.01
1091.00,0.3255,0.33175,0.31174999999999997,0.348,0.3235,0.30825,0.3085,0.299,0.305,0.29175,0.009
1092.00,0.32525,0.333,0.31125,0.3512,0.32375000000000004,0.30925,0.309,0.299,0.306,0.29275,0.004
1093.00,0.325,0.33275000000000005,0.3115,0.34900000000000003,0.32375,0.309,0.30824999999999997,0.301,0.30624999999999997,0.29275,0.005
1094.00,0.3245,0.33,0.3095,0.34979999999999994,0.321,0.30874999999999997,0.309,0.3,0.30674999999999997,0.29224999999999995,0.005
1095.00,0.323,0.33025000000000004,0.3105,0.3536,0.32075000000000004,0.30975,0.30824999999999997,0.3,0.3085,0.29075,0.008
1096.00,0.324,0.33325,0.3125,0.35119999999999996,0.32325,0.31124999999999997,0.3115,0.306,0.30924999999999997,0.29374999999999996,0.008
1097.00,0.3255,0.335,0.31325,0.35139999999999993,0.32525,0.31325,0.31,0.305,0.30975,0.29374999999999996,0.007
1098.00,0.33,0.3345,0.314,0.3558,0.328,0.31525000000000003,0.31075,0.314,0.30974999999999997,0.29375,0.005
1099.00,0.32925,0.3345,0.31325000000000003,0.356,0.328,0.319,0.31125,0.316,0.3155,0.302,0.015
1100.00,0.23024999999999998,0.18275,0.16575,0.1652,0.21575,0.1985,0.14225000000000002,0.172,0.163,0.20675,0.015
