wavelength,blank,S8 Preheat,S6 Irrad 9,S6 Post Irrad Day 1 1,S6 Post Irrad Day 1 2,S6 Post Irrad Day 1 3,S6 Post Irrad Day 1 4,S6 Post Irrad Day 1 5,S6 Post Irrad Day 1 6,S6 Post Irrad Day 1 7,S6 Post Irrad Day 3,S6 Post Irrad Day 5
190,89.3,1.925,0.3,0.4,0.4,0.4,0.4,0.5,0.5,0.4,0.6,0.6
191,89.5,1.8,0.3,0.3,0.4,0.3,0.4,0.4,0.4,0.3,0.5,0.5
192,91.3,1.7,0.275,0.3,0.3,0.3,0.3,0.3,0.4,0.3,0.4,0.4
193,91.9,1.625,0.2,0.3,0.3,0.3,0.3,0.3,0.3,0.3,0.3,0.3
194,93.3,1.575,0.2,0.2,0.3,0.3,0.3,0.3,0.3,0.3,0.3,0.3
195,94.1,1.55,0.2,0.2,0.2,0.3,0.2,0.3,0.3,0.3,0.3,0.3
196,94.5,1.55,0.175,0.2,0.2,0.2,0.2,0.2,0.2,0.2,0.2,0.3
197,94.9,1.5,0.1,0.2,0.2,0.2,0.2,0.2,0.2,0.2,0.2,0.3
198,95.3,1.5,0.1,0.2,0.2,0.2,0.2,0.2,0.2,0.2,0.2,0.2
199,95.4,1.5,0.1,0.2,0.2,0.2,0.2,0.2,0.2,0.2,0.2,0.2
200,95.9,1.5,0.1,0.2,0.2,0.2,0.2,0.2,0.2,0.2,0.2,0.2
201,96.9,1.575,0.1,0.2,0.2,0.2,0.2,0.2,0.2,0.2,0.2,0.2
202,97,1.575,0.1,0.2,0.2,0.1,0.1,0.2,0.2,0.2,0.2,0.2
203,97.2,1.6,0.1,0.1,0.1,0.1,0.1,0.2,0.2,0.2,0.2,0.2
204,97.3,1.7,0.1,0.1,0.1,0.1,0.1,0.2,0.2,0.2,0.2,0.2
205,97.8,1.8,0.1,0.1,0.1,0.1,0.1,0.2,0.2,0.2,0.1,0.1
206,97.8,1.925,0.1,0.1,0.1,0.1,0.1,0.1,0.1,0.1,0.1,0.1
207,97.8,2.1,0.1,0.1,0.1,0.1,0.1,0.1,0.1,0.1,0.1,0.1
208,97.7,2.3,0.1,0.1,0.1,0.1,0.1,0.1,0.1,0.1,0.1,0.1
209,97.6,2.6,0.1,0.1,0.1,0.1,0.1,0.1,0.1,0.1,0.1,0.1
210,97.6,2.925,0.1,0.1,0.1,0.1,0.1,0.1,0.1,0.1,0.1,0.1
211,97.5,3.275,0.1,0.1,0.1,0.1,0.1,0.1,0.1,0.1,0.1,0.1
212,97.5,3.675,0.1,0.1,0.1,0.1,0.1,0.1,0.1,0.1,0.1,0.1
213,97.5,4.15,0.1,0.1,0.1,0.1,0.1,0.1,0.1,0.1,0.1,0.1
214,97.6,4.65,0.1,0.1,0.1,0.1,0.1,0.1,0.1,0.1,0.1,0.1
215,97.9,4.8,0.1,0.1,0.1,0.1,0.1,0.1,0.1,0.1,0.1,0.1
216,98.1,5.125,0,0,0,0,0,0,0,0,0,0
217,98.3,5.725,0,0,0,0,0,0,0,0,0,0
218,98.2,6.35,0,0,0,0,0,0,0,0,0,0
219,98.5,7,0,0,0,0,0,0,0,0,0,0
220,98.6,7.65,0,0,0,0,0,0,0,0,0,0
221,98.6,8.35,0,0,0,0,0,0,0,0,0,0
222,98.7,8.95,0,0,0,0,0,0,0,0,0,0
223,98.7,9.85,0,0,0,0,0,0,0,0,0,0
224,98.6,10.45,0.1,0.1,0.1,0.1,0.1,0.1,0.1,0.1,0.1,0.1
225,98.6,10.925,0.1,0.1,0.1,0.1,0.1,0.1,0.1,0.1,0.1,0.1
226,98.6,11.3,0.1,0.1,0.1,0.1,0.1,0.1,0.1,0.1,0.1,0.1
227,98.7,11.55,0.1,0.1,0.1,0.1,0.1,0.1,0.1,0.1,0.1,0.1
228,98.8,11.625,0.1,0.1,0.1,0.1,0.1,0.1,0.1,0.1,0.1,0.1
229,98.8,11.55,0.1,0.1,0.1,0.1,0.1,0.1,0.1,0.1,0.1,0.1
230,98.9,11.4,0.1,0.1,0.1,0.1,0.1,0.1,0.1,0.1,0.1,0.1
231,99,11.225,0.1,0.1,0.1,0.1,0.1,0.1,0.1,0.1,0.1,0.1
232,99,11,0.1,0.1,0.1,0.1,0.1,0.1,0.1,0.1,0.1,0.1
233,98.9,10.775,0.1,0.1,0.1,0.1,0.1,0.1,0.1,0.1,0.1,0.1
234,98.8,10.5,0.1,0.1,0.1,0.1,0.1,0.1,0.1,0.1,0.1,0.1
235,98.8,10.2,0.175,0.1,0.1,0.1,0.1,0.1,0.1,0.1,0.1,0.1
236,98.8,9.95,0.2,0.1,0.1,0.1,0.1,0.1,0.1,0.1,0.1,0.1
237,98.6,9.7,0.2,0.1,0.1,0.1,0.1,0.1,0.1,0.1,0.1,0.1
238,98.5,9.45,0.2,0.1,0.1,0.1,0.1,0.1,0.1,0.1,0.1,0.1
239,98.5,9.275,0.2,0.1,0.1,0.1,0.1,0.1,0.1,0.1,0.1,0.1
240,98.5,9.15,0.2,0.1,0.1,0.1,0.1,0.1,0.1,0.1,0.1,0.1
241,98.6,9.1,0.2,0.1,0.1,0.1,0.1,0.1,0.1,0.1,0.1,0.1
242,98.7,9.075,0.2,0.1,0.1,0.1,0.1,0.1,0.1,0.1,0.1,0.1
243,99,9.075,0.2,0.1,0.1,0.1,0.1,0.1,0.1,0.1,0.1,0.1
244,98.9,9.025,0.2,0.1,0.1,0.1,0.1,0.1,0.1,0.1,0.1,0.1
245,98.9,9.15,0.2,0.1,0.1,0.1,0.1,0.1,0.1,0.1,0.1,0.1
246,98.9,9.525,0.2,0.1,0.1,0.1,0.1,0.1,0.1,0.1,0.1,0.1
247,98.9,9.925,0.3,0.1,0.1,0.1,0.1,0.1,0.1,0.1,0.1,0.1
248,99,10.2,0.3,0.1,0.1,0.1,0.1,0.1,0.1,0.1,0.1,0.2
249,99.1,10.525,0.3,0.1,0.1,0.1,0.1,0.1,0.1,0.1,0.1,0.2
250,99.1,10.875,0.3,0.1,0.1,0.1,0.1,0.1,0.1,0.1,0.2,0.2
251,99,11.5,0.3,0.1,0.1,0.1,0.2,0.2,0.2,0.2,0.2,0.3
252,98.8,12.2,0.3,0.2,0.2,0.2,0.2,0.2,0.2,0.2,0.2,0.3
253,98.8,12.875,0.4,0.2,0.2,0.2,0.2,0.2,0.2,0.2,0.3,0.4
254,98.8,13.525,0.4,0.2,0.2,0.3,0.3,0.3,0.3,0.3,0.4,0.5
255,98.8,14.175,0.4,0.3,0.3,0.3,0.3,0.3,0.3,0.3,0.4,0.6
256,98.8,14.85,0.5,0.3,0.4,0.4,0.4,0.4,0.4,0.4,0.5,0.7
257,98.7,15.65,0.6,0.4,0.4,0.5,0.5,0.5,0.5,0.5,0.6,0.8
258,98.6,16.425,0.65,0.5,0.5,0.6,0.6,0.6,0.6,0.6,0.8,1
259,98.6,17.25,0.75,0.6,0.6,0.7,0.7,0.7,0.7,0.7,0.9,1.2
260,98.6,18.05,0.85,0.7,0.7,0.8,0.8,0.8,0.8,0.8,1.1,1.4
261,98.7,18.5,0.925,0.8,0.8,0.9,0.9,0.9,0.9,0.9,1.2,1.5
262,98.8,18.7,1,0.8,0.9,0.9,1,1,1,1,1.4,1.7
263,98.8,18.975,1.075,0.9,1,1,1.1,1.1,1.1,1.1,1.5,1.8
264,98.7,19.35,1.175,1,1.1,1.2,1.2,1.2,1.2,1.3,1.6,2
265,98.7,19.775,1.3,1.2,1.3,1.3,1.3,1.4,1.4,1.4,1.8,2.1
266,98.7,20.125,1.4,1.3,1.4,1.4,1.5,1.5,1.5,1.5,2,2.3
267,98.5,20.55,1.525,1.4,1.5,1.6,1.6,1.6,1.7,1.7,2.1,2.6
268,98.5,20.85,1.65,1.5,1.6,1.7,1.7,1.8,1.8,1.8,2.3,2.7
269,98.5,21.05,1.725,1.6,1.7,1.8,1.8,1.9,1.9,1.9,2.4,2.9
270,98.4,21.25,1.825,1.7,1.8,1.9,1.9,2,2,2,2.6,3
271,98.2,21.55,1.925,1.8,1.9,2,2.1,2.1,2.1,2.1,2.7,3.2
272,98.2,21.75,2.025,1.9,2,2.1,2.1,2.2,2.2,2.2,2.9,3.3
273,98.2,21.775,2.075,2,2.1,2.2,2.2,2.3,2.3,2.3,3,3.5
274,98.2,21.65,2.125,2,2.1,2.2,2.3,2.3,2.3,2.4,3,3.5
275,98.2,21.725,2.175,2.1,2.2,2.3,2.3,2.4,2.4,2.4,3.1,3.6
276,98.2,21.825,2.25,2.2,2.3,2.4,2.4,2.5,2.5,2.5,3.2,3.7
277,98.2,21.925,2.3,2.2,2.4,2.4,2.5,2.5,2.6,2.6,3.2,3.8
278,98.2,22,2.325,2.3,2.4,2.5,2.5,2.6,2.6,2.6,3.3,3.8
279,98.1,22,2.375,2.3,2.4,2.5,2.6,2.6,2.6,2.7,3.4,3.9
280,98.1,22.025,2.4,2.4,2.5,2.6,2.6,2.7,2.7,2.7,3.4,4
281,98.1,22.1,2.475,2.4,2.5,2.6,2.7,2.7,2.8,2.8,3.5,4
282,98.1,22.325,2.5,2.5,2.6,2.7,2.7,2.8,2.8,2.8,3.6,4.1
283,97.9,22.375,2.5,2.5,2.6,2.7,2.7,2.8,2.8,2.8,3.6,4.1
284,97.9,22.35,2.5,2.5,2.6,2.7,2.7,2.8,2.8,2.8,3.6,4.1
285,97.9,22.4,2.525,2.5,2.6,2.7,2.7,2.8,2.8,2.9,3.6,4.1
286,97.9,22.575,2.55,2.5,2.7,2.7,2.8,2.8,2.9,2.9,3.6,4.2
287,97.9,22.65,2.55,2.5,2.7,2.7,2.8,2.8,2.9,2.9,3.6,4.2
288,97.9,22.65,2.575,2.5,2.7,2.7,2.8,2.8,2.9,2.9,3.6,4.2
289,97.9,22.725,2.575,2.5,2.7,2.8,2.8,2.9,2.9,2.9,3.6,4.2
290,97.9,22.875,2.6,2.6,2.7,2.8,2.9,2.9,2.9,2.9,3.7,4.2
291,97.9,23.05,2.6,2.6,2.7,2.8,2.9,2.9,2.9,3,3.7,4.3
292,98,23.075,2.6,2.6,2.7,2.8,2.9,2.9,2.9,3,3.7,4.3
293,98,23.1,2.6,2.6,2.7,2.8,2.9,2.9,3,3,3.7,4.3
294,98,23.15,2.625,2.6,2.8,2.9,2.9,3,3,3,3.8,4.3
295,97.9,23.375,2.65,2.7,2.8,2.9,2.9,3,3,3,3.8,4.4
296,98,23.375,2.65,2.7,2.8,2.9,3,3,3,3.1,3.8,4.4
297,98.2,23.55,2.65,2.7,2.8,2.9,3,3,3,3.1,3.9,4.4
298,98.1,23.575,2.65,2.7,2.8,2.9,3,3,3.1,3.1,3.9,4.4
299,98.1,23.55,2.65,2.7,2.8,2.9,3,3.1,3.1,3.1,3.9,4.4
300,98.1,23.55,2.7,2.7,2.9,2.9,3,3.1,3.1,3.1,3.9,4.4
301,98.1,23.575,2.7,2.8,2.9,3,3.1,3.2,3.2,3.2,3.9,4.5
302,98.1,23.6,2.75,2.8,3,3.1,3.1,3.2,3.2,3.2,4,4.5
303,98.1,23.775,2.75,2.8,3,3.1,3.2,3.2,3.3,3.3,4,4.6
304,98.1,23.85,2.8,2.9,3,3.2,3.2,3.3,3.3,3.3,4.1,4.7
305,98,24.025,2.825,3,3.1,3.2,3.3,3.3,3.4,3.4,4.2,4.7
306,98,24.25,2.9,3,3.2,3.3,3.4,3.4,3.5,3.5,4.2,4.8
307,98,24.525,2.95,3.1,3.3,3.4,3.5,3.5,3.6,3.6,4.3,5
308,98,24.775,3,3.2,3.4,3.5,3.5,3.6,3.7,3.7,4.4,5.1
309,98.1,25,3.075,3.3,3.4,3.5,3.6,3.7,3.7,3.7,4.6,5.2
310,98.1,25.025,3.1,3.3,3.5,3.6,3.7,3.8,3.8,3.8,4.6,5.3
311,98.2,25.05,3.15,3.4,3.6,3.7,3.8,3.8,3.9,3.9,4.7,5.4
312,98.2,25.175,3.225,3.5,3.6,3.8,3.8,3.9,3.9,4,4.8,5.5
313,98.1,25.375,3.325,3.6,3.8,3.9,4,4.1,4.1,4.1,4.9,5.6
314,98.1,25.675,3.375,3.7,3.9,4,4.1,4.2,4.2,4.2,5.1,5.8
315,98,25.65,3.45,3.8,4,4.1,4.2,4.2,4.3,4.3,5.2,5.9
316,98,25.55,3.525,3.9,4,4.2,4.3,4.3,4.4,4.4,5.3,6
317,97.9,25.6,3.625,4,4.2,4.3,4.4,4.5,4.5,4.6,5.4,6.2
318,97.9,25.85,3.75,4.1,4.4,4.5,4.6,4.7,4.7,4.7,5.6,6.4
319,97.9,26,3.85,4.3,4.5,4.6,4.7,4.8,4.8,4.9,5.8,6.6
320,97.9,26.05,3.95,4.4,4.6,4.8,4.9,5,5,5,5.9,6.8
321,97.9,26.325,4.15,4.6,4.8,5,5.1,5.2,5.2,5.3,6.1,7
322,98,26.875,4.325,4.8,5.1,5.2,5.3,5.4,5.5,5.5,6.4,7.3
323,98,27.15,4.45,5,5.2,5.4,5.5,5.6,5.7,5.7,6.7,7.6
324,98,27.15,4.55,5.1,5.3,5.5,5.6,5.7,5.8,5.8,6.9,7.8
325,98,27.05,4.65,5.2,5.5,5.6,5.7,5.9,5.9,6,7,7.9
326,98.1,27.025,4.75,5.3,5.6,5.8,5.9,6,6.1,6.1,7.1,8.1
327,98.1,27.025,4.925,5.5,5.8,6,6.1,6.2,6.3,6.3,7.3,8.3
328,98,27.25,5.1,5.7,6,6.2,6.3,6.4,6.5,6.5,7.5,8.6
329,98,27.525,5.3,5.9,6.3,6.4,6.6,6.7,6.7,6.8,7.8,8.8
330,98,27.825,5.5,6.2,6.5,6.7,6.8,6.9,7,7,8.1,9.2
331,98,28.05,5.7,6.4,6.7,6.9,7.1,7.2,7.3,7.3,8.4,9.5
332,98,28.175,5.9,6.6,6.9,7.1,7.3,7.4,7.5,7.5,8.6,9.8
333,98,28.2,6,6.7,7.1,7.3,7.4,7.6,7.6,7.7,8.8,10
334,97.9,28.2,6.15,6.9,7.3,7.5,7.6,7.8,7.8,7.9,9,10.2
335,98,28.3,6.375,7.1,7.5,7.7,7.9,8,8.1,8.1,9.2,10.4
336,98,28.475,6.6,7.4,7.7,7.9,8.1,8.3,8.3,8.4,9.4,10.7
337,98.1,28.725,6.8,7.6,8,8.1,8.3,8.5,8.5,8.6,9.7,11
338,98.1,28.825,6.975,7.8,8.2,8.4,8.6,8.7,8.8,8.8,10,11.3
339,98.1,28.975,7.2,8,8.4,8.6,8.8,9,9,9.1,10.2,11.6
340,98.1,29.2,7.45,8.3,8.7,8.9,9.1,9.3,9.3,9.4,10.5,11.9
341,98.1,29.475,7.725,8.6,9,9.2,9.4,9.6,9.6,9.7,10.8,12.2
342,98.1,29.775,7.95,8.9,9.3,9.5,9.7,9.9,9.9,10,11.1,12.6
343,98,29.825,8.15,9.1,9.5,9.7,9.9,10.1,10.1,10.2,11.5,13
344,98,29.725,8.225,9.2,9.6,9.8,10,10.2,10.3,10.3,11.6,13.1
345,97.9,29.525,8.375,9.3,9.8,10,10.2,10.4,10.4,10.4,11.7,13.2
346,97.9,29.55,8.6,9.6,10,10.2,10.4,10.6,10.7,10.7,11.9,13.3
347,97.9,29.775,8.825,9.8,10.3,10.5,10.7,10.9,11,11,12.1,13.6
348,97.9,30.05,9.1,10.1,10.6,10.8,11,11.2,11.2,11.3,12.4,14
349,97.9,30.25,9.325,10.4,10.9,11.1,11.3,11.5,11.5,11.6,12.7,14.3
350,97.8,30.4,9.6,10.6,11.1,11.4,11.6,11.8,11.8,11.9,13,14.6
351,97.9,30.6,9.9,10.9,11.4,11.7,11.9,12.1,12.1,12.2,13.3,14.9
352,97.9,30.7,10.1,11.1,11.7,11.9,12.1,12.3,12.4,12.5,13.6,15.3
353,97.9,30.8,10.3,11.4,11.9,12.2,12.4,12.6,12.7,12.8,13.9,15.6
354,97.9,30.825,10.525,11.7,12.2,12.5,12.7,12.9,12.9,13,14.1,15.8
355,97.4,30.975,10.7,11.9,12.4,12.7,12.8,13.1,13.1,13.2,14.4,16
356,97.4,31,10.725,11.9,12.5,12.7,12.9,13.2,13.2,13.2,14.5,16.2
357,97.4,30.9,10.875,12,12.7,12.9,13.1,13.3,13.4,13.3,14.5,16.3
358,97.4,31.05,11.125,12.3,12.9,13.2,13.5,13.7,13.7,13.7,14.8,16.4
359,97.5,31.35,11.375,12.7,13.1,13.4,13.6,13.9,13.9,13.9,15.1,16.9
360,97.4,31.225,11.375,12.7,13.1,13.4,13.6,13.9,13.9,13.9,15.2,17.1
361,97.4,30.975,11.375,12.5,13,13.4,13.6,13.8,13.9,13.9,15.2,16.9
362,97.4,30.7,11.375,12.5,13.1,13.4,13.6,13.8,13.9,13.9,15.1,16.7
363,97.4,30.725,11.5,12.7,13.2,13.6,13.8,14,14,14,15.1,16.7
364,97.3,30.775,11.775,13,13.5,13.9,14.1,14.3,14.3,14.3,15.3,16.9
365,97.3,30.875,12.075,13.3,13.8,14.1,14.4,14.5,14.6,14.6,15.5,17.3
366,97.3,30.95,12.275,13.5,14,14.3,14.5,14.7,14.8,14.8,15.8,17.5
367,97.5,31.075,12.475,13.7,14.2,14.5,14.7,14.9,15,15,15.9,17.7
368,97.5,31.2,12.7,13.9,14.4,14.7,15,15.2,15.2,15.3,16.2,17.9
369,97.4,31.425,12.95,14.2,14.7,15,15.2,15.4,15.5,15.5,16.4,18.2
370,97.4,31.55,13.1,14.3,14.8,15.2,15.4,15.6,15.6,15.6,16.7,18.4
371,97.5,31.575,13.3,14.4,15,15.3,15.5,15.7,15.8,15.8,16.8,18.6
372,97.6,31.65,13.45,14.7,15.2,15.5,15.8,16,16,16,17,18.7
373,97.6,31.725,13.7,14.9,15.5,15.8,16,16.2,16.2,16.3,17.2,19
374,97.6,31.8,13.925,15.2,15.7,16,16.3,16.5,16.5,16.6,17.5,19.3
375,97.5,31.9,14.025,15.2,15.7,16,16.4,16.5,16.5,16.6,17.8,19.4
376,97.2,31.75,13.975,15.3,15.7,16,16.3,16.5,16.5,16.6,17.8,19.5
377,97.2,31.525,13.925,15.2,15.7,16,16.2,16.4,16.5,16.5,17.7,19.3
378,97.2,31.4,13.925,15.2,15.8,16,16.3,16.5,16.5,16.5,17.6,19.1
379,97.2,31.375,14.15,15.3,15.9,16.2,16.4,16.6,16.5,16.6,17.6,19.1
380,97.2,31.375,14.375,15.6,16.1,16.4,16.6,16.9,16.8,16.9,17.7,19.3
381,97.1,31.5,14.6,15.8,16.3,16.7,16.9,17.1,17,17.1,17.8,19.6
382,97.1,31.55,14.75,16,16.5,16.8,16.9,17.2,17.2,17.2,18,19.9
383,97.1,31.525,14.825,16,16.5,16.8,17,17.2,17.2,17.2,18.1,19.9
384,97.1,31.525,14.925,16.1,16.6,16.8,17.1,17.2,17.3,17.3,18.2,19.9
385,97.1,31.45,14.95,16.2,16.7,17,17.2,17.4,17.4,17.4,18.3,20.1
386,97.1,31.45,15.05,16.3,16.8,17.1,17.3,17.4,17.5,17.5,18.4,20
387,97.2,31.45,15.2,16.3,16.9,17.1,17.4,17.6,17.5,17.6,18.4,20.1
388,97.2,31.475,15.4,16.6,17.1,17.4,17.6,17.8,17.8,17.8,18.6,20.2
389,97.2,31.5,15.6,16.8,17.3,17.6,17.8,18,18,18,18.7,20.5
390,97.1,32.3,16.1,17.3,17.8,18,18.3,18.4,18.4,18.6,19.4,21.3
391,97.1,32.625,16.2,17.5,18,18.2,18.6,18.8,18.7,18.9,19.8,21.4
392,96.8,32.7,16.375,17.6,18.2,18.5,18.8,18.9,18.8,19,19.9,21.6
393,96.9,32.7,16.525,17.8,18.3,18.7,18.8,19,19,19.1,19.9,21.7
394,97.4,32.65,16.575,17.9,18.4,18.7,18.9,19.1,19.1,19.2,19.9,21.8
395,97.5,32.65,16.7,18,18.5,18.8,18.9,19.2,19.1,19.2,19.9,21.8
396,97.6,32.75,16.9,18.1,18.7,18.9,19.1,19.3,19.3,19.4,20,21.9
397,97.6,32.975,17.075,18.3,18.8,19.1,19.3,19.4,19.5,19.5,20.2,22
398,97.5,32.975,17.225,18.4,18.9,19.2,19.4,19.6,19.6,19.7,20.4,22.1
399,97.5,32.975,17.35,18.6,19.1,19.3,19.5,19.7,19.7,19.7,20.4,22.3
400,97.5,33.075,17.525,18.7,19.3,19.5,19.6,19.9,19.9,19.9,20.6,22.4
401,97.4,33.15,17.7,18.9,19.4,19.7,19.9,20.1,20.1,20.1,20.8,22.5
402,97.3,33.225,17.8,19,19.6,19.9,20.1,20.3,20.3,20.3,21,22.7
403,97.3,33.25,17.875,19.2,19.7,19.9,20.1,20.3,20.3,20.3,21.1,22.8
404,97.3,33.225,17.9,19.2,19.6,19.9,20.1,20.3,20.3,20.3,21.1,22.8
405,97.4,33.225,17.925,19.2,19.7,19.9,20.1,20.3,20.3,20.3,21.1,22.8
406,97.4,33.25,18,19.2,19.7,19.9,20.2,20.4,20.3,20.4,21.1,22.8
407,97.7,33.25,18.1,19.3,19.9,20.1,20.3,20.6,20.5,20.5,21.1,22.8
408,97.7,33.325,18.3,19.5,20,20.3,20.5,20.7,20.7,20.7,21.2,23
409,97.7,33.375,18.4,19.6,20.1,20.4,20.6,20.8,20.8,20.8,21.4,23.2
410,97.7,33.375,18.475,19.7,20.1,20.4,20.6,20.8,20.8,20.8,21.4,23.2
411,97.7,33.325,18.5,19.7,20.1,20.4,20.6,20.8,20.8,20.8,21.4,23.2
412,97.7,33.325,18.625,19.9,20.2,20.6,20.8,21,20.9,20.9,21.5,23.3
413,97.7,33.35,18.75,20,20.4,20.7,20.9,21,21.1,21,21.6,23.4
414,97.7,33.425,18.85,20.1,20.5,20.8,21,21.1,21.1,21.1,21.8,23.5
415,97.7,33.5,19.025,20.1,20.6,20.9,21.1,21.2,21.2,21.2,21.8,23.6
416,97.7,33.55,19.125,20.2,20.7,21,21.2,21.3,21.3,21.3,21.9,23.7
417,97.8,33.6,19.25,20.4,20.9,21.1,21.3,21.5,21.5,21.5,22,23.8
418,97.8,33.65,19.45,20.5,21,21.3,21.4,21.6,21.6,21.6,22.1,23.9
419,97.8,33.75,19.575,20.7,21.1,21.4,21.5,21.7,21.7,21.7,22.3,24.1
420,98,33.8,19.625,20.7,21.1,21.4,21.6,21.8,21.7,21.8,22.4,24.2
421,98,33.775,19.625,20.7,21.1,21.4,21.6,21.8,21.7,21.8,22.4,24.2
422,98,33.75,19.65,20.7,21.2,21.4,21.6,21.8,21.8,21.8,22.4,24.2
423,98,33.725,19.7,20.8,21.3,21.5,21.7,21.8,21.8,21.9,22.4,24.2
424,97.9,33.725,19.75,20.9,21.3,21.6,21.7,21.9,21.9,21.9,22.4,24.2
425,98,33.75,19.8,20.9,21.4,21.6,21.7,21.9,21.9,21.9,22.5,24.2
426,97.9,33.75,19.875,20.9,21.4,21.6,21.8,22,21.9,21.9,22.5,24.3
427,98,33.8,19.9,21,21.4,21.7,21.8,22,22,21.9,22.5,24.3
428,97.9,33.8,19.975,21.1,21.5,21.8,22,22.2,22,22.1,22.6,24.3
429,98,33.825,20.05,21.1,21.6,21.8,22,22.2,22.1,22.1,22.6,24.3
430,97.9,33.8,20.15,21.2,21.7,21.9,22.1,22.3,22.2,22.2,22.7,24.4
431,97.9,33.85,20.175,21.3,21.8,21.9,22.1,22.3,22.3,22.3,22.8,24.4
432,97.9,33.9,20.3,21.3,21.8,22.1,22.2,22.4,22.4,22.4,22.9,24.5
433,97.7,33.925,20.375,21.5,22,22.2,22.4,22.5,22.5,22.5,23,24.6
434,97.8,33.925,20.525,21.6,22,22.3,22.4,22.6,22.6,22.6,23.1,24.7
435,98,33.95,20.575,21.6,22.1,22.3,22.5,22.7,22.6,22.6,23.1,24.7
436,98,34.025,20.675,21.7,22.1,22.4,22.6,22.7,22.7,22.7,23.2,24.8
437,97.9,34.05,20.75,21.8,22.2,22.5,22.7,22.8,22.8,22.8,23.3,24.9
438,97.9,34.1,20.875,21.9,22.4,22.6,22.8,22.9,22.9,22.9,23.4,25
439,98.1,34.15,20.975,22,22.5,22.7,22.9,23,23,23,23.5,25.1
440,98.1,34.225,21.075,22.1,22.6,22.8,23,23.1,23.1,23.1,23.6,25.2
441,98.1,34.275,21.1,22.1,22.6,22.8,23,23.2,23.2,23.2,23.7,25.2
442,98,34.275,21.125,22.2,22.6,22.8,23,23.2,23.2,23.2,23.7,25.2
443,98,34.275,21.225,22.3,22.7,22.9,23,23.2,23.2,23.2,23.7,25.2
444,98,34.3,21.3,22.3,22.8,23.1,23.2,23.4,23.4,23.3,23.8,25.3
445,97.9,34.4,21.425,22.4,22.9,23.2,23.3,23.5,23.5,23.4,23.9,25.4
446,98,34.525,21.5,22.5,23,23.2,23.4,23.5,23.6,23.5,23.9,25.5
447,98,34.575,21.575,22.6,23,23.2,23.4,23.6,23.6,23.6,24,25.6
448,98,34.6,21.6,22.6,23,23.3,23.5,23.7,23.6,23.6,24.1,25.6
449,98,34.65,21.625,22.7,23.1,23.3,23.5,23.7,23.6,23.6,24.1,25.6
450,98,34.675,21.725,22.8,23.2,23.4,23.6,23.8,23.7,23.7,24.1,25.6
451,98,34.75,21.8,22.8,23.3,23.5,23.7,23.9,23.8,23.8,24.2,25.7
452,98,34.775,21.85,22.9,23.3,23.6,23.7,23.9,23.8,23.8,24.2,25.8
453,98,34.85,21.875,22.9,23.4,23.6,23.8,23.9,23.9,23.9,24.3,25.9
454,98,34.875,21.95,23,23.4,23.7,23.8,24,23.9,24,24.3,25.9
455,98,34.95,22.025,23.1,23.5,23.8,23.9,24.1,24,24.1,24.4,25.9
456,98,35.025,22.175,23.2,23.7,23.9,24,24.2,24.1,24.1,24.5,26
457,98,35.15,22.325,23.4,23.8,24,24.2,24.4,24.3,24.3,24.6,26.2
458,98,35.25,22.525,23.5,24,24.2,24.3,24.5,24.5,24.5,24.8,26.3
459,98,35.35,22.6,23.6,24,24.3,24.4,24.6,24.5,24.6,24.9,26.5
460,98.1,35.35,22.575,23.6,24,24.3,24.4,24.6,24.5,24.5,25,26.5
461,98,35.35,22.525,23.5,24,24.2,24.4,24.6,24.5,24.5,24.9,26.5
462,98,35.35,22.525,23.6,24,24.2,24.4,24.6,24.5,24.5,24.9,26.5
463,97.9,35.4,22.625,23.6,24.1,24.3,24.5,24.7,24.6,24.6,24.9,26.5
464,97.9,35.5,22.725,23.7,24.2,24.5,24.6,24.9,24.7,24.7,25,26.6
465,97.9,35.6,22.8,23.8,24.3,24.6,24.7,24.9,24.8,24.8,25.1,26.7
466,97.8,35.65,22.85,23.9,24.3,24.6,24.8,25,24.9,24.8,25.1,26.7
467,97.8,35.65,22.95,23.9,24.4,24.7,24.9,25,24.9,24.9,25.2,26.8
468,97.8,35.725,22.95,24,24.5,24.7,24.9,25.2,25,25.1,25.3,26.8
469,97.8,35.75,23.075,24.1,24.5,24.8,25,25.2,25.1,25.1,25.3,26.9
470,97.8,35.75,23.1,24.2,24.6,24.9,25.1,25.3,25.2,25.2,25.4,26.9
471,97.8,35.95,23.175,24.2,24.6,24.9,25.1,25.3,25.2,25.2,25.5,27
472,97.8,36.05,23.325,24.4,24.8,25.1,25.2,25.4,25.3,25.3,25.6,27.1
473,97.9,36.075,23.425,24.4,24.9,25.1,25.3,25.6,25.4,25.4,25.7,27.2
474,97.9,36.25,23.5,24.5,25,25.2,25.4,25.6,25.5,25.5,25.7,27.3
475,97.9,36.35,23.675,24.6,25,25.3,25.5,25.7,25.5,25.6,25.8,27.4
476,97.9,36.45,23.725,24.7,25,25.4,25.6,25.9,25.7,25.7,26,27.5
477,97.9,36.5,23.875,24.8,25.2,25.5,25.7,25.9,25.8,25.7,26.1,27.6
478,97.9,36.625,23.975,24.9,25.3,25.6,25.8,26,25.9,25.9,26.1,27.7
479,97.9,36.825,24.1,25,25.5,25.7,25.9,26.1,26.1,26,26.2,27.9
480,97.9,37,24.325,25.2,25.7,26,26,26.3,26.2,26.3,26.4,28.1
481,98,37.35,24.725,25.5,26,26.3,26.4,26.6,26.6,26.6,26.6,28.3
482,97.9,37.725,25,25.9,26.3,26.6,26.7,26.9,26.9,27,26.9,28.7
483,98,37.875,25.075,25.9,26.3,26.7,26.7,27,26.9,27,27.2,29
484,98.1,37.725,24.725,25.6,26,26.4,26.5,26.7,26.7,26.7,27.2,29
485,98.1,37.45,24.575,25.5,25.9,26.2,26.3,26.5,26.5,26.5,26.9,28.5
486,98,37.45,24.7,25.5,26,26.3,26.5,26.6,26.6,26.6,26.8,28.4
487,98,37.575,24.775,25.6,26.1,26.4,26.6,26.8,26.7,26.7,26.9,28.6
488,98,37.575,24.75,25.6,26.1,26.4,26.6,26.8,26.7,26.7,26.9,28.7
489,98,37.575,24.825,25.7,26.1,26.4,26.7,26.9,26.7,26.7,26.9,28.6
490,97.9,37.8,25.025,26,26.4,26.7,26.9,27,27,27,27,28.7
491,97.9,37.975,25.075,26,26.4,26.8,26.9,27.1,27.1,27,27.3,29
492,97.9,37.875,24.975,25.9,26.3,26.6,26.8,27.1,27,26.9,27.3,29
493,97.9,37.8,24.975,25.9,26.3,26.7,26.8,27.1,27,26.9,27.2,28.8
494,97.9,37.825,25.225,26,26.5,26.9,27.1,27.3,27.2,27.1,27.2,28.9
495,97.8,38.025,25.425,26.2,26.7,27,27.3,27.5,27.4,27.3,27.4,29.1
496,97.8,38.25,25.55,26.4,26.8,27.2,27.4,27.6,27.5,27.5,27.7,29.3
497,97.8,38.375,25.55,26.4,26.8,27.3,27.4,27.6,27.5,27.5,27.7,29.3
498,97.8,38.425,25.55,26.4,26.8,27.3,27.4,27.7,27.5,27.5,27.8,29.4
499,97.8,38.475,25.625,26.5,26.9,27.3,27.5,27.7,27.6,27.6,27.8,29.4
500,97.8,38.6,25.75,26.6,27,27.4,27.7,27.9,27.8,27.8,27.9,29.5
501,97.8,38.725,25.9,26.8,27.2,27.6,27.8,28,27.9,27.9,28,29.6
502,97.8,38.875,26,26.9,27.3,27.7,27.9,28.1,28,28,28.2,29.8
503,97.8,39.075,26.075,27,27.4,27.8,28,28.2,28.1,28.1,28.2,29.9
504,97.8,39.2,26.125,27,27.5,27.9,28,28.3,28.2,28.2,28.3,30
505,97.8,39.25,26.225,27.1,27.5,28,28.2,28.4,28.3,28.3,28.4,30.1
506,97.8,39.375,26.325,27.3,27.7,28.1,28.3,28.6,28.4,28.5,28.5,30.2
507,97.9,39.55,26.5,27.4,27.8,28.2,28.4,28.7,28.5,28.6,28.6,30.4
508,97.9,39.725,26.575,27.5,28,28.4,28.5,28.8,28.7,28.7,28.7,30.5
509,97.9,39.8,26.65,27.6,28.1,28.5,28.6,28.9,28.8,28.8,28.8,30.6
510,97.8,39.85,26.725,27.7,28.1,28.5,28.7,29,28.8,28.8,28.9,30.7
511,97.8,39.9,26.75,27.7,28.2,28.6,28.7,29,28.9,28.9,29,30.8
512,97.8,39.95,26.775,27.7,28.2,28.6,28.8,29.1,28.9,28.9,29,30.8
513,97.7,40.025,26.825,27.7,28.3,28.6,28.8,29.1,28.9,28.9,29,30.8
514,97.8,40.125,26.95,27.9,28.4,28.8,29,29.3,29.1,29.1,29.1,31
515,97.8,40.325,27.1,28.1,28.6,28.9,29.2,29.4,29.3,29.3,29.3,31.1
516,97.8,40.475,27.275,28.3,28.8,29.1,29.3,29.6,29.5,29.5,29.4,31.3
517,97.9,40.65,27.275,28.2,28.8,29.1,29.3,29.6,29.5,29.5,29.5,31.4
518,97.9,40.6,27.2,28.2,28.7,29,29.3,29.5,29.4,29.4,29.6,31.4
519,97.8,40.575,27.175,28.2,28.7,29,29.3,29.6,29.4,29.4,29.5,31.3
520,97.8,40.55,27.2,28.2,28.7,29.2,29.3,29.6,29.4,29.5,29.5,31.2
521,97.8,40.7,27.35,28.4,28.9,29.3,29.5,29.9,29.6,29.6,29.6,31.4
522,97.8,40.85,27.625,28.6,29.2,29.6,29.8,30.1,29.9,29.9,29.9,31.6
523,97.8,41.15,27.825,28.8,29.2,29.8,29.9,30.3,30,30.1,30,31.9
524,97.7,41.375,28.025,28.9,29.5,29.8,30.1,30.4,30.2,30.3,30.2,32.1
525,97.9,41.575,28.125,29.1,29.6,30,30.2,30.5,30.4,30.4,30.4,32.2
526,97.9,41.8,28.25,29.2,29.7,30.2,30.3,30.6,30.6,30.6,30.5,32.4
527,97.9,41.8,28.125,29.2,29.7,30.1,30.2,30.6,30.5,30.5,30.6,32.5
528,97.8,41.725,27.825,28.8,29.3,29.7,30,30.3,30.1,30.1,30.5,32.3
529,97.8,41.325,27.65,28.7,29.2,29.7,29.9,30.2,30,30,30.2,31.9
530,97.8,41.35,27.85,28.9,29.5,29.9,30.1,30.4,30.2,30.2,30.1,31.8
531,97.7,41.725,28.05,29.1,29.6,30.1,30.3,30.5,30.3,30.3,30.4,32.1
532,97.7,41.8,28.025,29.2,29.6,30.1,30.3,30.6,30.4,30.3,30.5,32.3
533,97.7,41.775,28.025,29.1,29.6,30.1,30.3,30.6,30.4,30.3,30.5,32.3
534,97.8,41.775,28.025,29.1,29.7,30.1,30.3,30.6,30.4,30.4,30.5,32.2
535,97.8,41.825,28.05,29.2,29.8,30.1,30.5,30.8,30.6,30.5,30.6,32.3
536,97.7,41.875,28.125,29.2,29.9,30.2,30.5,30.9,30.7,30.7,30.7,32.4
537,97.7,42.075,28.275,29.4,30,30.4,30.7,31,30.8,30.8,30.8,32.5
538,97.6,42.4,28.575,29.6,30.3,30.7,31,31.3,31.2,31.1,31,32.7
539,97.6,42.725,28.75,29.9,30.6,31,31.2,31.5,31.5,31.4,31.4,33.2
540,97.6,42.875,28.675,29.9,30.6,31,31.2,31.5,31.5,31.4,31.6,33.5
541,97.6,42.6,28.525,29.7,30.3,30.7,31,31.3,31.2,31.2,31.4,33.4
542,97.6,42.325,28.375,29.5,30.1,30.6,30.8,31.1,31.1,30.9,31.2,33
543,97.7,42.3,28.35,29.6,30.2,30.7,30.9,31.2,31.1,31,31.1,32.8
544,97.7,42.35,28.425,29.6,30.2,30.8,30.9,31.2,31.1,31.1,31.3,32.8
545,97.7,42.525,28.475,29.8,30.5,30.9,31,31.4,31.3,31.4,31.4,32.9
546,97.7,42.725,28.525,29.8,30.4,30.9,31.1,31.5,31.4,31.4,31.4,33.1
547,97.7,42.75,28.5,29.8,30.4,30.9,31.1,31.5,31.4,31.4,31.4,33.1
548,97.6,42.725,28.475,29.8,30.5,31,31.3,31.6,31.5,31.4,31.5,33.1
549,97.6,42.85,28.625,29.9,30.6,31.2,31.4,31.8,31.6,31.6,31.5,33.3
550,97.6,43.05,28.8,30.1,30.8,31.3,31.7,31.9,31.8,31.8,31.8,33.5
551,97.7,43.2,28.875,30.2,30.8,31.4,31.7,32.1,31.9,31.9,31.9,33.7
552,97.7,43.275,28.85,30.2,30.9,31.5,31.7,32.1,31.9,31.9,32.1,33.7
553,97.8,43.325,28.85,30.2,30.9,31.5,31.7,32.1,32,32,32.1,33.7
554,97.8,43.325,28.85,30.2,30.9,31.5,31.8,32.1,32,32,32.1,33.8
555,97.8,43.4,28.9,30.3,31,31.6,31.9,32.3,32.2,32.1,32.1,33.9
556,97.9,43.475,29,30.3,31.1,31.6,31.9,32.3,32.2,32.2,32.2,33.9
557,98,43.6,29.075,30.4,31.2,31.7,32,32.4,32.3,32.3,32.3,34
558,97.9,43.775,29.125,30.6,31.3,31.8,32.1,32.5,32.4,32.4,32.5,34.2
559,97.9,43.925,29.125,30.6,31.3,31.9,32.2,32.6,32.5,32.5,32.6,34.3
560,97.9,44.55,29.35,30.7,31.6,32,32.3,32.7,32.6,32.6,32.8,34.8
561,98,44.75,29.525,30.8,31.8,32.2,32.5,32.8,32.8,32.8,32.8,35
562,98,44.9,29.6,30.9,31.9,32.2,32.5,32.9,32.9,32.9,32.9,35.2
563,98,45.1,29.775,31.1,32.1,32.4,32.7,33.1,33.1,33.2,33.1,35.4
564,97.9,45.275,29.775,31.1,32.1,32.5,32.8,33.2,33.2,33.3,33.5,35.6
565,98,45.35,29.75,31.1,32.1,32.5,32.8,33.2,33.2,33.3,33.5,35.7
566,98,45.325,29.675,31.1,32.1,32.5,32.8,33.2,33.2,33.2,33.5,35.7
567,98,45.35,29.65,31.1,32.1,32.5,32.9,33.3,33.2,33.3,33.5,35.7
568,98,45.4,29.65,31.1,32.1,32.5,32.9,33.3,33.3,33.3,33.6,35.7
569,98,45.5,29.75,31.2,32.2,32.6,33,33.4,33.4,33.4,33.7,35.8
570,98,45.65,29.75,31.3,32.3,32.7,33.1,33.5,33.5,33.6,33.9,36
571,97.9,45.75,29.75,31.2,32.3,32.7,33.1,33.5,33.5,33.6,34,36
572,98,45.75,29.75,31.2,32.2,32.7,33.1,33.5,33.5,33.5,34,36
573,98,45.75,29.7,31.1,32.2,32.7,33.1,33.4,33.5,33.5,34,36
574,98,45.75,29.65,31.1,32.3,32.7,33,33.5,33.5,33.5,34,36
575,98,45.725,29.6,31.1,32.3,32.7,33,33.5,33.5,33.5,34,36
576,98,45.7,29.5,31.1,32.3,32.7,33,33.5,33.5,33.5,34,36
577,98,45.7,29.475,31.1,32.3,32.7,33,33.5,33.5,33.5,34,36
578,97.9,45.725,29.475,31.1,32.3,32.8,33.1,33.6,33.5,33.6,34.1,36
579,97.9,45.925,29.5,31.1,32.3,32.8,33.2,33.7,33.7,33.7,34.1,36.1
580,98,46.075,29.5,31.2,32.4,32.9,33.3,33.7,33.8,33.8,34.2,36.2
581,98,46.125,29.525,31.2,32.5,33,33.3,33.8,33.8,33.9,34.3,36.3
582,98,46.3,29.55,31.2,32.5,33,33.4,33.9,33.9,33.9,34.4,36.4
583,98.1,46.4,29.575,31.3,32.5,33,33.5,33.9,33.9,34,34.5,36.5
584,98.2,46.4,29.575,31.3,32.6,33.1,33.5,33.9,34,34,34.5,36.6
585,98.2,46.55,29.575,31.3,32.7,33.1,33.6,34,34.1,34.2,34.6,36.7
586,98.2,46.675,29.575,31.4,32.7,33.2,33.7,34.1,34.2,34.3,34.7,36.8
587,98.1,46.775,29.575,31.5,32.8,33.3,33.7,34.2,34.2,34.3,34.8,36.8
588,98,46.85,29.6,31.5,32.7,33.3,33.7,34.2,34.3,34.3,34.9,36.9
589,98.1,46.9,29.575,31.5,32.8,33.3,33.7,34.2,34.3,34.3,34.9,37.1
590,98.1,46.925,29.5,31.5,32.7,33.3,33.8,34.2,34.3,34.4,34.9,37.1
591,98.1,46.925,29.5,31.5,32.7,33.3,33.8,34.3,34.3,34.5,34.9,37.1
592,98.1,47.025,29.525,31.5,32.8,33.5,33.8,34.4,34.5,34.6,35,37.2
593,98.1,47.225,29.6,31.6,32.9,33.5,34,34.5,34.6,34.7,35.1,37.4
594,98.1,47.35,29.6,31.6,33,33.6,34.1,34.6,34.7,34.8,35.3,37.5
595,98.1,47.525,29.6,31.6,33,33.6,34.1,34.6,34.7,34.8,35.4,37.6
596,98.2,47.525,29.45,31.6,33,33.6,34.1,34.6,34.6,34.8,35.5,37.7
597,98.1,47.45,29.375,31.5,32.8,33.5,34,34.5,34.6,34.7,35.4,37.6
598,98.1,47.275,29.275,31.4,32.8,33.4,33.9,34.5,34.5,34.6,35.3,37.5
599,98,47.3,29.25,31.4,32.9,33.5,34,34.5,34.6,34.7,35.3,37.5
600,98,47.45,29.35,31.4,33,33.6,34.1,34.6,34.7,34.8,35.4,37.5
601,98.1,47.675,29.45,31.6,33.1,33.8,34.3,34.8,34.9,35,35.7,37.8
602,98.1,47.9,29.525,31.7,33.2,33.9,34.4,34.9,35.1,35.2,35.9,37.9
603,98.2,48.05,29.525,31.7,33.2,33.9,34.4,34.9,35.1,35.2,36,38.1
604,98.1,48.05,29.4,31.7,33.2,33.9,34.4,35,35.1,35.3,35.9,38.2
605,98,48,29.275,31.6,33.1,33.8,34.4,34.9,35,35.2,35.8,38.1
606,98,47.9,29.225,31.6,33.1,33.8,34.4,34.9,35,35.2,35.8,38
607,98,47.925,29.225,31.6,33.1,33.9,34.4,35,35.1,35.2,35.8,38
608,98,48.075,29.275,31.6,33.2,34,34.5,35.1,35.2,35.4,35.9,38.2
609,98,48.075,29.225,31.6,33.2,34,34.5,35.1,35.2,35.4,36,38.3
610,98,48.075,29.175,31.6,33.1,33.9,34.5,35,35.2,35.2,36,38.2
611,98,48.025,29.075,31.5,33.1,33.8,34.4,35,35.2,35.2,36,38.2
612,97.9,48.1,29.1,31.5,33.1,33.8,34.4,35,35.2,35.2,36,38.2
613,98,48.125,29.075,31.5,33.1,33.9,34.5,35.1,35.2,35.3,36,38.2
614,98,48.2,29.075,31.5,33.1,33.9,34.5,35.2,35.2,35.4,36.1,38.3
615,98.1,48.3,29.1,31.6,33.2,34,34.5,35.3,35.3,35.4,36.1,38.3
616,98.1,48.35,29.1,31.6,33.2,34.1,34.6,35.3,35.4,35.5,36.3,38.4
617,98.1,48.425,29.1,31.6,33.3,34.1,34.7,35.4,35.5,35.6,36.4,38.5
618,98.1,48.45,29.125,31.6,33.3,34.1,34.8,35.4,35.6,35.6,36.4,38.6
619,98.2,48.55,29.125,31.6,33.4,34.2,34.8,35.5,35.6,35.7,36.5,38.7
620,98.2,48.65,29.075,31.7,33.5,34.3,34.9,35.6,35.7,35.8,36.6,38.8
621,98.1,48.8,29.075,31.7,33.5,34.3,34.9,35.6,35.7,35.8,36.7,38.8
622,98.2,48.9,29.075,31.7,33.5,34.3,35,35.7,35.7,35.9,36.8,38.9
623,98.2,49,29.1,31.8,33.6,34.4,35.1,35.7,35.9,36,36.9,39
624,98.2,49.125,29.175,31.8,33.6,34.5,35.2,35.8,36,36.1,36.9,39.1
625,98.2,49.225,29.175,31.8,33.7,34.6,35.2,35.9,36,36.2,37,39.2
626,98.2,49.225,29.15,31.8,33.7,34.6,35.2,35.9,36,36.2,37.1,39.3
627,98.2,49.225,29.1,31.8,33.7,34.5,35.2,35.9,36,36.2,37.1,39.3
628,98.2,49.2,29.025,31.8,33.6,34.5,35.2,35.9,36,36.2,37.1,39.3
629,98.1,49.2,29,31.8,33.6,34.5,35.2,35.9,36.1,36.2,37.1,39.3
630,98.1,49.2,29,31.8,33.7,34.5,35.2,35.9,36.1,36.3,37.1,39.3
631,98.1,49.275,29,31.8,33.8,34.6,35.3,36,36.2,36.3,37.1,39.4
632,98.1,49.425,29,31.9,33.8,34.6,35.4,36.1,36.2,36.4,37.3,39.4
633,98.1,49.5,29,31.9,33.8,34.7,35.4,36.2,36.3,36.4,37.4,39.6
634,98.1,49.525,28.975,31.9,33.8,34.7,35.5,36.2,36.4,36.5,37.4,39.6
635,98.2,49.525,28.975,31.9,33.8,34.7,35.5,36.2,36.4,36.5,37.4,39.6
636,98.2,49.525,28.975,31.9,33.8,34.7,35.5,36.2,36.4,36.5,37.4,39.6
637,98.2,49.6,28.975,31.9,33.8,34.8,35.6,36.2,36.4,36.5,37.5,39.6
638,98.2,49.65,28.975,31.9,33.9,34.8,35.6,36.3,36.4,36.6,37.5,39.7
639,98.2,49.7,28.975,31.9,33.9,34.9,35.6,36.3,36.5,36.7,37.6,39.7
640,98.2,49.85,28.975,31.9,34,34.9,35.6,36.4,36.5,36.7,37.6,39.8
641,98.3,49.9,28.975,32,34,34.9,35.7,36.4,36.5,36.8,37.7,39.9
642,98.3,50,29.025,32,34,35,35.8,36.4,36.6,36.8,37.8,39.9
643,98.3,50.05,29.025,32.1,34.1,35,35.8,36.5,36.7,36.8,37.8,40
644,98.4,50.075,29.025,32.1,34.1,35.1,35.9,36.5,36.7,36.9,37.9,40.1
645,98.3,50.225,29.075,32.1,34.1,35.1,35.9,36.6,36.8,37,37.9,40.1
646,98.3,50.25,29.075,32.1,34.2,35.2,35.9,36.6,36.8,37.1,38,40.3
647,98.3,50.325,29.075,32.2,34.2,35.2,36,36.8,37,37.1,38,40.3
648,98.3,50.375,29.1,32.2,34.3,35.2,36,36.8,37,37.2,38.1,40.3
649,98.3,50.45,29.15,32.2,34.3,35.3,36.1,36.8,37.1,37.3,38.2,40.4
650,98.3,50.5,29.15,32.3,34.3,35.4,36.2,36.9,37.1,37.4,38.3,40.5
651,98.3,50.55,29.175,32.3,34.4,35.4,36.2,36.9,37.2,37.4,38.3,40.6
652,98.4,50.575,29.2,32.4,34.4,35.5,36.2,37,37.2,37.4,38.4,40.6
653,98.4,50.6,29.225,32.4,34.4,35.5,36.3,37.1,37.2,37.4,38.4,40.7
654,98.4,50.65,29.225,32.4,34.5,35.6,36.3,37.1,37.3,37.5,38.5,40.7
655,98.4,50.7,29.25,32.5,34.6,35.7,36.4,37.2,37.4,37.5,38.6,40.7
656,98.4,50.825,29.325,32.6,34.6,35.8,36.6,37.3,37.5,37.7,38.6,40.8
657,98.4,51.05,29.425,32.7,34.7,35.9,36.7,37.4,37.7,37.9,38.8,41
658,98.4,51.15,29.475,32.7,34.8,35.9,36.7,37.5,37.8,37.9,38.9,41.2
659,98.4,51.25,29.475,32.7,34.8,35.9,36.7,37.5,37.8,38,38.9,41.3
660,98.4,51.125,29.45,32.7,34.8,35.9,36.7,37.5,37.7,37.9,38.9,41.2
661,98.4,51.075,29.425,32.7,34.8,35.9,36.7,37.5,37.7,37.9,38.8,41.1
662,98.3,50.975,29.425,32.7,34.8,35.9,36.7,37.5,37.7,37.9,38.8,41
663,98.3,50.95,29.425,32.7,34.9,35.9,36.7,37.6,37.8,37.9,38.8,41
664,98.3,51,29.425,32.8,35,36.1,36.8,37.6,37.9,38,38.9,41
665,98.3,51.1,29.525,32.8,35.1,36.2,36.9,37.6,37.9,38.1,38.9,41.1
666,98.3,51.225,29.575,33,35.1,36.3,37,37.8,38,38.2,39.1,41.2
667,98.3,51.325,29.675,33,35.3,36.3,37.1,37.9,38.1,38.3,39.2,41.3
668,98.3,51.425,29.7,33.1,35.3,36.4,37.2,37.9,38.2,38.4,39.3,41.4
669,98.4,51.45,29.775,33.1,35.3,36.4,37.2,38,38.2,38.5,39.3,41.5
670,98.4,51.475,29.775,33.1,35.3,36.5,37.2,38,38.2,38.5,39.3,41.5
671,98.4,51.5,29.85,33.2,35.4,36.5,37.3,38.1,38.3,38.5,39.3,41.5
672,98.3,51.55,29.875,33.2,35.4,36.5,37.3,38.1,38.4,38.6,39.3,41.6
673,98.3,51.575,29.9,33.3,35.5,36.6,37.4,38.2,38.4,38.6,39.4,41.6
674,98.3,51.6,29.975,33.3,35.6,36.6,37.5,38.3,38.5,38.7,39.5,41.7
675,98.3,51.675,30.1,33.4,35.7,36.7,37.6,38.4,38.6,38.8,39.6,41.8
676,98.3,51.775,30.175,33.4,35.7,36.8,37.7,38.5,38.6,38.9,39.6,41.8
677,98.3,51.85,30.3,33.5,35.9,36.9,37.7,38.6,38.8,39,39.7,41.9
678,98.3,52.1,30.375,33.7,36.1,37,37.8,38.6,38.9,39.1,39.7,42.1
679,98.3,52.175,30.5,33.8,36.2,37.1,37.9,38.7,38.9,39.1,39.9,42.2
680,98.3,52.225,30.525,33.8,36.1,37.1,37.9,38.7,38.9,39.1,40,42.3
681,98.3,52.2,30.525,33.8,36.2,37.1,37.9,38.7,39,39.1,40,42.3
682,98.3,52.15,30.525,33.8,36.2,37.1,37.9,38.7,39,39.1,40,42.2
683,98.3,52.175,30.55,33.9,36.2,37.1,38,38.7,39,39.2,40,42.2
684,98.3,52.175,30.65,34,36.2,37.2,38,38.8,39,39.2,40,42.2
685,98.2,52.2,30.75,34,36.3,37.3,38.1,38.8,39,39.3,40,42.2
686,98.3,52.25,30.825,34.1,36.4,37.3,38.2,38.9,39.2,39.3,40.1,42.3
687,98.3,52.325,30.9,34.1,36.6,37.4,38.3,39.1,39.2,39.4,40.2,42.4
688,98.3,52.425,31.025,34.2,36.7,37.5,38.3,39.1,39.3,39.5,40.2,42.5
689,98.3,52.475,31.075,34.3,36.7,37.6,38.4,39.2,39.4,39.6,40.2,42.5
690,98.3,52.525,31.2,34.5,36.8,37.7,38.5,39.3,39.4,39.6,40.3,42.5
691,98.2,52.575,31.275,34.5,36.8,37.8,38.5,39.3,39.5,39.7,40.3,42.6
692,98.2,52.6,31.375,34.6,36.9,37.8,38.6,39.5,39.5,39.8,40.4,42.6
693,98.3,52.675,31.475,34.7,37.1,38,38.7,39.5,39.7,40,40.4,42.7
694,98.3,52.75,31.6,34.8,37.1,38,38.9,39.7,39.8,40,40.5,42.8
695,98.3,52.8,31.75,34.9,37.2,38.2,39,39.8,40,40.1,40.6,42.8
696,98.4,52.975,31.95,35.2,37.5,38.5,39.1,39.9,40.1,40.2,40.6,43
697,98.4,53.125,32.15,35.4,37.5,38.6,39.4,40,40.2,40.5,40.8,43.2
698,98.4,53.225,32.2,35.4,37.6,38.6,39.4,40.1,40.2,40.5,40.9,43.4
699,98.4,53.225,32.175,35.4,37.5,38.6,39.3,40.1,40.2,40.5,40.8,43.4
700,98.4,53.15,32.15,35.4,37.5,38.6,39.3,40.1,40.2,40.5,40.8,43.3
701,98.4,53.125,32.175,35.4,37.5,38.6,39.3,40.1,40.2,40.5,40.8,43.2
702,98.4,53.025,32.225,35.4,37.5,38.6,39.3,40.1,40.2,40.4,40.7,43
703,98.3,53.025,32.325,35.5,37.7,38.6,39.5,40.2,40.3,40.5,40.8,43
704,98.5,53.025,32.425,35.7,37.9,38.8,39.6,40.4,40.4,40.6,40.8,43
705,98.5,53.1,32.55,35.7,38,38.8,39.6,40.4,40.5,40.7,40.9,43.1
706,98.5,53.15,32.675,35.8,38,38.9,39.7,40.5,40.5,40.7,40.9,43.1
707,98.5,53.175,32.8,35.9,38,39,39.8,40.5,40.6,40.8,41,43.2
708,98.6,53.275,32.875,36,38.2,39.1,39.9,40.6,40.7,40.8,41,43.4
709,98.6,53.3,33,36.1,38.2,39.2,39.9,40.6,40.7,40.9,41.1,43.4
710,98.6,53.325,33.05,36.3,38.4,39.2,40,40.7,40.8,41,41.2,43.4
711,98.6,53.375,33.15,36.3,38.4,39.3,40,40.8,40.9,41,41.2,43.5
712,98.6,53.4,33.275,36.4,38.5,39.4,40.1,40.9,40.9,41.1,41.3,43.5
713,98.6,53.4,33.4,36.4,38.6,39.5,40.2,40.9,41,41.2,41.3,43.6
714,98.5,53.525,33.55,36.5,38.7,39.5,40.2,41,41.1,41.3,41.4,43.6
715,98.5,53.55,33.65,36.6,38.8,39.6,40.5,41.1,41.2,41.3,41.4,43.6
716,98.6,53.55,33.725,36.6,38.8,39.7,40.5,41.1,41.3,41.3,41.5,43.7
717,98.6,53.6,33.775,36.7,38.8,39.7,40.5,41.1,41.3,41.3,41.5,43.7
718,98.6,53.625,33.825,36.8,38.8,39.8,40.5,41.1,41.3,41.3,41.5,43.7
719,98.6,53.6,33.9,36.8,38.9,39.8,40.5,41.2,41.3,41.4,41.5,43.6
720,98.6,53.625,33.95,37,38.9,39.9,40.6,41.3,41.4,41.5,41.5,43.6
721,98.6,53.6,34.025,37.1,39.1,40,40.7,41.4,41.5,41.6,41.5,43.7
722,98.6,53.6,34.125,37.1,39.1,40,40.7,41.5,41.6,41.6,41.5,43.7
723,98.6,53.675,34.275,37.2,39.2,40.1,40.8,41.5,41.6,41.7,41.5,43.8
724,98.6,53.7,34.425,37.4,39.3,40.1,41,41.6,41.6,41.8,41.6,43.8
725,98.6,53.725,34.475,37.4,39.4,40.2,41,41.6,41.7,41.9,41.6,43.8
726,98.6,53.825,34.575,37.5,39.4,40.2,41,41.7,41.8,41.9,41.7,43.9
727,98.6,53.9,34.75,37.6,39.5,40.3,41.1,41.7,41.8,42,41.8,44
728,99,53.925,34.875,37.8,39.5,40.4,41.1,41.8,41.9,42.1,41.8,44.1
729,99.2,53.875,34.925,38,39.5,40.8,41.4,41.9,42.1,42.2,41.8,44.1
730,99.5,53.85,35.05,38.2,39.5,41,41.6,42.1,42.4,42.5,41.8,43.9
731,99.5,53.85,35.175,38.4,39.6,41.2,41.8,42.2,42.5,42.6,41.8,43.9
732,99.6,53.875,35.4,38.6,39.7,41.3,41.9,42.4,42.6,42.7,41.9,43.9
733,99.6,53.875,35.525,38.6,39.8,41.3,41.9,42.5,42.6,42.7,42,43.9
734,99.7,53.95,35.55,38.6,39.8,41.4,41.9,42.5,42.6,42.7,42,43.9
735,99.7,54,35.675,38.7,39.9,41.4,42,42.5,42.6,42.7,42.1,44
736,99.7,54.05,35.875,38.8,40.1,41.4,42,42.6,42.7,42.9,42,44
737,99.6,54.1,36,38.9,40.4,41.6,42.2,42.7,42.8,42.9,42.1,44
738,99.5,54.225,36.15,39,40.5,41.6,42.2,42.8,42.8,42.9,42.2,44
739,98.9,54.5,36.325,39,40.7,41.7,42.2,42.8,42.9,42.9,42.3,44.3
740,98.8,54.625,36.475,39,40.7,41.7,42.2,42.8,42.9,42.9,42.4,44.5
741,98.7,54.725,36.575,39.1,41,41.7,42.3,43,43,43.1,42.5,44.6
742,98.7,54.775,36.8,39.2,41.1,41.7,42.3,43,43,43.2,42.5,44.7
743,98.8,54.825,36.85,39.2,41.1,41.7,42.3,43,43,43.2,42.5,44.7
744,98.6,54.975,36.925,39.3,41,41.7,42.4,43.1,43.1,43.2,42.5,44.8
745,98.7,55.075,37.075,39.4,41.2,42,42.6,43.1,43.1,43.3,42.6,44.8
746,98.7,55.125,37.2,39.6,41.2,42,42.6,43.2,43.2,43.4,42.6,44.8
747,98.7,55.175,37.325,39.6,41.3,42.1,42.7,43.3,43.3,43.4,42.6,44.9
748,98.7,55.175,37.475,39.7,41.4,42.2,42.7,43.4,43.5,43.6,42.9,44.9
749,98.6,55.225,37.5,39.8,41.5,42.3,42.9,43.4,43.5,43.6,42.9,45.1
750,98.6,55.225,37.5,39.8,41.5,42.4,43,43.5,43.6,43.7,42.9,45.1
751,98.6,55.275,37.7,39.9,41.6,42.4,43,43.6,43.7,43.8,43,45.1
752,98.6,55.35,37.825,40,41.7,42.4,43,43.6,43.7,43.8,43,45.1
753,98.4,55.425,37.95,40.1,41.7,42.6,43,43.6,43.8,44,43.1,45.1
754,98.4,55.475,38.1,40.1,41.9,42.6,43.1,43.7,43.8,44,43.3,45.1
755,98.5,55.525,38.2,40.2,42.1,42.7,43.3,43.8,43.9,44,43.3,45.1
756,98.5,55.575,38.275,40.4,42.2,42.9,43.4,43.8,44,44,43.3,45.2
757,98.4,55.65,38.325,40.4,42.2,42.9,43.5,44.1,44.1,44,43.3,45.3
758,98.3,55.625,38.45,40.5,42.2,42.9,43.5,44.1,44.1,44,43.3,45.5
759,98.2,55.65,38.525,40.6,42.3,43.2,43.6,44.2,44.2,44.2,43.4,45.5
760,98.2,55.675,38.725,40.7,42.3,43.2,43.6,44.2,44.2,44.2,43.4,45.6
761,98.2,55.725,38.775,40.8,42.5,43.4,43.7,44.3,44.4,44.3,43.5,45.6
762,98.3,55.7,38.925,40.9,42.6,43.3,43.8,44.4,44.4,44.4,43.5,45.6
763,98.4,55.875,39.25,41.2,42.7,43.4,43.8,44.6,44.4,44.7,43.5,45.6
764,98.4,56.15,39.35,41.3,42.8,43.4,44.1,44.6,44.5,44.8,43.7,46
765,98.4,56.15,39.375,41.3,42.8,43.4,44.1,44.6,44.6,44.8,43.7,46
766,98.4,56.125,39.45,41.4,42.9,43.4,44.1,44.6,44.7,44.8,43.7,46
767,98.5,56.125,39.475,41.4,42.9,43.4,44.1,44.6,44.7,44.8,43.6,45.8
768,98.2,56.075,39.6,41.6,43,43.5,44.1,44.6,44.8,44.8,43.8,45.8
769,98.4,56.1,39.8,41.4,43,43.5,44.1,44.7,44.7,44.8,43.8,45.8
770,98.4,56.15,39.85,41.5,43,43.6,44.1,44.7,44.7,44.8,43.8,45.8
771,98.5,56.125,39.85,41.6,43.1,43.7,44.1,44.7,44.8,44.8,43.8,45.8
772,98.7,56.2,39.9,41.7,43.2,43.8,44.2,44.7,44.9,44.8,43.9,45.8
773,98.7,56.225,40,41.8,43.2,43.8,44.4,44.8,44.9,44.9,43.9,45.8
774,98.6,56.225,40.2,41.9,43.2,43.8,44.5,44.9,45,45,43.9,45.8
775,98.6,56.225,40.25,41.9,43.3,43.8,44.6,44.9,45,44.9,43.9,45.8
776,98.3,56.325,40.375,41.9,43.5,43.9,44.7,45.1,45.2,45,43.9,45.9
777,98.2,56.575,40.45,41.9,43.5,43.9,44.7,45,45.2,45.1,43.9,46.1
778,98.2,56.575,40.5,41.9,43.5,43.9,44.7,45,45.1,45.1,43.9,46
779,98.6,56.6,40.525,42.3,43.5,44,44.7,45.1,45.1,45.2,43.9,46.1
780,98.8,56.65,40.9,42.5,43.7,44.1,45,45.3,45.2,45.3,44,46.2
781,98.8,56.675,40.85,42.6,43.8,44.1,45,45.3,45.2,45.4,44,46.2
782,98.6,56.725,40.925,42.6,43.8,44.1,45,45.3,45.2,45.4,44.2,46.3
783,98.7,56.7,40.95,42.6,43.9,44.2,45,45.3,45.2,45.4,44.2,46.3
784,98.7,56.675,41.025,42.7,43.9,44.4,45.1,45.4,45.3,45.6,44.2,46.3
785,98.8,56.75,41.275,42.9,44.3,44.6,45.1,45.8,45.6,45.7,44.1,46.4
786,98.8,56.85,41.475,43.1,44.3,44.8,45.1,45.8,45.8,45.7,44.2,46.4
787,98.8,56.9,41.7,43.1,44.3,44.9,45.2,45.8,45.9,45.8,44.3,46.5
788,98.8,57.1,41.9,43.2,44.5,45,45.3,45.9,45.9,45.9,44.3,46.5
789,98.6,57.275,42.075,43.3,44.5,45.3,45.3,46,46,46,44.4,46.6
790,98.4,57.475,42.275,43.5,44.9,45.3,45.5,46.1,46.1,46,44.4,46.7
791,98.4,57.575,42.475,43.5,45.1,45.4,45.7,46.2,46.1,46.2,44.6,46.7
792,98.4,57.7,42.525,43.7,45.1,45.4,45.7,46.2,46.1,46.2,44.6,46.7
793,98.4,57.725,42.55,43.7,45.1,45.4,45.8,46.2,46.1,46.2,44.7,46.7
794,98.4,57.8,42.575,43.7,45.1,45.4,45.7,46.2,46.1,46.2,44.7,46.7
795,98.4,57.775,42.575,43.7,45,45.4,45.7,46.2,46.1,46.2,44.7,46.7
796,98.4,57.775,42.575,43.7,45,45.4,45.7,46.2,46.1,46.1,44.5,46.7
797,98.4,57.8,42.6,43.8,45,45.4,45.8,46.2,46.1,46.1,44.5,46.7
798,98.4,57.725,42.7,43.9,45,45.4,45.8,46.2,46.1,46.2,44.5,46.7
799,98.6,57.775,42.925,44,45.1,45.5,45.8,46.2,46.1,46.2,44.5,46.6
800,98.6,57.825,43.025,44.1,45.2,45.6,45.8,46.2,46.3,46.3,44.5,46.8
801,98.6,57.825,43.275,44.2,45.3,45.7,45.9,46.4,46.4,46.3,44.5,46.8
802,98.7,57.925,43.425,44.4,45.5,45.9,46.1,46.5,46.5,46.4,44.6,46.9
803,98.7,58.075,43.675,44.6,45.7,46,46.2,46.7,46.6,46.6,44.7,47
804,98.7,58.175,43.825,44.7,45.8,46,46.4,46.7,46.7,46.8,44.8,47.3
805,98.7,58.3,43.925,44.8,46,46,46.6,46.9,46.8,46.9,44.9,47.4
806,98.7,58.35,44.2,45,46.1,46.2,46.6,47.1,47.1,47,45,47.4
807,98.7,58.525,44.275,45.1,46.1,46.4,46.7,47.1,47.1,47.1,45.1,47.5
808,98.7,58.55,44.45,45.2,46.2,46.5,46.8,47.1,47.1,47.2,45.1,47.6
809,98.7,58.6,44.55,45.2,46.2,46.6,46.8,47.2,47.2,47.2,45.1,47.6
810,98.7,58.675,44.625,45.3,46.4,46.7,46.9,47.4,47.3,47.3,45.2,47.6
811,98.7,58.675,44.675,45.4,46.4,46.7,47,47.6,47.4,47.3,45.2,47.8
812,99,58.75,44.8,45.5,46.4,46.7,47,47.6,47.4,47.3,45.2,47.8
813,98.9,58.85,44.85,45.7,46.5,46.7,47.1,47.6,47.4,47.3,45.5,47.8
814,98.8,59.05,44.875,45.8,46.7,46.9,47.4,48,47.5,47.5,45.5,47.9
815,98.7,59.05,45,45.8,46.7,47,47.3,48,47.7,47.6,45.7,48
816,98.5,59.1,45.1,45.8,46.7,47,47.3,47.9,47.6,47.6,45.7,48.1
817,98.7,59.125,45.225,45.8,46.8,47.1,47.3,47.9,47.7,47.6,45.7,48.1
818,98.7,59.225,45.25,45.8,46.8,47.1,47.4,48,47.7,47.7,45.7,48.1
819,98.7,59.3,45.375,46.2,46.8,47.1,47.4,48,47.7,47.7,45.8,48.2
820,98.7,59.425,45.55,46.4,46.9,47.2,47.6,48,47.8,48.1,45.8,48.3
821,98.7,59.675,46,46.6,47.3,47.6,47.6,48.3,48.1,48.1,45.8,48.5
822,98.8,60.325,46.875,47.2,47.8,48.3,48.2,48.7,48.7,48.7,46.2,48.9
823,98.8,60.85,47.15,47.3,48,48.7,48.7,48.8,49.2,49.1,46.9,49.4
824,99,60.525,46.925,46.7,47.6,47.9,48.3,48.8,49.1,48.8,46.9,49.4
825,99,60.25,46.8,46.7,47.6,47.9,48.3,48.8,48.9,48.9,46.6,49.2
826,99.1,60.05,46.775,46.8,47.6,47.9,48.3,48.8,48.7,48.8,46.6,49
827,98.9,60.025,46.825,46.8,47.6,47.8,48.3,48.7,48.7,48.7,46.6,48.5
828,98.9,60.175,46.875,47,47.7,48,48.3,48.8,48.7,48.7,46.6,48.6
829,98.9,60.1,46.8,47,47.7,48,48.1,48.5,48.5,48.5,46.6,48.6
830,99,60.1,46.625,46.9,47.6,47.7,48.1,48.5,48.4,48.4,46.3,48.4
831,99,60.125,46.625,46.9,47.6,47.7,48,48.4,48.3,48.2,46.2,48.4
832,98.7,60.15,46.675,46.9,47.6,47.7,47.9,48.4,48.3,48.2,46.2,48.2
833,98.7,60.275,47.225,46.9,47.8,47.9,48,48.5,48.5,48.4,46.3,48.3
834,98.8,60.475,47.4,47.1,48,48.2,48.4,48.8,48.8,48.8,46.4,48.7
835,98.8,60.575,47.4,47.3,48.1,48.3,48.6,48.9,48.9,48.8,46.6,49
836,98.9,60.45,47.225,47.3,47.9,48.1,48.5,48.8,48.8,48.7,46.6,48.9
837,98.9,60.45,47.175,47.3,47.9,48.1,48.5,48.8,48.7,48.6,46.5,48.8
838,98.8,60.45,47.15,47.3,47.9,48.1,48.5,48.7,48.7,48.6,46.5,48.5
839,98.8,60.4,47.25,47.3,47.9,48.1,48.5,48.7,48.7,48.6,46.5,48.5
840,98.8,60.55,47.325,47.3,48.3,48.2,48.5,48.8,48.6,48.6,46.6,48.5
841,98.8,60.55,47.35,47.4,48.4,48.4,48.8,49,48.7,48.6,46.6,48.6
842,98.8,60.5,47.325,47.4,48.3,48.4,48.8,49,48.7,48.7,46.6,48.7
843,98.7,60.525,47.35,47.4,48.3,48.4,48.8,49,48.8,48.7,46.6,48.8
844,98.8,60.475,47.4,47.4,48.4,48.5,48.8,49,48.8,48.7,46.5,48.8
845,98.4,60.525,47.4,47.5,48.3,48.5,48.7,49.1,48.8,48.7,46.5,48.8
846,98.4,60.525,47.4,47.4,48.5,48.6,48.7,49.1,48.9,48.7,46.8,48.8
847,98.6,60.575,47.475,47.4,48.5,48.6,48.7,49,48.8,48.7,46.8,48.8
848,98.5,60.6,47.7,47.5,48.5,48.6,48.7,49.2,48.9,49,46.8,48.7
849,98.5,60.6,47.7,47.6,48.5,48.6,48.7,49,48.9,48.8,46.7,49.1
850,98.5,60.875,47.85,47.7,48.5,48.7,48.7,49,49.2,48.9,46.7,49.1
851,98.5,60.775,47.925,47.7,48.6,48.7,48.8,49,49.2,48.9,46.7,49.1
852,98.8,60.85,47.95,47.7,48.5,48.8,48.8,49,49.2,49,46.7,49.1
853,98.9,60.95,48.075,47.8,48.5,48.8,48.8,49,49.2,49,46.6,49
854,99.2,60.925,48.125,47.7,48.6,48.8,48.9,49.2,49.3,49,46.7,49.1
855,99.1,61.05,48.1,47.7,48.7,48.8,48.9,49.3,49.3,49.1,46.7,49.1
856,99.1,61.1,48.2,47.9,48.8,49.3,48.9,49.3,49.4,49.1,46.6,49.2
857,99.2,61.175,48.125,47.9,48.8,49.3,49.2,49.3,49.3,49.1,46.8,49.2
858,99.2,61.3,48.225,48,49.1,49.3,49.2,49.3,49.4,49.2,46.8,49
859,99.1,61.35,48.2,48,49,49.3,49.2,49.3,49.5,49.4,46.8,49
860,99.1,61.55,48.15,48.2,49,49.2,49.2,49.4,49.6,49.4,46.9,49.2
861,98.7,61.45,48.25,48.3,49.2,49.3,49.7,49.7,49.6,49.5,46.9,49.2
862,98.5,61.475,48.5,48.2,49.2,49.3,49.6,49.7,49.7,49.6,47,49.3
863,98.5,61.575,48.625,48.1,49.2,49.3,49.6,49.6,49.7,49.6,47,49.3
864,98.5,61.6,48.725,48.5,49.2,49.1,49.6,49.7,49.8,49.7,47.1,49.4
865,98.7,61.65,48.675,48.8,49.2,49.1,49.7,49.7,49.8,49.7,47.1,49.4
866,99.1,61.75,48.85,48.8,49.1,49.1,49.7,49.8,49.7,49.5,47.1,49.4
867,99.2,61.75,48.95,48.6,49.2,49.1,49.7,49.8,49.8,49.6,47.2,49.4
868,99,61.75,48.975,48.8,49.2,49.4,49.7,49.9,49.8,49.9,47.2,49.4
869,98.6,61.775,49.125,48.9,49.3,49.4,49.6,50,49.8,49.9,47.3,49.4
870,98.6,61.925,49.3,48.9,49.3,49.4,49.6,50,49.8,49.9,47.3,49.4
871,99.1,61.925,49.35,48.9,49.5,49.4,49.7,50.1,50.1,49.9,47.4,49.4
872,99.1,61.925,49.4,49,49.5,49.5,49.9,50.1,50.1,49.9,47.4,49.4
873,99,61.95,49.425,49.3,49.5,49.5,50,50.3,50.2,50.1,47.5,49.5
874,99.1,62.05,49.45,49.4,49.5,49.6,50.1,50.3,50.2,50.1,47.5,49.5
875,98.8,62.225,49.55,49.4,49.5,49.5,50,50.3,50.2,49.8,47.5,49.7
876,98.9,62.275,49.65,49.3,49.7,49.7,50,50.4,50.2,49.9,47.5,49.7
877,99,62.45,49.875,49.3,49.8,49.7,50,50.4,50.2,49.9,47.5,49.7
878,99,62.575,49.925,49.3,49.8,49.7,50,50.5,50.3,50,47.5,49.8
879,98.9,62.65,50.25,49.6,50,49.8,50.3,50.5,50.4,50.1,47.6,49.9
880,99.2,62.75,50.45,49.6,50.1,50,50.4,50.6,50.4,50.4,47.7,50.1
881,99.4,63.05,50.85,50.3,50.6,50.6,50.6,50.7,50.9,50.9,47.8,50.2
882,99.4,63.15,51.075,50.3,50.7,50.8,50.7,51,51,50.9,48.2,50.8
883,99.4,62.375,51.225,50.4,50.7,51,50.5,51,51,51,48.3,50.9
884,99.2,62.475,50.975,50.4,50.7,50.9,50.6,50.9,51.2,50.9,48.2,50.9
885,99.3,62.525,50.85,50.4,50.7,50.8,50.5,51,51.1,50.6,48.3,50.9
886,99.2,62.575,50.625,50.2,50.4,50.6,50.3,50.8,50.2,49.9,48.2,50.8
887,99.1,63.15,50.75,50.2,50.4,50.6,50.4,50.8,50.2,50.2,48.2,50.7
888,99.1,63.925,50.85,50.1,50.4,50.6,50.4,50.8,50.3,50.2,48.2,50.6
889,99.2,63.975,50.85,50.1,50.4,50.6,50.4,50.8,50.4,50.2,48.1,50.5
890,99.3,63.975,50.85,50.1,50.4,50.4,50.4,50.8,50.4,50.2,48.1,50.4
891,99.3,63.9,50.975,50.3,50.4,50.5,50.4,50.8,50.5,50.3,48.1,50.4
892,99.3,63.925,51,50.3,50.5,50.5,50.5,51,50.6,50.6,48.1,50.4
893,99.2,63.875,51,50.4,50.6,50.6,50.5,51.1,50.7,50.7,48,50.4
894,99.2,63.85,51.05,50.4,50.6,50.7,50.7,51.1,50.8,50.7,48.1,50.4
895,99.2,63.8,51.175,50.5,50.7,50.7,50.7,51.2,50.9,51,48.1,50.5
896,99.3,63.825,51.35,50.8,50.8,50.8,50.9,51.5,51.4,51.2,48.3,50.6
897,99.4,63.7,51.3,50.8,50.8,50.8,50.9,51.4,51.1,51.2,48.4,50.6
898,99.4,63.675,51.375,50.7,50.8,50.8,50.9,51.4,51.1,51.2,48.3,50.6
899,99.3,63.675,51.4,50.6,50.8,50.8,50.9,51.4,51.1,51.2,48.3,50.5
900,99.2,63.725,51.4,50.6,50.8,50.8,50.9,51.4,51.1,51.2,48.3,50.4
901,99.2,64.075,51.5,50.6,51,50.8,50.9,51.4,51.2,51.1,48.3,50.4
902,99.2,64.25,51.6,50.6,51.1,50.8,51,51.4,51.2,51.1,48.3,50.4
903,99.2,64.3,51.575,50.6,51,50.8,50.9,51.4,51.2,51,48.3,50.4
904,99.2,64.325,51.85,50.7,51,51,51.1,51.5,51.3,51.1,48.3,50.4
905,99.1,64.175,51.925,50.9,51.1,51.3,51.2,51.8,51.5,51.4,48.5,50.7
906,99,64.025,51.8,50.9,51.4,51.3,51.1,51.9,51.5,51.4,48.5,50.8
907,99.1,64.05,51.825,50.8,51.3,51.3,51.1,51.8,51.5,51.4,48.2,50.3
908,99,64.15,51.6,50.8,51.3,51.3,51.3,51.8,51.5,51.4,48.2,50.3
909,99,64.2,51.575,50.8,51.3,51.3,51.3,51.7,51.5,51.3,48.2,50.2
910,99,64.6,51.825,50.9,51.3,51.2,51.3,51.7,51.5,51.3,48.2,50.3
911,99.1,64.7,51.825,50.9,51.3,51.1,51.3,51.7,51.5,51.3,48.2,50.4
912,99.1,64.675,51.9,50.9,51.3,51.1,51.2,51.7,51.5,51.3,48.2,50.4
913,99.1,64.675,51.95,51,51.3,51.1,51.3,51.7,51.5,51.3,48.2,50.5
914,99.1,64.625,52,51.1,51.3,51.1,51.4,51.7,51.5,51.3,48.3,50.8
915,99.2,64.575,52.15,51.1,51.4,51.3,51.5,51.8,51.6,51.5,48.3,50.8
916,99.2,64.6,52.35,51.3,51.4,51.3,51.5,51.8,51.7,51.6,48.4,51.3
917,99.4,64.45,52.35,51.4,51.8,52,51.8,51.9,51.8,51.6,48.5,51.4
918,99.3,64.525,52.325,51.4,51.7,52,51.8,52,51.9,51.7,48.8,51.5
919,99.5,64.75,52.175,51.7,51.8,52,51.8,52,51.9,51.9,48.8,51.3
920,99.7,64.775,52.2,51.8,51.9,52,51.8,52,51.9,51.9,48.8,51
921,99.6,64.925,52.175,51.4,51.9,51.7,51.8,52,51.8,51.2,48.9,51
922,99.6,65.525,52.25,51.4,51.8,51.7,51.8,52.1,51.8,51.3,48.9,50.9
923,99.5,65.525,52.325,51.4,51.8,51.6,51.8,52.1,51.8,51.5,48.9,51
924,99.4,65.475,52.375,51.4,51.8,51.6,51.8,52.1,51.8,51.5,48.9,50.9
925,99.4,65.375,52.375,51.4,51.8,51.6,51.8,52.1,51.9,51.7,48.9,50.9
926,99.3,65.375,52.375,51.4,51.8,51.6,51.8,52.1,51.9,51.8,48.9,50.9
927,99.1,65.375,52.375,51.4,51.7,51.6,51.7,52,51.9,51.8,48.9,51
928,99.2,65.275,52.5,51.5,51.9,51.6,51.8,52.3,51.9,51.8,48.8,50.9
929,99.3,65.175,52.475,51.6,51.8,51.7,51.8,52.3,51.9,51.8,48.7,51
930,99.2,65.175,52.5,51.6,51.8,51.7,51.8,52.3,52,51.8,48.7,51
931,99.2,65.2,52.6,51.6,51.8,51.7,52.1,52.3,52,51.8,48.7,51
932,99.2,65.075,52.625,51.6,51.8,51.7,52.1,52.3,52,51.9,48.6,51.1
933,99.2,65,52.6,51.6,51.8,51.9,52.1,52.3,52,51.8,48.6,51.1
934,99.2,65,52.6,51.6,51.8,51.9,52.1,52.3,52.2,51.9,48.7,51.2
935,99.3,65.025,52.6,51.6,51.8,51.9,52,52.4,52.2,51.9,48.9,51
936,99.4,65.05,52.65,51.6,51.9,51.9,52,52.4,52.2,51.9,48.9,51.1
937,99.4,65.05,52.725,51.7,51.9,51.9,52.1,52.4,52.2,52,48.9,51.1
938,99,64.975,52.825,51.9,52.2,52,52.2,52.4,52.3,52.1,48.9,51.1
939,99,64.9,52.875,51.9,52.2,52,52.2,52.4,52.4,52.1,48.9,51.1
940,99,64.875,52.875,51.9,52.4,52.2,52.2,52.5,52.5,52.1,49,51.2
941,98.9,64.975,52.875,52,52.4,52.2,52.3,52.9,52.6,52.3,49,51.2
942,98.7,65.125,52.875,52,52.4,52.2,52.3,52.9,52.5,52.3,49.1,51.3
943,98.7,65.3,52.9,52,52.3,52.1,52.3,52.9,52.5,52.3,49.1,51.4
944,98.8,65.5,53.025,52,52.3,52.2,52.3,52.8,52.4,52.3,49.1,51.4
945,98.9,65.5,53.025,52.1,52.4,52.2,52.4,52.9,52.5,52.5,49.2,51.3
946,99.2,65.575,53.025,52.1,52.4,52.2,52.4,52.9,52.5,52.5,49.2,51.4
947,99.2,65.65,53.05,52.2,52.4,52.3,52.4,52.9,52.5,52.5,49.2,51.4
948,99.2,65.65,53.125,52.3,52.4,52.5,52.5,52.9,52.6,52.5,49.3,51.6
949,99.2,65.625,53.15,52.2,52.5,52.4,52.5,52.8,52.6,52.5,49.3,51.6
950,99.2,64.55,52.025,51.1,51.4,51.3,51.5,51.8,51.1,51.6,48.3,49.7
951,99.1,63.05,50.725,49.9,50.1,50.2,50.3,50.6,50.2,50.4,46.8,48.8
952,98.9,62.525,50.325,49.3,49.7,49.8,49.8,50.4,50.1,50.2,46.6,48.5
953,98.9,62.325,50.3,49.3,49.7,49.7,49.8,50.3,50.1,49.9,46.6,48.5
954,98.9,62.3,50,49.3,49.6,49.3,49.7,49.9,50.1,49.5,46.5,48.4
955,98.9,62.225,49.7,48.9,49,49.1,49.2,49.5,49.4,49.1,46.4,48.2
956,98.9,62.15,49.35,48.5,48.6,48.6,49,49.3,49.3,48.8,46.3,48
957,98.9,61.925,48.975,48.1,48.3,48.4,48.5,49,48.8,48.4,46,47.9
958,98.9,61.55,48.65,47.9,48.3,48.1,48.2,48.6,48.4,48.3,45.3,47.4
959,98.9,61.225,48.375,47.6,48.1,47.7,48.1,48.2,48.2,48,45.1,47.2
960,98.9,61.025,48.125,47.5,47.9,47.6,47.9,48.2,48.1,47.8,44.9,47.1
961,98.9,60.8,48.025,47.2,47.7,47.6,47.8,48.1,47.8,47.7,44.7,46.9
962,98.9,60.65,47.85,47.2,47.4,47.5,47.7,48,47.8,47.4,44.7,46.6
963,98.9,60.625,47.7,47.2,47.3,47.4,47.5,47.9,47.8,47.4,44.6,46.5
964,98.9,60.575,47.5,46.8,47.2,47.3,47.3,47.6,47.5,47.1,44.6,46.3
965,98.9,60.4,47.325,46.7,47,47.1,47.2,47.5,47.3,47.1,44.4,46.3
966,98.9,60.125,47.225,46.7,46.9,46.8,47.1,47.2,47.2,46.9,44.1,46
967,98.9,59.925,46.925,46.5,46.7,46.4,46.8,47.1,47,46.8,43.9,45.9
968,98.9,59.55,46.575,46,46.2,46.2,46.3,46.9,46.6,46.6,43.7,45.8
969,98.9,59.1,46.125,45.5,45.9,45.7,45.8,46.5,46,46,43.3,45.3
970,98.9,58.475,45.6,45,45.4,45.5,45.7,46.1,45.6,45.6,42.9,44.9
971,98.9,58.375,45.575,44.9,45.3,45.3,45.6,45.8,45.5,45.4,42.7,44.6
972,98.8,58.375,45.65,45,45.4,45.4,45.6,45.9,45.6,45.6,42.7,44.5
973,98.9,58.5,45.825,45.1,45.8,45.7,46.2,46.5,46,45.9,42.9,44.5
974,98.9,58.925,46.35,45.6,46.1,46,46.2,46.7,46.2,45.9,43,44.7
975,99,59.175,46.5,45.8,46.5,46.1,46.2,46.9,46.5,46.3,43.2,44.9
976,99,59.25,46.5,46,46.5,46.1,46.2,46.8,46.5,46.4,43.4,45
977,98.8,59.4,46.5,46,46.5,46.1,46.2,46.8,46.4,46.4,43.4,45.2
978,99.4,59.525,46.6,46.1,46.7,46.3,46.3,46.8,46.5,46.5,43.5,45.2
979,99.6,59.85,47.275,46.8,47.1,47,46.7,47.3,46.8,47.1,44.3,45.6
980,99.5,60.8,48.45,48.2,47.9,47.6,48.1,48.4,47.7,48,44.8,46
981,99.2,61.25,49.625,49.5,48.8,48.1,48.7,49.4,48,49,45,46.2
982,100,61.95,50.425,49.6,49.3,49.5,49.4,50.5,49.4,49.2,45.9,47.8
983,100,63.775,50.7,50.3,50.4,50.7,50.4,51,50.2,49.5,46.9,48.2
984,99.9,64.05,50.75,50.3,50.2,50.7,50.6,51,50.2,49.7,47.2,48.9
985,99.1,63.975,50.2,49.4,49.6,49.9,50.3,50.4,49.7,49.5,47.2,48.8
986,99.1,63.75,49.3,48.3,48.7,48.7,48.9,49.2,49.1,48.2,46.9,48.2
987,99.3,62.6,48.325,47.4,47.7,47.6,47.6,48,48.1,47.3,45.4,47.2
988,99.5,61.2,47.45,47,46.9,47.2,46.9,47.4,47.2,46.8,44.3,46.4
989,99.4,60.725,47.375,46.9,46.7,47,46.9,47.2,47,46.7,44,45.9
990,99.4,60.475,47.45,46.9,46.8,47.1,47,47.3,47.2,46.9,43.9,45.8
991,99.1,60.525,47.625,47.1,47.1,47.1,47.1,47.3,47.5,47.1,44.1,45.9
992,99.2,60.6,48.125,47.4,47.4,47.4,47.4,47.5,47.5,47.4,44.4,45.9
993,99,60.9,49.025,47.8,48.2,48,47.9,47.8,48,48.5,44.5,46.6
994,98.6,60.975,51.5,49.1,49.9,49.6,49.1,49.3,49.3,49.7,45.3,47.9
995,98.9,61.775,52.85,50.4,50.6,50.9,50.3,50.9,50.2,50.5,46.5,48.1
996,99.1,63.425,52.95,51.1,51.2,50.9,50.4,51.1,50.6,51.2,47.1,48.5
997,99.1,64.35,52.6,51.6,51.7,50.9,50.5,51.1,51,51.2,47.6,48.8
998,99,64.425,52.275,51,51.2,50.8,50.4,51.1,51.1,51.1,48,48.9
999,98.9,65.075,52.025,50.4,50.8,50.6,50.4,50.9,50.7,50.9,48.1,48.9
1000,98.8,64.75,51.275,50,50.7,50.1,49.9,50.4,50.4,50.1,47.9,48.9
1001,98.8,64.2,50.3,49.4,49.5,49.4,49.4,49.9,49.8,49.1,46.9,48.6
1002,98.8,63.4,49.875,48.7,49.1,48.9,49,49.5,49.3,49,46.1,48.1
1003,98.8,62.675,49.675,48.5,48.7,48.8,49,49.2,48.9,48.8,45.7,47.7
1004,98.9,62.625,49.475,48.5,48.7,48.6,48.7,49.1,48.9,48.7,45.6,47.6
1005,99,62.5,49.425,48.5,48.7,48.6,48.7,49.1,48.9,48.6,45.5,47.6
1006,99.4,62.475,49.375,48.5,48.7,48.6,48.7,49,48.9,48.6,45.5,47.5
1007,99.3,62.475,49.325,48.5,48.6,48.6,48.7,49,48.9,48.6,45.6,47.5
1008,99.3,62.275,49.4,48.5,48.7,48.6,48.8,49,48.9,48.6,45.6,47.4
1009,99.2,62.25,49.275,48.6,48.7,48.6,48.7,49.2,48.9,48.6,45.6,47.5
1010,99.2,62.275,49.275,48.6,48.7,48.6,48.6,49.1,48.9,48.7,45.5,47.4
1011,99.2,62.275,49.4,48.6,48.7,48.6,48.7,49.3,48.9,48.7,45.5,47.3
1012,99.1,62.3,49.675,48.9,48.8,48.8,48.8,49.3,48.9,48.8,45.6,47.3
1013,99.1,62.575,49.925,49,49.1,48.9,48.8,49.4,49.3,49.4,45.7,47.4
1014,99.1,62.675,50.225,49.1,49.5,49.6,49.3,49.9,49.7,49.5,45.9,47.4
1015,99.7,62.85,50.25,49.1,50,49.6,49.8,49.9,49.7,49.7,45.9,48
1016,99.1,62.925,50.25,49,49.9,49.6,49.8,49.9,50,49.6,45.9,47.9
1017,98.8,63.05,50.175,49,49.9,49.6,49.7,49.9,50,49.5,45.9,48.3
1018,98.9,63.025,50.1,49,49.9,49.5,49.7,49.9,49.7,49.5,45.9,48.3
1019,99.2,62.8,49.675,48.9,49.3,48.9,49.1,49.8,49.2,49,45.9,48.2
1020,99.3,62.6,49.325,48.6,48.6,48.6,48.7,49.2,49.1,48.9,45,47.9
1021,98.9,62.5,49.075,48.4,48.4,48.3,48.6,49.1,48.6,48.6,45,47.5
1022,99,62.2,48.975,47.9,48.2,48,48.1,49,48.6,48.4,45,47.5
1023,98.9,62.025,48.625,47.7,48,47.9,48,48.8,48.4,48.3,45,46.8
1024,98.9,61.675,48.3,47.5,48,47.2,47.7,48.1,48.2,48,44.8,46.6
1025,98.9,61.4,48.15,47.3,47.6,47.2,47.6,47.8,48,47.7,44.8,46.3
1026,98.9,61.3,47.95,46.9,47.6,47.2,47.5,47.8,47.7,47.5,44.5,46.2
1027,99,61.125,47.65,46.8,47.5,47.2,47.5,47.6,47.1,47.4,44.4,46.1
1028,98.9,61.025,47.475,46.8,47.4,47.1,47.4,47.5,47.1,47.3,44.1,46.1
1029,98.9,60.975,47.375,46.7,47.2,47,47.3,47.5,47,47.2,44.1,45.9
1030,98.9,60.975,47.25,46.5,47.1,46.6,47,47.4,46.5,47.1,44.1,45.9
1031,99,60.8,47.2,46.5,47,46.7,46.9,47.4,46.5,47.1,44,45.7
1032,99,60.775,46.95,46.4,46.5,46.6,46.7,47.4,46.5,47,43.8,45.7
1033,98.8,60.725,46.9,46.2,46.4,46.3,46.5,47.2,46.5,46.9,43.8,45.5
1034,98.8,60.625,46.825,46.1,46.5,46.3,46,46.7,46.5,46.8,43.5,45.5
1035,98.8,60.55,46.7,45.8,46.5,46.2,45.9,46.7,46.5,46.7,43.4,45.4
1036,98.6,60.425,46.5,45.8,46.2,46.2,45.7,46.3,46.5,46.4,43.3,45.2
1037,98.6,60.325,46.125,45.6,45.6,45.9,45.7,46.3,46.4,46.4,43.3,45.2
1038,98.6,60.125,45.95,45.5,45.5,45.5,45.5,45.7,46,46.2,43.2,45.1
1039,98.6,59.875,45.45,45.1,45.5,45.4,45.5,45.6,45.9,45.7,42.8,44.6
1040,98.6,59.675,45.275,44.8,45.2,45.2,45.3,45.6,45.7,45.3,42.3,44.6
1041,98.6,59.4,45.1,44.7,45,45.1,45.1,45.4,44.9,45.2,41.9,44.3
1042,98.5,59.3,44.825,44.4,44.7,45,45,45.3,44.9,45,41.8,43.9
1043,98.5,59.25,44.8,44.3,44.8,44.8,44.7,45,44.9,44.8,41.8,43.9
1044,98.4,59.25,44.65,44.3,44.5,44.8,44.6,45,44.8,44.8,41.8,43.9
1045,98.4,59.15,44.55,44.2,44.5,44.8,44.4,45,44.8,44.6,41.8,43.3
1046,98.4,58.925,44.275,44,44.5,44.7,44.5,44.9,44.8,44.3,41.5,43.2
1047,98.5,58.875,44.1,44,44.3,44.6,44.5,44.9,44.7,44.3,41.2,43.2
1048,98.6,58.825,44.125,44,44.3,44.6,44.4,44.9,44.7,44.3,41.2,43.1
1049,98.6,58.85,44.05,44,44.3,44,44.4,44.7,44.6,44.1,41.2,43.1
1050,98.6,58.825,44.1,44,44.3,44.1,44.4,44.7,44.3,44.2,41.3,43
1051,98.6,58.725,44.05,43.8,44.1,43.9,44.3,44.7,44.4,44.1,41.3,43.1
1052,98.6,58.75,43.925,43.8,44.1,43.9,44.3,44.7,44.5,44.2,41.3,43.2
1053,98.7,58.675,43.875,43.8,44.2,43.9,44.4,44.7,44.5,44.2,41.3,43.1
1054,98.9,58.55,43.85,43.8,44.2,43.9,44.3,44.7,44.5,44.2,41.2,43.1
1055,98.7,58.525,43.925,43.3,44,43.7,44,44.5,44.4,44.2,41.2,43.3
1056,98.7,58.375,43.6,43.3,43.5,43.7,43.7,44.1,44.2,43.9,41.1,43.1
1057,98.7,58.125,43.1,42.6,43,43.6,43.6,43.8,43.7,43.6,41.2,43
1058,98.7,57.925,41.725,42.1,42.2,42.9,42.9,43.3,42.9,43.2,40.9,42.5
1059,98.7,57.1,40.7,41.5,41.5,41.7,41.9,42.1,41.7,41.7,39.9,41.7
1060,98.8,56,40.4,40.9,40.8,40.8,41.4,41.5,41.2,41,38.4,41
1061,98.6,55.55,40.15,40.5,40.6,40.5,41.2,41.1,40.8,41,38.4,40.6
1062,98.7,55.325,39.7,40.3,40.3,40.3,41,41,40.8,40.8,38.4,40.5
1063,98.7,55.275,39.675,40.2,40.2,40.3,40.7,41.2,40.9,40.5,38.3,40.5
1064,98.8,55.3,39.675,40.3,40.2,40.3,40.8,41.2,40.7,40.7,38.3,40.3
1065,98.8,55.45,39.675,40.1,40.2,40.2,40.8,41.5,40.7,40.8,38.1,40.2
1066,98.7,55.45,39.45,39.8,40.2,40.2,40.8,41.1,40.8,40.6,38.1,40.3
1067,98.8,55.4,39.225,39.9,40.2,40.4,40.7,41.1,40.7,40.6,38.1,40.1
1068,98.9,55.3,39,39.7,40.1,40.1,40.1,41,40.3,40.5,38.1,39.8
1069,98.8,54.675,38.75,39.1,39.5,39.8,39.7,40.4,40.2,40,38,39.8
1070,98.8,54.6,38.575,38.6,39.2,39.2,39.3,40.4,39.8,39.4,37.5,39.1
1071,98.8,54.625,38.225,38.6,38.9,39.3,39.4,40.3,39.8,39.4,37.4,39.2
1072,98.8,54.575,38.15,38.6,38.9,39.3,39.3,40,39.7,39.4,37.4,39.2
1073,98.7,54.525,38.325,38.4,39,39.3,39.3,40.2,39.9,39.4,37.3,39.1
1074,98.4,54.45,38.225,38.5,39,38.7,39.5,39.9,39.9,39.4,37.1,39.1
1075,98.3,54.375,38.15,38.3,38.9,38.2,39.2,39.8,39.7,39.2,37.1,39
1076,97.8,54.25,37.975,38.2,38.4,38.1,39.1,39.8,39.7,38.9,37,38.6
1077,97.9,54.25,37.975,38.1,38.3,37.8,38.1,39.8,39.3,38.8,37,38.3
1078,97.9,54.1,37.9,37.3,38.1,37.8,38.1,39.7,39.2,38.6,36.9,38.3
1079,98,54.125,37.775,37.3,38.1,38.3,38.2,39.7,39.2,38.6,36.8,38.3
1080,98.4,54.05,37.75,37.3,38.2,38.3,38.3,39.7,39.2,38.6,36.8,38.3
1081,98.3,54.175,37.75,37.4,38.2,38.3,38.4,39.4,39.2,38.8,36.7,38.8
1082,98.4,54.125,37.675,37.4,38.2,38.3,38.3,39.2,39.2,38.7,36.5,38.8
1083,98.4,54.175,37.45,37.5,38.1,38,38.6,39.2,39.2,38.8,36.4,38.6
1084,98.4,54.075,37.075,37.5,38.1,38,38.6,39.2,39.2,38.7,36.3,38.5
1085,98.5,54.025,36.95,37.5,38.1,38,38.8,39.2,39.2,38.7,36.3,38.5
1086,98.4,54.05,37.025,37.5,38.2,38.1,38.8,39.3,39.2,38.6,36.3,38.6
1087,98.4,54.175,37.15,37.5,38.3,38.1,38.8,39.4,39.2,38.5,36.5,38.6
1088,98.4,54.175,37.025,37.3,38.2,38,38.7,39.4,39.2,38.3,36.7,38.6
1089,98.5,54.15,36.85,37,36.8,37.9,38.7,39.1,39,38.2,36.7,38.4
1090,98.6,53.825,36.425,36.9,36.8,37.6,38.2,38.5,38.6,37.3,36.7,38.2
1091,98.5,53.125,36.2,36.2,36.7,37.6,37.8,38.3,38.3,37.3,36.6,38.1
1092,98.6,52.975,36.2,36.1,36.4,37.5,37.8,37.9,38.1,37.3,36.4,37.9
1093,98.7,52.9,36.225,36.2,36.5,37.6,37.9,37.9,38.2,37.4,36.1,37.9
1094,98.9,52.8,36.325,36.1,36.6,37.3,37.9,38,38.5,37.4,36,37.8
1095,98.5,52.8,36.225,36.1,36.6,37.5,37.8,37.9,38.3,37.4,35.9,37.7
1096,98.6,52.75,36.025,36.3,36.6,37.3,37.9,38,38.1,37.5,35.9,37.6
1097,98.6,52.975,35.925,35.8,36.5,37.2,37.8,38.1,38,37.2,35.8,37.4
1098,98.6,52.825,35.8,35.7,36.2,36.6,37.8,37.9,37.9,37,35.4,36.5
1099,99.1,52.375,34.85,35.3,35.6,35.9,37.7,37.9,37.7,36.8,35.3,36.4
1100,99.4,77.125,55.925,48.9,67.5,64.3,44.5,59.4,45.8,55.1,58.8,66
