wavelength,blank,S6 Irrad 9,S6 Post Irrad Day 1 1,S6 Post Irrad Day 1 2,S6 Post Irrad Day 1 3,S6 Post Irrad Day 1 4,S6 Post Irrad Day 1 5,S6 Post Irrad Day 1 6,S6 Post Irrad Day 1 7
190,89.3,0.3,0.4,0.4,0.4,0.4,0.5,0.5,0.4
191,89.5,0.3,0.3,0.4,0.3,0.4,0.4,0.4,0.3
192,91.3,0.275,0.3,0.3,0.3,0.3,0.3,0.4,0.3
193,91.9,0.2,0.3,0.3,0.3,0.3,0.3,0.3,0.3
194,93.3,0.2,0.2,0.3,0.3,0.3,0.3,0.3,0.3
195,94.1,0.2,0.2,0.2,0.3,0.2,0.3,0.3,0.3
196,94.5,0.175,0.2,0.2,0.2,0.2,0.2,0.2,0.2
197,94.9,0.1,0.2,0.2,0.2,0.2,0.2,0.2,0.2
198,95.3,0.1,0.2,0.2,0.2,0.2,0.2,0.2,0.2
199,95.4,0.1,0.2,0.2,0.2,0.2,0.2,0.2,0.2
200,95.9,0.1,0.2,0.2,0.2,0.2,0.2,0.2,0.2
201,96.9,0.1,0.2,0.2,0.2,0.2,0.2,0.2,0.2
202,97,0.1,0.2,0.2,0.1,0.1,0.2,0.2,0.2
203,97.2,0.1,0.1,0.1,0.1,0.1,0.2,0.2,0.2
204,97.3,0.1,0.1,0.1,0.1,0.1,0.2,0.2,0.2
205,97.8,0.1,0.1,0.1,0.1,0.1,0.2,0.2,0.2
206,97.8,0.1,0.1,0.1,0.1,0.1,0.1,0.1,0.1
207,97.8,0.1,0.1,0.1,0.1,0.1,0.1,0.1,0.1
208,97.7,0.1,0.1,0.1,0.1,0.1,0.1,0.1,0.1
209,97.6,0.1,0.1,0.1,0.1,0.1,0.1,0.1,0.1
210,97.6,0.1,0.1,0.1,0.1,0.1,0.1,0.1,0.1
211,97.5,0.1,0.1,0.1,0.1,0.1,0.1,0.1,0.1
212,97.5,0.1,0.1,0.1,0.1,0.1,0.1,0.1,0.1
213,97.5,0.1,0.1,0.1,0.1,0.1,0.1,0.1,0.1
214,97.6,0.1,0.1,0.1,0.1,0.1,0.1,0.1,0.1
215,97.9,0.1,0.1,0.1,0.1,0.1,0.1,0.1,0.1
216,98.1,0,0,0,0,0,0,0,0
217,98.3,0,0,0,0,0,0,0,0
218,98.2,0,0,0,0,0,0,0,0
219,98.5,0,0,0,0,0,0,0,0
220,98.6,0,0,0,0,0,0,0,0
221,98.6,0,0,0,0,0,0,0,0
222,98.7,0,0,0,0,0,0,0,0
223,98.7,0,0,0,0,0,0,0,0
224,98.6,0.1,0.1,0.1,0.1,0.1,0.1,0.1,0.1
225,98.6,0.1,0.1,0.1,0.1,0.1,0.1,0.1,0.1
226,98.6,0.1,0.1,0.1,0.1,0.1,0.1,0.1,0.1
227,98.7,0.1,0.1,0.1,0.1,0.1,0.1,0.1,0.1
228,98.8,0.1,0.1,0.1,0.1,0.1,0.1,0.1,0.1
229,98.8,0.1,0.1,0.1,0.1,0.1,0.1,0.1,0.1
230,98.9,0.1,0.1,0.1,0.1,0.1,0.1,0.1,0.1
231,99,0.1,0.1,0.1,0.1,0.1,0.1,0.1,0.1
232,99,0.1,0.1,0.1,0.1,0.1,0.1,0.1,0.1
233,98.9,0.1,0.1,0.1,0.1,0.1,0.1,0.1,0.1
234,98.8,0.1,0.1,0.1,0.1,0.1,0.1,0.1,0.1
235,98.8,0.175,0.1,0.1,0.1,0.1,0.1,0.1,0.1
236,98.8,0.2,0.1,0.1,0.1,0.1,0.1,0.1,0.1
237,98.6,0.2,0.1,0.1,0.1,0.1,0.1,0.1,0.1
238,98.5,0.2,0.1,0.1,0.1,0.1,0.1,0.1,0.1
239,98.5,0.2,0.1,0.1,0.1,0.1,0.1,0.1,0.1
240,98.5,0.2,0.1,0.1,0.1,0.1,0.1,0.1,0.1
241,98.6,0.2,0.1,0.1,0.1,0.1,0.1,0.1,0.1
242,98.7,0.2,0.1,0.1,0.1,0.1,0.1,0.1,0.1
243,99,0.2,0.1,0.1,0.1,0.1,0.1,0.1,0.1
244,98.9,0.2,0.1,0.1,0.1,0.1,0.1,0.1,0.1
245,98.9,0.2,0.1,0.1,0.1,0.1,0.1,0.1,0.1
246,98.9,0.2,0.1,0.1,0.1,0.1,0.1,0.1,0.1
247,98.9,0.3,0.1,0.1,0.1,0.1,0.1,0.1,0.1
248,99,0.3,0.1,0.1,0.1,0.1,0.1,0.1,0.1
249,99.1,0.3,0.1,0.1,0.1,0.1,0.1,0.1,0.1
250,99.1,0.3,0.1,0.1,0.1,0.1,0.1,0.1,0.1
251,99,0.3,0.1,0.1,0.1,0.2,0.2,0.2,0.2
252,98.8,0.3,0.2,0.2,0.2,0.2,0.2,0.2,0.2
253,98.8,0.4,0.2,0.2,0.2,0.2,0.2,0.2,0.2
254,98.8,0.4,0.2,0.2,0.3,0.3,0.3,0.3,0.3
255,98.8,0.4,0.3,0.3,0.3,0.3,0.3,0.3,0.3
256,98.8,0.5,0.3,0.4,0.4,0.4,0.4,0.4,0.4
257,98.7,0.6,0.4,0.4,0.5,0.5,0.5,0.5,0.5
258,98.6,0.65,0.5,0.5,0.6,0.6,0.6,0.6,0.6
259,98.6,0.75,0.6,0.6,0.7,0.7,0.7,0.7,0.7
260,98.6,0.85,0.7,0.7,0.8,0.8,0.8,0.8,0.8
261,98.7,0.925,0.8,0.8,0.9,0.9,0.9,0.9,0.9
262,98.8,1,0.8,0.9,0.9,1,1,1,1
263,98.8,1.075,0.9,1,1,1.1,1.1,1.1,1.1
264,98.7,1.175,1,1.1,1.2,1.2,1.2,1.2,1.3
265,98.7,1.3,1.2,1.3,1.3,1.3,1.4,1.4,1.4
266,98.7,1.4,1.3,1.4,1.4,1.5,1.5,1.5,1.5
267,98.5,1.525,1.4,1.5,1.6,1.6,1.6,1.7,1.7
268,98.5,1.65,1.5,1.6,1.7,1.7,1.8,1.8,1.8
269,98.5,1.725,1.6,1.7,1.8,1.8,1.9,1.9,1.9
270,98.4,1.825,1.7,1.8,1.9,1.9,2,2,2
271,98.2,1.925,1.8,1.9,2,2.1,2.1,2.1,2.1
272,98.2,2.025,1.9,2,2.1,2.1,2.2,2.2,2.2
273,98.2,2.075,2,2.1,2.2,2.2,2.3,2.3,2.3
274,98.2,2.125,2,2.1,2.2,2.3,2.3,2.3,2.4
275,98.2,2.175,2.1,2.2,2.3,2.3,2.4,2.4,2.4
276,98.2,2.25,2.2,2.3,2.4,2.4,2.5,2.5,2.5
277,98.2,2.3,2.2,2.4,2.4,2.5,2.5,2.6,2.6
278,98.2,2.325,2.3,2.4,2.5,2.5,2.6,2.6,2.6
279,98.1,2.375,2.3,2.4,2.5,2.6,2.6,2.6,2.7
280,98.1,2.4,2.4,2.5,2.6,2.6,2.7,2.7,2.7
281,98.1,2.475,2.4,2.5,2.6,2.7,2.7,2.8,2.8
282,98.1,2.5,2.5,2.6,2.7,2.7,2.8,2.8,2.8
283,97.9,2.5,2.5,2.6,2.7,2.7,2.8,2.8,2.8
284,97.9,2.5,2.5,2.6,2.7,2.7,2.8,2.8,2.8
285,97.9,2.525,2.5,2.6,2.7,2.7,2.8,2.8,2.9
286,97.9,2.55,2.5,2.7,2.7,2.8,2.8,2.9,2.9
287,97.9,2.55,2.5,2.7,2.7,2.8,2.8,2.9,2.9
288,97.9,2.575,2.5,2.7,2.7,2.8,2.8,2.9,2.9
289,97.9,2.575,2.5,2.7,2.8,2.8,2.9,2.9,2.9
290,97.9,2.6,2.6,2.7,2.8,2.9,2.9,2.9,2.9
291,97.9,2.6,2.6,2.7,2.8,2.9,2.9,2.9,3
292,98,2.6,2.6,2.7,2.8,2.9,2.9,2.9,3
293,98,2.6,2.6,2.7,2.8,2.9,2.9,3,3
294,98,2.625,2.6,2.8,2.9,2.9,3,3,3
295,97.9,2.65,2.7,2.8,2.9,2.9,3,3,3
296,98,2.65,2.7,2.8,2.9,3,3,3,3.1
297,98.2,2.65,2.7,2.8,2.9,3,3,3,3.1
298,98.1,2.65,2.7,2.8,2.9,3,3,3.1,3.1
299,98.1,2.65,2.7,2.8,2.9,3,3.1,3.1,3.1
300,98.1,2.7,2.7,2.9,2.9,3,3.1,3.1,3.1
301,98.1,2.7,2.8,2.9,3,3.1,3.2,3.2,3.2
302,98.1,2.75,2.8,3,3.1,3.1,3.2,3.2,3.2
303,98.1,2.75,2.8,3,3.1,3.2,3.2,3.3,3.3
304,98.1,2.8,2.9,3,3.2,3.2,3.3,3.3,3.3
305,98,2.825,3,3.1,3.2,3.3,3.3,3.4,3.4
306,98,2.9,3,3.2,3.3,3.4,3.4,3.5,3.5
307,98,2.95,3.1,3.3,3.4,3.5,3.5,3.6,3.6
308,98,3,3.2,3.4,3.5,3.5,3.6,3.7,3.7
309,98.1,3.075,3.3,3.4,3.5,3.6,3.7,3.7,3.7
310,98.1,3.1,3.3,3.5,3.6,3.7,3.8,3.8,3.8
311,98.2,3.15,3.4,3.6,3.7,3.8,3.8,3.9,3.9
312,98.2,3.225,3.5,3.6,3.8,3.8,3.9,3.9,4
313,98.1,3.325,3.6,3.8,3.9,4,4.1,4.1,4.1
314,98.1,3.375,3.7,3.9,4,4.1,4.2,4.2,4.2
315,98,3.45,3.8,4,4.1,4.2,4.2,4.3,4.3
316,98,3.525,3.9,4,4.2,4.3,4.3,4.4,4.4
317,97.9,3.625,4,4.2,4.3,4.4,4.5,4.5,4.6
318,97.9,3.75,4.1,4.4,4.5,4.6,4.7,4.7,4.7
319,97.9,3.85,4.3,4.5,4.6,4.7,4.8,4.8,4.9
320,97.9,3.95,4.4,4.6,4.8,4.9,5,5,5
321,97.9,4.15,4.6,4.8,5,5.1,5.2,5.2,5.3
322,98,4.325,4.8,5.1,5.2,5.3,5.4,5.5,5.5
323,98,4.45,5,5.2,5.4,5.5,5.6,5.7,5.7
324,98,4.55,5.1,5.3,5.5,5.6,5.7,5.8,5.8
325,98,4.65,5.2,5.5,5.6,5.7,5.9,5.9,6
326,98.1,4.75,5.3,5.6,5.8,5.9,6,6.1,6.1
327,98.1,4.925,5.5,5.8,6,6.1,6.2,6.3,6.3
328,98,5.1,5.7,6,6.2,6.3,6.4,6.5,6.5
329,98,5.3,5.9,6.3,6.4,6.6,6.7,6.7,6.8
330,98,5.5,6.2,6.5,6.7,6.8,6.9,7,7
331,98,5.7,6.4,6.7,6.9,7.1,7.2,7.3,7.3
332,98,5.9,6.6,6.9,7.1,7.3,7.4,7.5,7.5
333,98,6,6.7,7.1,7.3,7.4,7.6,7.6,7.7
334,97.9,6.15,6.9,7.3,7.5,7.6,7.8,7.8,7.9
335,98,6.375,7.1,7.5,7.7,7.9,8,8.1,8.1
336,98,6.6,7.4,7.7,7.9,8.1,8.3,8.3,8.4
337,98.1,6.8,7.6,8,8.1,8.3,8.5,8.5,8.6
338,98.1,6.975,7.8,8.2,8.4,8.6,8.7,8.8,8.8
339,98.1,7.2,8,8.4,8.6,8.8,9,9,9.1
340,98.1,7.45,8.3,8.7,8.9,9.1,9.3,9.3,9.4
341,98.1,7.725,8.6,9,9.2,9.4,9.6,9.6,9.7
342,98.1,7.95,8.9,9.3,9.5,9.7,9.9,9.9,10
343,98,8.15,9.1,9.5,9.7,9.9,10.1,10.1,10.2
344,98,8.225,9.2,9.6,9.8,10,10.2,10.3,10.3
345,97.9,8.375,9.3,9.8,10,10.2,10.4,10.4,10.4
346,97.9,8.6,9.6,10,10.2,10.4,10.6,10.7,10.7
347,97.9,8.825,9.8,10.3,10.5,10.7,10.9,11,11
348,97.9,9.1,10.1,10.6,10.8,11,11.2,11.2,11.3
349,97.9,9.325,10.4,10.9,11.1,11.3,11.5,11.5,11.6
350,97.8,9.6,10.6,11.1,11.4,11.6,11.8,11.8,11.9
351,97.9,9.9,10.9,11.4,11.7,11.9,12.1,12.1,12.2
352,97.9,10.1,11.1,11.7,11.9,12.1,12.3,12.4,12.5
353,97.9,10.3,11.4,11.9,12.2,12.4,12.6,12.7,12.8
354,97.9,10.525,11.7,12.2,12.5,12.7,12.9,12.9,13
355,97.4,10.7,11.9,12.4,12.7,12.8,13.1,13.1,13.2
356,97.4,10.725,11.9,12.5,12.7,12.9,13.2,13.2,13.2
357,97.4,10.875,12,12.7,12.9,13.1,13.3,13.4,13.3
358,97.4,11.125,12.3,12.9,13.2,13.5,13.7,13.7,13.7
359,97.5,11.375,12.7,13.1,13.4,13.6,13.9,13.9,13.9
360,97.4,11.375,12.7,13.1,13.4,13.6,13.9,13.9,13.9
361,97.4,11.375,12.5,13,13.4,13.6,13.8,13.9,13.9
362,97.4,11.375,12.5,13.1,13.4,13.6,13.8,13.9,13.9
363,97.4,11.5,12.7,13.2,13.6,13.8,14,14,14
364,97.3,11.775,13,13.5,13.9,14.1,14.3,14.3,14.3
365,97.3,12.075,13.3,13.8,14.1,14.4,14.5,14.6,14.6
366,97.3,12.275,13.5,14,14.3,14.5,14.7,14.8,14.8
367,97.5,12.475,13.7,14.2,14.5,14.7,14.9,15,15
368,97.5,12.7,13.9,14.4,14.7,15,15.2,15.2,15.3
369,97.4,12.95,14.2,14.7,15,15.2,15.4,15.5,15.5
370,97.4,13.1,14.3,14.8,15.2,15.4,15.6,15.6,15.6
371,97.5,13.3,14.4,15,15.3,15.5,15.7,15.8,15.8
372,97.6,13.45,14.7,15.2,15.5,15.8,16,16,16
373,97.6,13.7,14.9,15.5,15.8,16,16.2,16.2,16.3
374,97.6,13.925,15.2,15.7,16,16.3,16.5,16.5,16.6
375,97.5,14.025,15.2,15.7,16,16.4,16.5,16.5,16.6
376,97.2,13.975,15.3,15.7,16,16.3,16.5,16.5,16.6
377,97.2,13.925,15.2,15.7,16,16.2,16.4,16.5,16.5
378,97.2,13.925,15.2,15.8,16,16.3,16.5,16.5,16.5
379,97.2,14.15,15.3,15.9,16.2,16.4,16.6,16.5,16.6
380,97.2,14.375,15.6,16.1,16.4,16.6,16.9,16.8,16.9
381,97.1,14.6,15.8,16.3,16.7,16.9,17.1,17,17.1
382,97.1,14.75,16,16.5,16.8,16.9,17.2,17.2,17.2
383,97.1,14.825,16,16.5,16.8,17,17.2,17.2,17.2
384,97.1,14.925,16.1,16.6,16.8,17.1,17.2,17.3,17.3
385,97.1,14.95,16.2,16.7,17,17.2,17.4,17.4,17.4
386,97.1,15.05,16.3,16.8,17.1,17.3,17.4,17.5,17.5
387,97.2,15.2,16.3,16.9,17.1,17.4,17.6,17.5,17.6
388,97.2,15.4,16.6,17.1,17.4,17.6,17.8,17.8,17.8
389,97.2,15.6,16.8,17.3,17.6,17.8,18,18,18
390,97.1,16.1,17.3,17.8,18,18.3,18.4,18.4,18.6
391,97.1,16.2,17.5,18,18.2,18.6,18.8,18.7,18.9
392,96.8,16.375,17.6,18.2,18.5,18.8,18.9,18.8,19
393,96.9,16.525,17.8,18.3,18.7,18.8,19,19,19.1
394,97.4,16.575,17.9,18.4,18.7,18.9,19.1,19.1,19.2
395,97.5,16.7,18,18.5,18.8,18.9,19.2,19.1,19.2
396,97.6,16.9,18.1,18.7,18.9,19.1,19.3,19.3,19.4
397,97.6,17.075,18.3,18.8,19.1,19.3,19.4,19.5,19.5
398,97.5,17.225,18.4,18.9,19.2,19.4,19.6,19.6,19.7
399,97.5,17.35,18.6,19.1,19.3,19.5,19.7,19.7,19.7
400,97.5,17.525,18.7,19.3,19.5,19.6,19.9,19.9,19.9
401,97.4,17.7,18.9,19.4,19.7,19.9,20.1,20.1,20.1
402,97.3,17.8,19,19.6,19.9,20.1,20.3,20.3,20.3
403,97.3,17.875,19.2,19.7,19.9,20.1,20.3,20.3,20.3
404,97.3,17.9,19.2,19.6,19.9,20.1,20.3,20.3,20.3
405,97.4,17.925,19.2,19.7,19.9,20.1,20.3,20.3,20.3
406,97.4,18,19.2,19.7,19.9,20.2,20.4,20.3,20.4
407,97.7,18.1,19.3,19.9,20.1,20.3,20.6,20.5,20.5
408,97.7,18.3,19.5,20,20.3,20.5,20.7,20.7,20.7
409,97.7,18.4,19.6,20.1,20.4,20.6,20.8,20.8,20.8
410,97.7,18.475,19.7,20.1,20.4,20.6,20.8,20.8,20.8
411,97.7,18.5,19.7,20.1,20.4,20.6,20.8,20.8,20.8
412,97.7,18.625,19.9,20.2,20.6,20.8,21,20.9,20.9
413,97.7,18.75,20,20.4,20.7,20.9,21,21.1,21
414,97.7,18.85,20.1,20.5,20.8,21,21.1,21.1,21.1
415,97.7,19.025,20.1,20.6,20.9,21.1,21.2,21.2,21.2
416,97.7,19.125,20.2,20.7,21,21.2,21.3,21.3,21.3
417,97.8,19.25,20.4,20.9,21.1,21.3,21.5,21.5,21.5
418,97.8,19.45,20.5,21,21.3,21.4,21.6,21.6,21.6
419,97.8,19.575,20.7,21.1,21.4,21.5,21.7,21.7,21.7
420,98,19.625,20.7,21.1,21.4,21.6,21.8,21.7,21.8
421,98,19.625,20.7,21.1,21.4,21.6,21.8,21.7,21.8
422,98,19.65,20.7,21.2,21.4,21.6,21.8,21.8,21.8
423,98,19.7,20.8,21.3,21.5,21.7,21.8,21.8,21.9
424,97.9,19.75,20.9,21.3,21.6,21.7,21.9,21.9,21.9
425,98,19.8,20.9,21.4,21.6,21.7,21.9,21.9,21.9
426,97.9,19.875,20.9,21.4,21.6,21.8,22,21.9,21.9
427,98,19.9,21,21.4,21.7,21.8,22,22,21.9
428,97.9,19.975,21.1,21.5,21.8,22,22.2,22,22.1
429,98,20.05,21.1,21.6,21.8,22,22.2,22.1,22.1
430,97.9,20.15,21.2,21.7,21.9,22.1,22.3,22.2,22.2
431,97.9,20.175,21.3,21.8,21.9,22.1,22.3,22.3,22.3
432,97.9,20.3,21.3,21.8,22.1,22.2,22.4,22.4,22.4
433,97.7,20.375,21.5,22,22.2,22.4,22.5,22.5,22.5
434,97.8,20.525,21.6,22,22.3,22.4,22.6,22.6,22.6
435,98,20.575,21.6,22.1,22.3,22.5,22.7,22.6,22.6
436,98,20.675,21.7,22.1,22.4,22.6,22.7,22.7,22.7
437,97.9,20.75,21.8,22.2,22.5,22.7,22.8,22.8,22.8
438,97.9,20.875,21.9,22.4,22.6,22.8,22.9,22.9,22.9
439,98.1,20.975,22,22.5,22.7,22.9,23,23,23
440,98.1,21.075,22.1,22.6,22.8,23,23.1,23.1,23.1
441,98.1,21.1,22.1,22.6,22.8,23,23.2,23.2,23.2
442,98,21.125,22.2,22.6,22.8,23,23.2,23.2,23.2
443,98,21.225,22.3,22.7,22.9,23,23.2,23.2,23.2
444,98,21.3,22.3,22.8,23.1,23.2,23.4,23.4,23.3
445,97.9,21.425,22.4,22.9,23.2,23.3,23.5,23.5,23.4
446,98,21.5,22.5,23,23.2,23.4,23.5,23.6,23.5
447,98,21.575,22.6,23,23.2,23.4,23.6,23.6,23.6
448,98,21.6,22.6,23,23.3,23.5,23.7,23.6,23.6
449,98,21.625,22.7,23.1,23.3,23.5,23.7,23.6,23.6
450,98,21.725,22.8,23.2,23.4,23.6,23.8,23.7,23.7
451,98,21.8,22.8,23.3,23.5,23.7,23.9,23.8,23.8
452,98,21.85,22.9,23.3,23.6,23.7,23.9,23.8,23.8
453,98,21.875,22.9,23.4,23.6,23.8,23.9,23.9,23.9
454,98,21.95,23,23.4,23.7,23.8,24,23.9,24
455,98,22.025,23.1,23.5,23.8,23.9,24.1,24,24.1
456,98,22.175,23.2,23.7,23.9,24,24.2,24.1,24.1
457,98,22.325,23.4,23.8,24,24.2,24.4,24.3,24.3
458,98,22.525,23.5,24,24.2,24.3,24.5,24.5,24.5
459,98,22.6,23.6,24,24.3,24.4,24.6,24.5,24.6
460,98.1,22.575,23.6,24,24.3,24.4,24.6,24.5,24.5
461,98,22.525,23.5,24,24.2,24.4,24.6,24.5,24.5
462,98,22.525,23.6,24,24.2,24.4,24.6,24.5,24.5
463,97.9,22.625,23.6,24.1,24.3,24.5,24.7,24.6,24.6
464,97.9,22.725,23.7,24.2,24.5,24.6,24.9,24.7,24.7
465,97.9,22.8,23.8,24.3,24.6,24.7,24.9,24.8,24.8
466,97.8,22.85,23.9,24.3,24.6,24.8,25,24.9,24.8
467,97.8,22.95,23.9,24.4,24.7,24.9,25,24.9,24.9
468,97.8,22.95,24,24.5,24.7,24.9,25.2,25,25.1
469,97.8,23.075,24.1,24.5,24.8,25,25.2,25.1,25.1
470,97.8,23.1,24.2,24.6,24.9,25.1,25.3,25.2,25.2
471,97.8,23.175,24.2,24.6,24.9,25.1,25.3,25.2,25.2
472,97.8,23.325,24.4,24.8,25.1,25.2,25.4,25.3,25.3
473,97.9,23.425,24.4,24.9,25.1,25.3,25.6,25.4,25.4
474,97.9,23.5,24.5,25,25.2,25.4,25.6,25.5,25.5
475,97.9,23.675,24.6,25,25.3,25.5,25.7,25.5,25.6
476,97.9,23.725,24.7,25,25.4,25.6,25.9,25.7,25.7
477,97.9,23.875,24.8,25.2,25.5,25.7,25.9,25.8,25.7
478,97.9,23.975,24.9,25.3,25.6,25.8,26,25.9,25.9
479,97.9,24.1,25,25.5,25.7,25.9,26.1,26.1,26
480,97.9,24.325,25.2,25.7,26,26,26.3,26.2,26.3
481,98,24.725,25.5,26,26.3,26.4,26.6,26.6,26.6
482,97.9,25,25.9,26.3,26.6,26.7,26.9,26.9,27
483,98,25.075,25.9,26.3,26.7,26.7,27,26.9,27
484,98.1,24.725,25.6,26,26.4,26.5,26.7,26.7,26.7
485,98.1,24.575,25.5,25.9,26.2,26.3,26.5,26.5,26.5
486,98,24.7,25.5,26,26.3,26.5,26.6,26.6,26.6
487,98,24.775,25.6,26.1,26.4,26.6,26.8,26.7,26.7
488,98,24.75,25.6,26.1,26.4,26.6,26.8,26.7,26.7
489,98,24.825,25.7,26.1,26.4,26.7,26.9,26.7,26.7
490,97.9,25.025,26,26.4,26.7,26.9,27,27,27
491,97.9,25.075,26,26.4,26.8,26.9,27.1,27.1,27
492,97.9,24.975,25.9,26.3,26.6,26.8,27.1,27,26.9
493,97.9,24.975,25.9,26.3,26.7,26.8,27.1,27,26.9
494,97.9,25.225,26,26.5,26.9,27.1,27.3,27.2,27.1
495,97.8,25.425,26.2,26.7,27,27.3,27.5,27.4,27.3
496,97.8,25.55,26.4,26.8,27.2,27.4,27.6,27.5,27.5
497,97.8,25.55,26.4,26.8,27.3,27.4,27.6,27.5,27.5
498,97.8,25.55,26.4,26.8,27.3,27.4,27.7,27.5,27.5
499,97.8,25.625,26.5,26.9,27.3,27.5,27.7,27.6,27.6
500,97.8,25.75,26.6,27,27.4,27.7,27.9,27.8,27.8
501,97.8,25.9,26.8,27.2,27.6,27.8,28,27.9,27.9
502,97.8,26,26.9,27.3,27.7,27.9,28.1,28,28
503,97.8,26.075,27,27.4,27.8,28,28.2,28.1,28.1
504,97.8,26.125,27,27.5,27.9,28,28.3,28.2,28.2
505,97.8,26.225,27.1,27.5,28,28.2,28.4,28.3,28.3
506,97.8,26.325,27.3,27.7,28.1,28.3,28.6,28.4,28.5
507,97.9,26.5,27.4,27.8,28.2,28.4,28.7,28.5,28.6
508,97.9,26.575,27.5,28,28.4,28.5,28.8,28.7,28.7
509,97.9,26.65,27.6,28.1,28.5,28.6,28.9,28.8,28.8
510,97.8,26.725,27.7,28.1,28.5,28.7,29,28.8,28.8
511,97.8,26.75,27.7,28.2,28.6,28.7,29,28.9,28.9
512,97.8,26.775,27.7,28.2,28.6,28.8,29.1,28.9,28.9
513,97.7,26.825,27.7,28.3,28.6,28.8,29.1,28.9,28.9
514,97.8,26.95,27.9,28.4,28.8,29,29.3,29.1,29.1
515,97.8,27.1,28.1,28.6,28.9,29.2,29.4,29.3,29.3
516,97.8,27.275,28.3,28.8,29.1,29.3,29.6,29.5,29.5
517,97.9,27.275,28.2,28.8,29.1,29.3,29.6,29.5,29.5
518,97.9,27.2,28.2,28.7,29,29.3,29.5,29.4,29.4
519,97.8,27.175,28.2,28.7,29,29.3,29.6,29.4,29.4
520,97.8,27.2,28.2,28.7,29.2,29.3,29.6,29.4,29.5
521,97.8,27.35,28.4,28.9,29.3,29.5,29.9,29.6,29.6
522,97.8,27.625,28.6,29.2,29.6,29.8,30.1,29.9,29.9
523,97.8,27.825,28.8,29.2,29.8,29.9,30.3,30,30.1
524,97.7,28.025,28.9,29.5,29.8,30.1,30.4,30.2,30.3
525,97.9,28.125,29.1,29.6,30,30.2,30.5,30.4,30.4
526,97.9,28.25,29.2,29.7,30.2,30.3,30.6,30.6,30.6
527,97.9,28.125,29.2,29.7,30.1,30.2,30.6,30.5,30.5
528,97.8,27.825,28.8,29.3,29.7,30,30.3,30.1,30.1
529,97.8,27.65,28.7,29.2,29.7,29.9,30.2,30,30
530,97.8,27.85,28.9,29.5,29.9,30.1,30.4,30.2,30.2
531,97.7,28.05,29.1,29.6,30.1,30.3,30.5,30.3,30.3
532,97.7,28.025,29.2,29.6,30.1,30.3,30.6,30.4,30.3
533,97.7,28.025,29.1,29.6,30.1,30.3,30.6,30.4,30.3
534,97.8,28.025,29.1,29.7,30.1,30.3,30.6,30.4,30.4
535,97.8,28.05,29.2,29.8,30.1,30.5,30.8,30.6,30.5
536,97.7,28.125,29.2,29.9,30.2,30.5,30.9,30.7,30.7
537,97.7,28.275,29.4,30,30.4,30.7,31,30.8,30.8
538,97.6,28.575,29.6,30.3,30.7,31,31.3,31.2,31.1
539,97.6,28.75,29.9,30.6,31,31.2,31.5,31.5,31.4
540,97.6,28.675,29.9,30.6,31,31.2,31.5,31.5,31.4
541,97.6,28.525,29.7,30.3,30.7,31,31.3,31.2,31.2
542,97.6,28.375,29.5,30.1,30.6,30.8,31.1,31.1,30.9
543,97.7,28.35,29.6,30.2,30.7,30.9,31.2,31.1,31
544,97.7,28.425,29.6,30.2,30.8,30.9,31.2,31.1,31.1
545,97.7,28.475,29.8,30.5,30.9,31,31.4,31.3,31.4
546,97.7,28.525,29.8,30.4,30.9,31.1,31.5,31.4,31.4
547,97.7,28.5,29.8,30.4,30.9,31.1,31.5,31.4,31.4
548,97.6,28.475,29.8,30.5,31,31.3,31.6,31.5,31.4
549,97.6,28.625,29.9,30.6,31.2,31.4,31.8,31.6,31.6
550,97.6,28.8,30.1,30.8,31.3,31.7,31.9,31.8,31.8
551,97.7,28.875,30.2,30.8,31.4,31.7,32.1,31.9,31.9
552,97.7,28.85,30.2,30.9,31.5,31.7,32.1,31.9,31.9
553,97.8,28.85,30.2,30.9,31.5,31.7,32.1,32,32
554,97.8,28.85,30.2,30.9,31.5,31.8,32.1,32,32
555,97.8,28.9,30.3,31,31.6,31.9,32.3,32.2,32.1
556,97.9,29,30.3,31.1,31.6,31.9,32.3,32.2,32.2
557,98,29.075,30.4,31.2,31.7,32,32.4,32.3,32.3
558,97.9,29.125,30.6,31.3,31.8,32.1,32.5,32.4,32.4
559,97.9,29.125,30.6,31.3,31.9,32.2,32.6,32.5,32.5
560,97.9,29.35,30.7,31.6,32,32.3,32.7,32.6,32.6
561,98,29.525,30.8,31.8,32.2,32.5,32.8,32.8,32.8
562,98,29.6,30.9,31.9,32.2,32.5,32.9,32.9,32.9
563,98,29.775,31.1,32.1,32.4,32.7,33.1,33.1,33.2
564,97.9,29.775,31.1,32.1,32.5,32.8,33.2,33.2,33.3
565,98,29.75,31.1,32.1,32.5,32.8,33.2,33.2,33.3
566,98,29.675,31.1,32.1,32.5,32.8,33.2,33.2,33.2
567,98,29.65,31.1,32.1,32.5,32.9,33.3,33.2,33.3
568,98,29.65,31.1,32.1,32.5,32.9,33.3,33.3,33.3
569,98,29.75,31.2,32.2,32.6,33,33.4,33.4,33.4
570,98,29.75,31.3,32.3,32.7,33.1,33.5,33.5,33.6
571,97.9,29.75,31.2,32.3,32.7,33.1,33.5,33.5,33.6
572,98,29.75,31.2,32.2,32.7,33.1,33.5,33.5,33.5
573,98,29.7,31.1,32.2,32.7,33.1,33.4,33.5,33.5
574,98,29.65,31.1,32.3,32.7,33,33.5,33.5,33.5
575,98,29.6,31.1,32.3,32.7,33,33.5,33.5,33.5
576,98,29.5,31.1,32.3,32.7,33,33.5,33.5,33.5
577,98,29.475,31.1,32.3,32.7,33,33.5,33.5,33.5
578,97.9,29.475,31.1,32.3,32.8,33.1,33.6,33.5,33.6
579,97.9,29.5,31.1,32.3,32.8,33.2,33.7,33.7,33.7
580,98,29.5,31.2,32.4,32.9,33.3,33.7,33.8,33.8
581,98,29.525,31.2,32.5,33,33.3,33.8,33.8,33.9
582,98,29.55,31.2,32.5,33,33.4,33.9,33.9,33.9
583,98.1,29.575,31.3,32.5,33,33.5,33.9,33.9,34
584,98.2,29.575,31.3,32.6,33.1,33.5,33.9,34,34
585,98.2,29.575,31.3,32.7,33.1,33.6,34,34.1,34.2
586,98.2,29.575,31.4,32.7,33.2,33.7,34.1,34.2,34.3
587,98.1,29.575,31.5,32.8,33.3,33.7,34.2,34.2,34.3
588,98,29.6,31.5,32.7,33.3,33.7,34.2,34.3,34.3
589,98.1,29.575,31.5,32.8,33.3,33.7,34.2,34.3,34.3
590,98.1,29.5,31.5,32.7,33.3,33.8,34.2,34.3,34.4
591,98.1,29.5,31.5,32.7,33.3,33.8,34.3,34.3,34.5
592,98.1,29.525,31.5,32.8,33.5,33.8,34.4,34.5,34.6
593,98.1,29.6,31.6,32.9,33.5,34,34.5,34.6,34.7
594,98.1,29.6,31.6,33,33.6,34.1,34.6,34.7,34.8
595,98.1,29.6,31.6,33,33.6,34.1,34.6,34.7,34.8
596,98.2,29.45,31.6,33,33.6,34.1,34.6,34.6,34.8
597,98.1,29.375,31.5,32.8,33.5,34,34.5,34.6,34.7
598,98.1,29.275,31.4,32.8,33.4,33.9,34.5,34.5,34.6
599,98,29.25,31.4,32.9,33.5,34,34.5,34.6,34.7
600,98,29.35,31.4,33,33.6,34.1,34.6,34.7,34.8
601,98.1,29.45,31.6,33.1,33.8,34.3,34.8,34.9,35
602,98.1,29.525,31.7,33.2,33.9,34.4,34.9,35.1,35.2
603,98.2,29.525,31.7,33.2,33.9,34.4,34.9,35.1,35.2
604,98.1,29.4,31.7,33.2,33.9,34.4,35,35.1,35.3
605,98,29.275,31.6,33.1,33.8,34.4,34.9,35,35.2
606,98,29.225,31.6,33.1,33.8,34.4,34.9,35,35.2
607,98,29.225,31.6,33.1,33.9,34.4,35,35.1,35.2
608,98,29.275,31.6,33.2,34,34.5,35.1,35.2,35.4
609,98,29.225,31.6,33.2,34,34.5,35.1,35.2,35.4
610,98,29.175,31.6,33.1,33.9,34.5,35,35.2,35.2
611,98,29.075,31.5,33.1,33.8,34.4,35,35.2,35.2
612,97.9,29.1,31.5,33.1,33.8,34.4,35,35.2,35.2
613,98,29.075,31.5,33.1,33.9,34.5,35.1,35.2,35.3
614,98,29.075,31.5,33.1,33.9,34.5,35.2,35.2,35.4
615,98.1,29.1,31.6,33.2,34,34.5,35.3,35.3,35.4
616,98.1,29.1,31.6,33.2,34.1,34.6,35.3,35.4,35.5
617,98.1,29.1,31.6,33.3,34.1,34.7,35.4,35.5,35.6
618,98.1,29.125,31.6,33.3,34.1,34.8,35.4,35.6,35.6
619,98.2,29.125,31.6,33.4,34.2,34.8,35.5,35.6,35.7
620,98.2,29.075,31.7,33.5,34.3,34.9,35.6,35.7,35.8
621,98.1,29.075,31.7,33.5,34.3,34.9,35.6,35.7,35.8
622,98.2,29.075,31.7,33.5,34.3,35,35.7,35.7,35.9
623,98.2,29.1,31.8,33.6,34.4,35.1,35.7,35.9,36
624,98.2,29.175,31.8,33.6,34.5,35.2,35.8,36,36.1
625,98.2,29.175,31.8,33.7,34.6,35.2,35.9,36,36.2
626,98.2,29.15,31.8,33.7,34.6,35.2,35.9,36,36.2
627,98.2,29.1,31.8,33.7,34.5,35.2,35.9,36,36.2
628,98.2,29.025,31.8,33.6,34.5,35.2,35.9,36,36.2
629,98.1,29,31.8,33.6,34.5,35.2,35.9,36.1,36.2
630,98.1,29,31.8,33.7,34.5,35.2,35.9,36.1,36.3
631,98.1,29,31.8,33.8,34.6,35.3,36,36.2,36.3
632,98.1,29,31.9,33.8,34.6,35.4,36.1,36.2,36.4
633,98.1,29,31.9,33.8,34.7,35.4,36.2,36.3,36.4
634,98.1,28.975,31.9,33.8,34.7,35.5,36.2,36.4,36.5
635,98.2,28.975,31.9,33.8,34.7,35.5,36.2,36.4,36.5
636,98.2,28.975,31.9,33.8,34.7,35.5,36.2,36.4,36.5
637,98.2,28.975,31.9,33.8,34.8,35.6,36.2,36.4,36.5
638,98.2,28.975,31.9,33.9,34.8,35.6,36.3,36.4,36.6
639,98.2,28.975,31.9,33.9,34.9,35.6,36.3,36.5,36.7
640,98.2,28.975,31.9,34,34.9,35.6,36.4,36.5,36.7
641,98.3,28.975,32,34,34.9,35.7,36.4,36.5,36.8
642,98.3,29.025,32,34,35,35.8,36.4,36.6,36.8
643,98.3,29.025,32.1,34.1,35,35.8,36.5,36.7,36.8
644,98.4,29.025,32.1,34.1,35.1,35.9,36.5,36.7,36.9
645,98.3,29.075,32.1,34.1,35.1,35.9,36.6,36.8,37
646,98.3,29.075,32.1,34.2,35.2,35.9,36.6,36.8,37.1
647,98.3,29.075,32.2,34.2,35.2,36,36.8,37,37.1
648,98.3,29.1,32.2,34.3,35.2,36,36.8,37,37.2
649,98.3,29.15,32.2,34.3,35.3,36.1,36.8,37.1,37.3
650,98.3,29.15,32.3,34.3,35.4,36.2,36.9,37.1,37.4
651,98.3,29.175,32.3,34.4,35.4,36.2,36.9,37.2,37.4
652,98.4,29.2,32.4,34.4,35.5,36.2,37,37.2,37.4
653,98.4,29.225,32.4,34.4,35.5,36.3,37.1,37.2,37.4
654,98.4,29.225,32.4,34.5,35.6,36.3,37.1,37.3,37.5
655,98.4,29.25,32.5,34.6,35.7,36.4,37.2,37.4,37.5
656,98.4,29.325,32.6,34.6,35.8,36.6,37.3,37.5,37.7
657,98.4,29.425,32.7,34.7,35.9,36.7,37.4,37.7,37.9
658,98.4,29.475,32.7,34.8,35.9,36.7,37.5,37.8,37.9
659,98.4,29.475,32.7,34.8,35.9,36.7,37.5,37.8,38
660,98.4,29.45,32.7,34.8,35.9,36.7,37.5,37.7,37.9
661,98.4,29.425,32.7,34.8,35.9,36.7,37.5,37.7,37.9
662,98.3,29.425,32.7,34.8,35.9,36.7,37.5,37.7,37.9
663,98.3,29.425,32.7,34.9,35.9,36.7,37.6,37.8,37.9
664,98.3,29.425,32.8,35,36.1,36.8,37.6,37.9,38
665,98.3,29.525,32.8,35.1,36.2,36.9,37.6,37.9,38.1
666,98.3,29.575,33,35.1,36.3,37,37.8,38,38.2
667,98.3,29.675,33,35.3,36.3,37.1,37.9,38.1,38.3
668,98.3,29.7,33.1,35.3,36.4,37.2,37.9,38.2,38.4
669,98.4,29.775,33.1,35.3,36.4,37.2,38,38.2,38.5
670,98.4,29.775,33.1,35.3,36.5,37.2,38,38.2,38.5
671,98.4,29.85,33.2,35.4,36.5,37.3,38.1,38.3,38.5
672,98.3,29.875,33.2,35.4,36.5,37.3,38.1,38.4,38.6
673,98.3,29.9,33.3,35.5,36.6,37.4,38.2,38.4,38.6
674,98.3,29.975,33.3,35.6,36.6,37.5,38.3,38.5,38.7
675,98.3,30.1,33.4,35.7,36.7,37.6,38.4,38.6,38.8
676,98.3,30.175,33.4,35.7,36.8,37.7,38.5,38.6,38.9
677,98.3,30.3,33.5,35.9,36.9,37.7,38.6,38.8,39
678,98.3,30.375,33.7,36.1,37,37.8,38.6,38.9,39.1
679,98.3,30.5,33.8,36.2,37.1,37.9,38.7,38.9,39.1
680,98.3,30.525,33.8,36.1,37.1,37.9,38.7,38.9,39.1
681,98.3,30.525,33.8,36.2,37.1,37.9,38.7,39,39.1
682,98.3,30.525,33.8,36.2,37.1,37.9,38.7,39,39.1
683,98.3,30.55,33.9,36.2,37.1,38,38.7,39,39.2
684,98.3,30.65,34,36.2,37.2,38,38.8,39,39.2
685,98.2,30.75,34,36.3,37.3,38.1,38.8,39,39.3
686,98.3,30.825,34.1,36.4,37.3,38.2,38.9,39.2,39.3
687,98.3,30.9,34.1,36.6,37.4,38.3,39.1,39.2,39.4
688,98.3,31.025,34.2,36.7,37.5,38.3,39.1,39.3,39.5
689,98.3,31.075,34.3,36.7,37.6,38.4,39.2,39.4,39.6
690,98.3,31.2,34.5,36.8,37.7,38.5,39.3,39.4,39.6
691,98.2,31.275,34.5,36.8,37.8,38.5,39.3,39.5,39.7
692,98.2,31.375,34.6,36.9,37.8,38.6,39.5,39.5,39.8
693,98.3,31.475,34.7,37.1,38,38.7,39.5,39.7,40
694,98.3,31.6,34.8,37.1,38,38.9,39.7,39.8,40
695,98.3,31.75,34.9,37.2,38.2,39,39.8,40,40.1
696,98.4,31.95,35.2,37.5,38.5,39.1,39.9,40.1,40.2
697,98.4,32.15,35.4,37.5,38.6,39.4,40,40.2,40.5
698,98.4,32.2,35.4,37.6,38.6,39.4,40.1,40.2,40.5
699,98.4,32.175,35.4,37.5,38.6,39.3,40.1,40.2,40.5
700,98.4,32.15,35.4,37.5,38.6,39.3,40.1,40.2,40.5
701,98.4,32.175,35.4,37.5,38.6,39.3,40.1,40.2,40.5
702,98.4,32.225,35.4,37.5,38.6,39.3,40.1,40.2,40.4
703,98.3,32.325,35.5,37.7,38.6,39.5,40.2,40.3,40.5
704,98.5,32.425,35.7,37.9,38.8,39.6,40.4,40.4,40.6
705,98.5,32.55,35.7,38,38.8,39.6,40.4,40.5,40.7
706,98.5,32.675,35.8,38,38.9,39.7,40.5,40.5,40.7
707,98.5,32.8,35.9,38,39,39.8,40.5,40.6,40.8
708,98.6,32.875,36,38.2,39.1,39.9,40.6,40.7,40.8
709,98.6,33,36.1,38.2,39.2,39.9,40.6,40.7,40.9
710,98.6,33.05,36.3,38.4,39.2,40,40.7,40.8,41
711,98.6,33.15,36.3,38.4,39.3,40,40.8,40.9,41
712,98.6,33.275,36.4,38.5,39.4,40.1,40.9,40.9,41.1
713,98.6,33.4,36.4,38.6,39.5,40.2,40.9,41,41.2
714,98.5,33.55,36.5,38.7,39.5,40.2,41,41.1,41.3
715,98.5,33.65,36.6,38.8,39.6,40.5,41.1,41.2,41.3
716,98.6,33.725,36.6,38.8,39.7,40.5,41.1,41.3,41.3
717,98.6,33.775,36.7,38.8,39.7,40.5,41.1,41.3,41.3
718,98.6,33.825,36.8,38.8,39.8,40.5,41.1,41.3,41.3
719,98.6,33.9,36.8,38.9,39.8,40.5,41.2,41.3,41.4
720,98.6,33.95,37,38.9,39.9,40.6,41.3,41.4,41.5
721,98.6,34.025,37.1,39.1,40,40.7,41.4,41.5,41.6
722,98.6,34.125,37.1,39.1,40,40.7,41.5,41.6,41.6
723,98.6,34.275,37.2,39.2,40.1,40.8,41.5,41.6,41.7
724,98.6,34.425,37.4,39.3,40.1,41,41.6,41.6,41.8
725,98.6,34.475,37.4,39.4,40.2,41,41.6,41.7,41.9
726,98.6,34.575,37.5,39.4,40.2,41,41.7,41.8,41.9
727,98.6,34.75,37.6,39.5,40.3,41.1,41.7,41.8,42
728,99,34.875,37.8,39.5,40.4,41.1,41.8,41.9,42.1
729,99.2,34.925,38,39.5,40.8,41.4,41.9,42.1,42.2
730,99.5,35.05,38.2,39.5,41,41.6,42.1,42.4,42.5
731,99.5,35.175,38.4,39.6,41.2,41.8,42.2,42.5,42.6
732,99.6,35.4,38.6,39.7,41.3,41.9,42.4,42.6,42.7
733,99.6,35.525,38.6,39.8,41.3,41.9,42.5,42.6,42.7
734,99.7,35.55,38.6,39.8,41.4,41.9,42.5,42.6,42.7
735,99.7,35.675,38.7,39.9,41.4,42,42.5,42.6,42.7
736,99.7,35.875,38.8,40.1,41.4,42,42.6,42.7,42.9
737,99.6,36,38.9,40.4,41.6,42.2,42.7,42.8,42.9
738,99.5,36.15,39,40.5,41.6,42.2,42.8,42.8,42.9
739,98.9,36.325,39,40.7,41.7,42.2,42.8,42.9,42.9
740,98.8,36.475,39,40.7,41.7,42.2,42.8,42.9,42.9
741,98.7,36.575,39.1,41,41.7,42.3,43,43,43.1
742,98.7,36.8,39.2,41.1,41.7,42.3,43,43,43.2
743,98.8,36.85,39.2,41.1,41.7,42.3,43,43,43.2
744,98.6,36.925,39.3,41,41.7,42.4,43.1,43.1,43.2
745,98.7,37.075,39.4,41.2,42,42.6,43.1,43.1,43.3
746,98.7,37.2,39.6,41.2,42,42.6,43.2,43.2,43.4
747,98.7,37.325,39.6,41.3,42.1,42.7,43.3,43.3,43.4
748,98.7,37.475,39.7,41.4,42.2,42.7,43.4,43.5,43.6
749,98.6,37.5,39.8,41.5,42.3,42.9,43.4,43.5,43.6
750,98.6,37.5,39.8,41.5,42.4,43,43.5,43.6,43.7
751,98.6,37.7,39.9,41.6,42.4,43,43.6,43.7,43.8
752,98.6,37.825,40,41.7,42.4,43,43.6,43.7,43.8
753,98.4,37.95,40.1,41.7,42.6,43,43.6,43.8,44
754,98.4,38.1,40.1,41.9,42.6,43.1,43.7,43.8,44
755,98.5,38.2,40.2,42.1,42.7,43.3,43.8,43.9,44
756,98.5,38.275,40.4,42.2,42.9,43.4,43.8,44,44
757,98.4,38.325,40.4,42.2,42.9,43.5,44.1,44.1,44
758,98.3,38.45,40.5,42.2,42.9,43.5,44.1,44.1,44
759,98.2,38.525,40.6,42.3,43.2,43.6,44.2,44.2,44.2
760,98.2,38.725,40.7,42.3,43.2,43.6,44.2,44.2,44.2
761,98.2,38.775,40.8,42.5,43.4,43.7,44.3,44.4,44.3
762,98.3,38.925,40.9,42.6,43.3,43.8,44.4,44.4,44.4
763,98.4,39.25,41.2,42.7,43.4,43.8,44.6,44.4,44.7
764,98.4,39.35,41.3,42.8,43.4,44.1,44.6,44.5,44.8
765,98.4,39.375,41.3,42.8,43.4,44.1,44.6,44.6,44.8
766,98.4,39.45,41.4,42.9,43.4,44.1,44.6,44.7,44.8
767,98.5,39.475,41.4,42.9,43.4,44.1,44.6,44.7,44.8
768,98.2,39.6,41.6,43,43.5,44.1,44.6,44.8,44.8
769,98.4,39.8,41.4,43,43.5,44.1,44.7,44.7,44.8
770,98.4,39.85,41.5,43,43.6,44.1,44.7,44.7,44.8
771,98.5,39.85,41.6,43.1,43.7,44.1,44.7,44.8,44.8
772,98.7,39.9,41.7,43.2,43.8,44.2,44.7,44.9,44.8
773,98.7,40,41.8,43.2,43.8,44.4,44.8,44.9,44.9
774,98.6,40.2,41.9,43.2,43.8,44.5,44.9,45,45
775,98.6,40.25,41.9,43.3,43.8,44.6,44.9,45,44.9
776,98.3,40.375,41.9,43.5,43.9,44.7,45.1,45.2,45
777,98.2,40.45,41.9,43.5,43.9,44.7,45,45.2,45.1
778,98.2,40.5,41.9,43.5,43.9,44.7,45,45.1,45.1
779,98.6,40.525,42.3,43.5,44,44.7,45.1,45.1,45.2
780,98.8,40.9,42.5,43.7,44.1,45,45.3,45.2,45.3
781,98.8,40.85,42.6,43.8,44.1,45,45.3,45.2,45.4
782,98.6,40.925,42.6,43.8,44.1,45,45.3,45.2,45.4
783,98.7,40.95,42.6,43.9,44.2,45,45.3,45.2,45.4
784,98.7,41.025,42.7,43.9,44.4,45.1,45.4,45.3,45.6
785,98.8,41.275,42.9,44.3,44.6,45.1,45.8,45.6,45.7
786,98.8,41.475,43.1,44.3,44.8,45.1,45.8,45.8,45.7
787,98.8,41.7,43.1,44.3,44.9,45.2,45.8,45.9,45.8
788,98.8,41.9,43.2,44.5,45,45.3,45.9,45.9,45.9
789,98.6,42.075,43.3,44.5,45.3,45.3,46,46,46
790,98.4,42.275,43.5,44.9,45.3,45.5,46.1,46.1,46
791,98.4,42.475,43.5,45.1,45.4,45.7,46.2,46.1,46.2
792,98.4,42.525,43.7,45.1,45.4,45.7,46.2,46.1,46.2
793,98.4,42.55,43.7,45.1,45.4,45.8,46.2,46.1,46.2
794,98.4,42.575,43.7,45.1,45.4,45.7,46.2,46.1,46.2
795,98.4,42.575,43.7,45,45.4,45.7,46.2,46.1,46.2
796,98.4,42.575,43.7,45,45.4,45.7,46.2,46.1,46.1
797,98.4,42.6,43.8,45,45.4,45.8,46.2,46.1,46.1
798,98.4,42.7,43.9,45,45.4,45.8,46.2,46.1,46.2
799,98.6,42.925,44,45.1,45.5,45.8,46.2,46.1,46.2
800,98.6,43.025,44.1,45.2,45.6,45.8,46.2,46.3,46.3
801,98.6,43.275,44.2,45.3,45.7,45.9,46.4,46.4,46.3
802,98.7,43.425,44.4,45.5,45.9,46.1,46.5,46.5,46.4
803,98.7,43.675,44.6,45.7,46,46.2,46.7,46.6,46.6
804,98.7,43.825,44.7,45.8,46,46.4,46.7,46.7,46.8
805,98.7,43.925,44.8,46,46,46.6,46.9,46.8,46.9
806,98.7,44.2,45,46.1,46.2,46.6,47.1,47.1,47
807,98.7,44.275,45.1,46.1,46.4,46.7,47.1,47.1,47.1
808,98.7,44.45,45.2,46.2,46.5,46.8,47.1,47.1,47.2
809,98.7,44.55,45.2,46.2,46.6,46.8,47.2,47.2,47.2
810,98.7,44.625,45.3,46.4,46.7,46.9,47.4,47.3,47.3
811,98.7,44.675,45.4,46.4,46.7,47,47.6,47.4,47.3
812,99,44.8,45.5,46.4,46.7,47,47.6,47.4,47.3
813,98.9,44.85,45.7,46.5,46.7,47.1,47.6,47.4,47.3
814,98.8,44.875,45.8,46.7,46.9,47.4,48,47.5,47.5
815,98.7,45,45.8,46.7,47,47.3,48,47.7,47.6
816,98.5,45.1,45.8,46.7,47,47.3,47.9,47.6,47.6
817,98.7,45.225,45.8,46.8,47.1,47.3,47.9,47.7,47.6
818,98.7,45.25,45.8,46.8,47.1,47.4,48,47.7,47.7
819,98.7,45.375,46.2,46.8,47.1,47.4,48,47.7,47.7
820,98.7,45.55,46.4,46.9,47.2,47.6,48,47.8,48.1
821,98.7,46,46.6,47.3,47.6,47.6,48.3,48.1,48.1
822,98.8,46.875,47.2,47.8,48.3,48.2,48.7,48.7,48.7
823,98.8,47.15,47.3,48,48.7,48.7,48.8,49.2,49.1
824,99,46.925,46.7,47.6,47.9,48.3,48.8,49.1,48.8
825,99,46.8,46.7,47.6,47.9,48.3,48.8,48.9,48.9
826,99.1,46.775,46.8,47.6,47.9,48.3,48.8,48.7,48.8
827,98.9,46.825,46.8,47.6,47.8,48.3,48.7,48.7,48.7
828,98.9,46.875,47,47.7,48,48.3,48.8,48.7,48.7
829,98.9,46.8,47,47.7,48,48.1,48.5,48.5,48.5
830,99,46.625,46.9,47.6,47.7,48.1,48.5,48.4,48.4
831,99,46.625,46.9,47.6,47.7,48,48.4,48.3,48.2
832,98.7,46.675,46.9,47.6,47.7,47.9,48.4,48.3,48.2
833,98.7,47.225,46.9,47.8,47.9,48,48.5,48.5,48.4
834,98.8,47.4,47.1,48,48.2,48.4,48.8,48.8,48.8
835,98.8,47.4,47.3,48.1,48.3,48.6,48.9,48.9,48.8
836,98.9,47.225,47.3,47.9,48.1,48.5,48.8,48.8,48.7
837,98.9,47.175,47.3,47.9,48.1,48.5,48.8,48.7,48.6
838,98.8,47.15,47.3,47.9,48.1,48.5,48.7,48.7,48.6
839,98.8,47.25,47.3,47.9,48.1,48.5,48.7,48.7,48.6
840,98.8,47.325,47.3,48.3,48.2,48.5,48.8,48.6,48.6
841,98.8,47.35,47.4,48.4,48.4,48.8,49,48.7,48.6
842,98.8,47.325,47.4,48.3,48.4,48.8,49,48.7,48.7
843,98.7,47.35,47.4,48.3,48.4,48.8,49,48.8,48.7
844,98.8,47.4,47.4,48.4,48.5,48.8,49,48.8,48.7
845,98.4,47.4,47.5,48.3,48.5,48.7,49.1,48.8,48.7
846,98.4,47.4,47.4,48.5,48.6,48.7,49.1,48.9,48.7
847,98.6,47.475,47.4,48.5,48.6,48.7,49,48.8,48.7
848,98.5,47.7,47.5,48.5,48.6,48.7,49.2,48.9,49
849,98.5,47.7,47.6,48.5,48.6,48.7,49,48.9,48.8
850,98.5,47.85,47.7,48.5,48.7,48.7,49,49.2,48.9
851,98.5,47.925,47.7,48.6,48.7,48.8,49,49.2,48.9
852,98.8,47.95,47.7,48.5,48.8,48.8,49,49.2,49
853,98.9,48.075,47.8,48.5,48.8,48.8,49,49.2,49
854,99.2,48.125,47.7,48.6,48.8,48.9,49.2,49.3,49
855,99.1,48.1,47.7,48.7,48.8,48.9,49.3,49.3,49.1
856,99.1,48.2,47.9,48.8,49.3,48.9,49.3,49.4,49.1
857,99.2,48.125,47.9,48.8,49.3,49.2,49.3,49.3,49.1
858,99.2,48.225,48,49.1,49.3,49.2,49.3,49.4,49.2
859,99.1,48.2,48,49,49.3,49.2,49.3,49.5,49.4
860,99.1,48.15,48.2,49,49.2,49.2,49.4,49.6,49.4
861,98.7,48.25,48.3,49.2,49.3,49.7,49.7,49.6,49.5
862,98.5,48.5,48.2,49.2,49.3,49.6,49.7,49.7,49.6
863,98.5,48.625,48.1,49.2,49.3,49.6,49.6,49.7,49.6
864,98.5,48.725,48.5,49.2,49.1,49.6,49.7,49.8,49.7
865,98.7,48.675,48.8,49.2,49.1,49.7,49.7,49.8,49.7
866,99.1,48.85,48.8,49.1,49.1,49.7,49.8,49.7,49.5
867,99.2,48.95,48.6,49.2,49.1,49.7,49.8,49.8,49.6
868,99,48.975,48.8,49.2,49.4,49.7,49.9,49.8,49.9
869,98.6,49.125,48.9,49.3,49.4,49.6,50,49.8,49.9
870,98.6,49.3,48.9,49.3,49.4,49.6,50,49.8,49.9
871,99.1,49.35,48.9,49.5,49.4,49.7,50.1,50.1,49.9
872,99.1,49.4,49,49.5,49.5,49.9,50.1,50.1,49.9
873,99,49.425,49.3,49.5,49.5,50,50.3,50.2,50.1
874,99.1,49.45,49.4,49.5,49.6,50.1,50.3,50.2,50.1
875,98.8,49.55,49.4,49.5,49.5,50,50.3,50.2,49.8
876,98.9,49.65,49.3,49.7,49.7,50,50.4,50.2,49.9
877,99,49.875,49.3,49.8,49.7,50,50.4,50.2,49.9
878,99,49.925,49.3,49.8,49.7,50,50.5,50.3,50
879,98.9,50.25,49.6,50,49.8,50.3,50.5,50.4,50.1
880,99.2,50.45,49.6,50.1,50,50.4,50.6,50.4,50.4
881,99.4,50.85,50.3,50.6,50.6,50.6,50.7,50.9,50.9
882,99.4,51.075,50.3,50.7,50.8,50.7,51,51,50.9
883,99.4,51.225,50.4,50.7,51,50.5,51,51,51
884,99.2,50.975,50.4,50.7,50.9,50.6,50.9,51.2,50.9
885,99.3,50.85,50.4,50.7,50.8,50.5,51,51.1,50.6
886,99.2,50.625,50.2,50.4,50.6,50.3,50.8,50.2,49.9
887,99.1,50.75,50.2,50.4,50.6,50.4,50.8,50.2,50.2
888,99.1,50.85,50.1,50.4,50.6,50.4,50.8,50.3,50.2
889,99.2,50.85,50.1,50.4,50.6,50.4,50.8,50.4,50.2
890,99.3,50.85,50.1,50.4,50.4,50.4,50.8,50.4,50.2
891,99.3,50.975,50.3,50.4,50.5,50.4,50.8,50.5,50.3
892,99.3,51,50.3,50.5,50.5,50.5,51,50.6,50.6
893,99.2,51,50.4,50.6,50.6,50.5,51.1,50.7,50.7
894,99.2,51.05,50.4,50.6,50.7,50.7,51.1,50.8,50.7
895,99.2,51.175,50.5,50.7,50.7,50.7,51.2,50.9,51
896,99.3,51.35,50.8,50.8,50.8,50.9,51.5,51.4,51.2
897,99.4,51.3,50.8,50.8,50.8,50.9,51.4,51.1,51.2
898,99.4,51.375,50.7,50.8,50.8,50.9,51.4,51.1,51.2
899,99.3,51.4,50.6,50.8,50.8,50.9,51.4,51.1,51.2
900,99.2,51.4,50.6,50.8,50.8,50.9,51.4,51.1,51.2
901,99.2,51.5,50.6,51,50.8,50.9,51.4,51.2,51.1
902,99.2,51.6,50.6,51.1,50.8,51,51.4,51.2,51.1
903,99.2,51.575,50.6,51,50.8,50.9,51.4,51.2,51
904,99.2,51.85,50.7,51,51,51.1,51.5,51.3,51.1
905,99.1,51.925,50.9,51.1,51.3,51.2,51.8,51.5,51.4
906,99,51.8,50.9,51.4,51.3,51.1,51.9,51.5,51.4
907,99.1,51.825,50.8,51.3,51.3,51.1,51.8,51.5,51.4
908,99,51.6,50.8,51.3,51.3,51.3,51.8,51.5,51.4
909,99,51.575,50.8,51.3,51.3,51.3,51.7,51.5,51.3
910,99,51.825,50.9,51.3,51.2,51.3,51.7,51.5,51.3
911,99.1,51.825,50.9,51.3,51.1,51.3,51.7,51.5,51.3
912,99.1,51.9,50.9,51.3,51.1,51.2,51.7,51.5,51.3
913,99.1,51.95,51,51.3,51.1,51.3,51.7,51.5,51.3
914,99.1,52,51.1,51.3,51.1,51.4,51.7,51.5,51.3
915,99.2,52.15,51.1,51.4,51.3,51.5,51.8,51.6,51.5
916,99.2,52.35,51.3,51.4,51.3,51.5,51.8,51.7,51.6
917,99.4,52.35,51.4,51.8,52,51.8,51.9,51.8,51.6
918,99.3,52.325,51.4,51.7,52,51.8,52,51.9,51.7
919,99.5,52.175,51.7,51.8,52,51.8,52,51.9,51.9
920,99.7,52.2,51.8,51.9,52,51.8,52,51.9,51.9
921,99.6,52.175,51.4,51.9,51.7,51.8,52,51.8,51.2
922,99.6,52.25,51.4,51.8,51.7,51.8,52.1,51.8,51.3
923,99.5,52.325,51.4,51.8,51.6,51.8,52.1,51.8,51.5
924,99.4,52.375,51.4,51.8,51.6,51.8,52.1,51.8,51.5
925,99.4,52.375,51.4,51.8,51.6,51.8,52.1,51.9,51.7
926,99.3,52.375,51.4,51.8,51.6,51.8,52.1,51.9,51.8
927,99.1,52.375,51.4,51.7,51.6,51.7,52,51.9,51.8
928,99.2,52.5,51.5,51.9,51.6,51.8,52.3,51.9,51.8
929,99.3,52.475,51.6,51.8,51.7,51.8,52.3,51.9,51.8
930,99.2,52.5,51.6,51.8,51.7,51.8,52.3,52,51.8
931,99.2,52.6,51.6,51.8,51.7,52.1,52.3,52,51.8
932,99.2,52.625,51.6,51.8,51.7,52.1,52.3,52,51.9
933,99.2,52.6,51.6,51.8,51.9,52.1,52.3,52,51.8
934,99.2,52.6,51.6,51.8,51.9,52.1,52.3,52.2,51.9
935,99.3,52.6,51.6,51.8,51.9,52,52.4,52.2,51.9
936,99.4,52.65,51.6,51.9,51.9,52,52.4,52.2,51.9
937,99.4,52.725,51.7,51.9,51.9,52.1,52.4,52.2,52
938,99,52.825,51.9,52.2,52,52.2,52.4,52.3,52.1
939,99,52.875,51.9,52.2,52,52.2,52.4,52.4,52.1
940,99,52.875,51.9,52.4,52.2,52.2,52.5,52.5,52.1
941,98.9,52.875,52,52.4,52.2,52.3,52.9,52.6,52.3
942,98.7,52.875,52,52.4,52.2,52.3,52.9,52.5,52.3
943,98.7,52.9,52,52.3,52.1,52.3,52.9,52.5,52.3
944,98.8,53.025,52,52.3,52.2,52.3,52.8,52.4,52.3
945,98.9,53.025,52.1,52.4,52.2,52.4,52.9,52.5,52.5
946,99.2,53.025,52.1,52.4,52.2,52.4,52.9,52.5,52.5
947,99.2,53.05,52.2,52.4,52.3,52.4,52.9,52.5,52.5
948,99.2,53.125,52.3,52.4,52.5,52.5,52.9,52.6,52.5
949,99.2,53.15,52.2,52.5,52.4,52.5,52.8,52.6,52.5
950,99.2,52.025,51.1,51.4,51.3,51.5,51.8,51.1,51.6
951,99.1,50.725,49.9,50.1,50.2,50.3,50.6,50.2,50.4
952,98.9,50.325,49.3,49.7,49.8,49.8,50.4,50.1,50.2
953,98.9,50.3,49.3,49.7,49.7,49.8,50.3,50.1,49.9
954,98.9,50,49.3,49.6,49.3,49.7,49.9,50.1,49.5
955,98.9,49.7,48.9,49,49.1,49.2,49.5,49.4,49.1
956,98.9,49.35,48.5,48.6,48.6,49,49.3,49.3,48.8
957,98.9,48.975,48.1,48.3,48.4,48.5,49,48.8,48.4
958,98.9,48.65,47.9,48.3,48.1,48.2,48.6,48.4,48.3
959,98.9,48.375,47.6,48.1,47.7,48.1,48.2,48.2,48
960,98.9,48.125,47.5,47.9,47.6,47.9,48.2,48.1,47.8
961,98.9,48.025,47.2,47.7,47.6,47.8,48.1,47.8,47.7
962,98.9,47.85,47.2,47.4,47.5,47.7,48,47.8,47.4
963,98.9,47.7,47.2,47.3,47.4,47.5,47.9,47.8,47.4
964,98.9,47.5,46.8,47.2,47.3,47.3,47.6,47.5,47.1
965,98.9,47.325,46.7,47,47.1,47.2,47.5,47.3,47.1
966,98.9,47.225,46.7,46.9,46.8,47.1,47.2,47.2,46.9
967,98.9,46.925,46.5,46.7,46.4,46.8,47.1,47,46.8
968,98.9,46.575,46,46.2,46.2,46.3,46.9,46.6,46.6
969,98.9,46.125,45.5,45.9,45.7,45.8,46.5,46,46
970,98.9,45.6,45,45.4,45.5,45.7,46.1,45.6,45.6
971,98.9,45.575,44.9,45.3,45.3,45.6,45.8,45.5,45.4
972,98.8,45.65,45,45.4,45.4,45.6,45.9,45.6,45.6
973,98.9,45.825,45.1,45.8,45.7,46.2,46.5,46,45.9
974,98.9,46.35,45.6,46.1,46,46.2,46.7,46.2,45.9
975,99,46.5,45.8,46.5,46.1,46.2,46.9,46.5,46.3
976,99,46.5,46,46.5,46.1,46.2,46.8,46.5,46.4
977,98.8,46.5,46,46.5,46.1,46.2,46.8,46.4,46.4
978,99.4,46.6,46.1,46.7,46.3,46.3,46.8,46.5,46.5
979,99.6,47.275,46.8,47.1,47,46.7,47.3,46.8,47.1
980,99.5,48.45,48.2,47.9,47.6,48.1,48.4,47.7,48
981,99.2,49.625,49.5,48.8,48.1,48.7,49.4,48,49
982,100,50.425,49.6,49.3,49.5,49.4,50.5,49.4,49.2
983,100,50.7,50.3,50.4,50.7,50.4,51,50.2,49.5
984,99.9,50.75,50.3,50.2,50.7,50.6,51,50.2,49.7
985,99.1,50.2,49.4,49.6,49.9,50.3,50.4,49.7,49.5
986,99.1,49.3,48.3,48.7,48.7,48.9,49.2,49.1,48.2
987,99.3,48.325,47.4,47.7,47.6,47.6,48,48.1,47.3
988,99.5,47.45,47,46.9,47.2,46.9,47.4,47.2,46.8
989,99.4,47.375,46.9,46.7,47,46.9,47.2,47,46.7
990,99.4,47.45,46.9,46.8,47.1,47,47.3,47.2,46.9
991,99.1,47.625,47.1,47.1,47.1,47.1,47.3,47.5,47.1
992,99.2,48.125,47.4,47.4,47.4,47.4,47.5,47.5,47.4
993,99,49.025,47.8,48.2,48,47.9,47.8,48,48.5
994,98.6,51.5,49.1,49.9,49.6,49.1,49.3,49.3,49.7
995,98.9,52.85,50.4,50.6,50.9,50.3,50.9,50.2,50.5
996,99.1,52.95,51.1,51.2,50.9,50.4,51.1,50.6,51.2
997,99.1,52.6,51.6,51.7,50.9,50.5,51.1,51,51.2
998,99,52.275,51,51.2,50.8,50.4,51.1,51.1,51.1
999,98.9,52.025,50.4,50.8,50.6,50.4,50.9,50.7,50.9
1000,98.8,51.275,50,50.7,50.1,49.9,50.4,50.4,50.1
1001,98.8,50.3,49.4,49.5,49.4,49.4,49.9,49.8,49.1
1002,98.8,49.875,48.7,49.1,48.9,49,49.5,49.3,49
1003,98.8,49.675,48.5,48.7,48.8,49,49.2,48.9,48.8
1004,98.9,49.475,48.5,48.7,48.6,48.7,49.1,48.9,48.7
1005,99,49.425,48.5,48.7,48.6,48.7,49.1,48.9,48.6
1006,99.4,49.375,48.5,48.7,48.6,48.7,49,48.9,48.6
1007,99.3,49.325,48.5,48.6,48.6,48.7,49,48.9,48.6
1008,99.3,49.4,48.5,48.7,48.6,48.8,49,48.9,48.6
1009,99.2,49.275,48.6,48.7,48.6,48.7,49.2,48.9,48.6
1010,99.2,49.275,48.6,48.7,48.6,48.6,49.1,48.9,48.7
1011,99.2,49.4,48.6,48.7,48.6,48.7,49.3,48.9,48.7
1012,99.1,49.675,48.9,48.8,48.8,48.8,49.3,48.9,48.8
1013,99.1,49.925,49,49.1,48.9,48.8,49.4,49.3,49.4
1014,99.1,50.225,49.1,49.5,49.6,49.3,49.9,49.7,49.5
1015,99.7,50.25,49.1,50,49.6,49.8,49.9,49.7,49.7
1016,99.1,50.25,49,49.9,49.6,49.8,49.9,50,49.6
1017,98.8,50.175,49,49.9,49.6,49.7,49.9,50,49.5
1018,98.9,50.1,49,49.9,49.5,49.7,49.9,49.7,49.5
1019,99.2,49.675,48.9,49.3,48.9,49.1,49.8,49.2,49
1020,99.3,49.325,48.6,48.6,48.6,48.7,49.2,49.1,48.9
1021,98.9,49.075,48.4,48.4,48.3,48.6,49.1,48.6,48.6
1022,99,48.975,47.9,48.2,48,48.1,49,48.6,48.4
1023,98.9,48.625,47.7,48,47.9,48,48.8,48.4,48.3
1024,98.9,48.3,47.5,48,47.2,47.7,48.1,48.2,48
1025,98.9,48.15,47.3,47.6,47.2,47.6,47.8,48,47.7
1026,98.9,47.95,46.9,47.6,47.2,47.5,47.8,47.7,47.5
1027,99,47.65,46.8,47.5,47.2,47.5,47.6,47.1,47.4
1028,98.9,47.475,46.8,47.4,47.1,47.4,47.5,47.1,47.3
1029,98.9,47.375,46.7,47.2,47,47.3,47.5,47,47.2
1030,98.9,47.25,46.5,47.1,46.6,47,47.4,46.5,47.1
1031,99,47.2,46.5,47,46.7,46.9,47.4,46.5,47.1
1032,99,46.95,46.4,46.5,46.6,46.7,47.4,46.5,47
1033,98.8,46.9,46.2,46.4,46.3,46.5,47.2,46.5,46.9
1034,98.8,46.825,46.1,46.5,46.3,46,46.7,46.5,46.8
1035,98.8,46.7,45.8,46.5,46.2,45.9,46.7,46.5,46.7
1036,98.6,46.5,45.8,46.2,46.2,45.7,46.3,46.5,46.4
1037,98.6,46.125,45.6,45.6,45.9,45.7,46.3,46.4,46.4
1038,98.6,45.95,45.5,45.5,45.5,45.5,45.7,46,46.2
1039,98.6,45.45,45.1,45.5,45.4,45.5,45.6,45.9,45.7
1040,98.6,45.275,44.8,45.2,45.2,45.3,45.6,45.7,45.3
1041,98.6,45.1,44.7,45,45.1,45.1,45.4,44.9,45.2
1042,98.5,44.825,44.4,44.7,45,45,45.3,44.9,45
1043,98.5,44.8,44.3,44.8,44.8,44.7,45,44.9,44.8
1044,98.4,44.65,44.3,44.5,44.8,44.6,45,44.8,44.8
1045,98.4,44.55,44.2,44.5,44.8,44.4,45,44.8,44.6
1046,98.4,44.275,44,44.5,44.7,44.5,44.9,44.8,44.3
1047,98.5,44.1,44,44.3,44.6,44.5,44.9,44.7,44.3
1048,98.6,44.125,44,44.3,44.6,44.4,44.9,44.7,44.3
1049,98.6,44.05,44,44.3,44,44.4,44.7,44.6,44.1
1050,98.6,44.1,44,44.3,44.1,44.4,44.7,44.3,44.2
1051,98.6,44.05,43.8,44.1,43.9,44.3,44.7,44.4,44.1
1052,98.6,43.925,43.8,44.1,43.9,44.3,44.7,44.5,44.2
1053,98.7,43.875,43.8,44.2,43.9,44.4,44.7,44.5,44.2
1054,98.9,43.85,43.8,44.2,43.9,44.3,44.7,44.5,44.2
1055,98.7,43.925,43.3,44,43.7,44,44.5,44.4,44.2
1056,98.7,43.6,43.3,43.5,43.7,43.7,44.1,44.2,43.9
1057,98.7,43.1,42.6,43,43.6,43.6,43.8,43.7,43.6
1058,98.7,41.725,42.1,42.2,42.9,42.9,43.3,42.9,43.2
1059,98.7,40.7,41.5,41.5,41.7,41.9,42.1,41.7,41.7
1060,98.8,40.4,40.9,40.8,40.8,41.4,41.5,41.2,41
1061,98.6,40.15,40.5,40.6,40.5,41.2,41.1,40.8,41
1062,98.7,39.7,40.3,40.3,40.3,41,41,40.8,40.8
1063,98.7,39.675,40.2,40.2,40.3,40.7,41.2,40.9,40.5
1064,98.8,39.675,40.3,40.2,40.3,40.8,41.2,40.7,40.7
1065,98.8,39.675,40.1,40.2,40.2,40.8,41.5,40.7,40.8
1066,98.7,39.45,39.8,40.2,40.2,40.8,41.1,40.8,40.6
1067,98.8,39.225,39.9,40.2,40.4,40.7,41.1,40.7,40.6
1068,98.9,39,39.7,40.1,40.1,40.1,41,40.3,40.5
1069,98.8,38.75,39.1,39.5,39.8,39.7,40.4,40.2,40
1070,98.8,38.575,38.6,39.2,39.2,39.3,40.4,39.8,39.4
1071,98.8,38.225,38.6,38.9,39.3,39.4,40.3,39.8,39.4
1072,98.8,38.15,38.6,38.9,39.3,39.3,40,39.7,39.4
1073,98.7,38.325,38.4,39,39.3,39.3,40.2,39.9,39.4
1074,98.4,38.225,38.5,39,38.7,39.5,39.9,39.9,39.4
1075,98.3,38.15,38.3,38.9,38.2,39.2,39.8,39.7,39.2
1076,97.8,37.975,38.2,38.4,38.1,39.1,39.8,39.7,38.9
1077,97.9,37.975,38.1,38.3,37.8,38.1,39.8,39.3,38.8
1078,97.9,37.9,37.3,38.1,37.8,38.1,39.7,39.2,38.6
1079,98,37.775,37.3,38.1,38.3,38.2,39.7,39.2,38.6
1080,98.4,37.75,37.3,38.2,38.3,38.3,39.7,39.2,38.6
1081,98.3,37.75,37.4,38.2,38.3,38.4,39.4,39.2,38.8
1082,98.4,37.675,37.4,38.2,38.3,38.3,39.2,39.2,38.7
1083,98.4,37.45,37.5,38.1,38,38.6,39.2,39.2,38.8
1084,98.4,37.075,37.5,38.1,38,38.6,39.2,39.2,38.7
1085,98.5,36.95,37.5,38.1,38,38.8,39.2,39.2,38.7
1086,98.4,37.025,37.5,38.2,38.1,38.8,39.3,39.2,38.6
1087,98.4,37.15,37.5,38.3,38.1,38.8,39.4,39.2,38.5
1088,98.4,37.025,37.3,38.2,38,38.7,39.4,39.2,38.3
1089,98.5,36.85,37,36.8,37.9,38.7,39.1,39,38.2
1090,98.6,36.425,36.9,36.8,37.6,38.2,38.5,38.6,37.3
1091,98.5,36.2,36.2,36.7,37.6,37.8,38.3,38.3,37.3
1092,98.6,36.2,36.1,36.4,37.5,37.8,37.9,38.1,37.3
1093,98.7,36.225,36.2,36.5,37.6,37.9,37.9,38.2,37.4
1094,98.9,36.325,36.1,36.6,37.3,37.9,38,38.5,37.4
1095,98.5,36.225,36.1,36.6,37.5,37.8,37.9,38.3,37.4
1096,98.6,36.025,36.3,36.6,37.3,37.9,38,38.1,37.5
1097,98.6,35.925,35.8,36.5,37.2,37.8,38.1,38,37.2
1098,98.6,35.8,35.7,36.2,36.6,37.8,37.9,37.9,37
1099,99.1,34.85,35.3,35.6,35.9,37.7,37.9,37.7,36.8
1100,99.4,55.925,48.9,67.5,64.3,44.5,59.4,45.8,55.1
