wavelength,S7 Unclean 1,S7 Unclean 2,S7 Unclean 3,S7 Unclean 4,S7 Clean 1,S7 Clean 2,S7 Clean 3,S7 Clean 4
190,2.2,2.1,2.1,2,2,2,2,2
191,2,1.9,1.9,1.9,1.9,1.9,1.8,1.8
192,1.8,1.8,1.8,1.8,1.8,1.8,1.7,1.7
193,1.8,1.7,1.7,1.7,1.8,1.7,1.7,1.7
194,1.7,1.7,1.6,1.6,1.7,1.7,1.6,1.7
195,1.7,1.6,1.6,1.6,1.7,1.6,1.6,1.6
196,1.7,1.6,1.6,1.6,1.6,1.6,1.6,1.6
197,1.7,1.6,1.6,1.6,1.6,1.6,1.6,1.6
198,1.6,1.6,1.6,1.6,1.6,1.6,1.6,1.6
199,1.6,1.6,1.6,1.6,1.6,1.6,1.6,1.6
200,1.6,1.6,1.6,1.6,1.6,1.6,1.6,1.6
201,1.7,1.7,1.6,1.6,1.7,1.7,1.6,1.6
202,1.7,1.7,1.7,1.6,1.7,1.7,1.7,1.7
203,1.8,1.8,1.7,1.7,1.8,1.7,1.7,1.7
204,1.9,1.8,1.8,1.8,1.8,1.8,1.8,1.8
205,2,2,1.9,1.9,2,1.9,1.9,1.9
206,2.2,2.1,2.1,2.1,2.1,2.1,2.1,2.1
207,2.4,2.4,2.3,2.3,2.3,2.3,2.3,2.3
208,2.6,2.6,2.6,2.6,2.6,2.5,2.5,2.5
209,3,2.9,2.9,2.9,2.9,2.9,2.8,2.8
210,3.3,3.3,3.3,3.3,3.2,3.2,3.2,3.2
211,3.8,3.7,3.7,3.7,3.6,3.6,3.6,3.6
212,4.3,4.2,4.2,4.2,4.1,4.1,4.1,4
213,4.8,4.8,4.7,4.7,4.7,4.6,4.6,4.6
214,5.4,5.3,5.3,5.2,5.2,5.2,5.1,5.1
215,5.7,5.5,5.5,5.5,5.5,5.4,5.5,5.3
216,6.1,6,6,5.9,6,5.9,5.8,5.7
217,6.8,6.7,6.6,6.6,6.6,6.5,6.4,6.4
218,7.4,7.4,7.3,7.3,7.3,7.2,7.2,7.1
219,8.2,8.1,8,8,7.9,7.9,7.8,7.8
220,9,8.9,8.8,8.8,8.7,8.6,8.5,8.5
221,9.7,9.6,9.6,9.5,9.4,9.4,9.3,9.2
222,10.4,10.3,10.3,10.2,10.2,10,10,10
223,11.3,11.3,11.2,11.2,11,10.9,10.8,10.8
224,12,11.9,11.9,11.9,11.6,11.6,11.5,11.4
225,12.5,12.4,12.4,12.4,12.1,12,12,11.9
226,12.9,12.8,12.8,12.7,12.5,12.4,12.3,12.3
227,13.2,13.1,13,13,12.7,12.7,12.6,12.6
228,13.2,13.1,13.1,13.1,12.8,12.7,12.7,12.7
229,13.1,13,13.1,13,12.7,12.5,12.6,12.5
230,12.9,12.9,12.9,12.8,12.6,12.5,12.5,12.4
231,12.7,12.7,12.7,12.7,12.4,12.3,12.3,12.3
232,12.5,12.4,12.4,12.4,12.2,12.1,12,12
233,12.2,12.2,12.2,12.2,11.9,11.8,11.7,11.8
234,12,11.9,11.9,11.9,11.6,11.5,11.4,11.4
235,11.6,11.6,11.5,11.5,11.3,11.2,11.2,11.1
236,11.4,11.3,11.3,11.3,11,10.9,10.9,10.8
237,11.1,11,11,10.9,10.7,10.7,10.6,10.5
238,10.8,10.7,10.8,10.7,10.5,10.4,10.3,10.3
239,10.6,10.5,10.5,10.5,10.3,10.2,10.2,10.1
240,10.5,10.4,10.4,10.4,10.2,10.2,10.1,10
241,10.4,10.4,10.3,10.3,10.1,10,10,10
242,10.4,10.4,10.3,10.3,10,10,10,9.9
243,10.4,10.3,10.3,10.3,10,10,9.9,9.9
244,10.4,10.4,10.3,10.3,10,10,10,9.9
245,10.7,10.7,10.6,10.6,10.4,10.3,10.2,10.2
246,11.2,11.1,11.1,11.1,10.8,10.7,10.7,10.7
247,11.6,11.5,11.5,11.5,11.2,11.1,11.1,11
248,11.9,11.9,11.9,12,11.5,11.4,11.4,11.4
249,12.3,12.3,12.3,12.3,11.8,11.8,11.8,11.7
250,12.8,12.7,12.7,12.8,12.3,12.3,12.3,12.2
251,13.6,13.5,13.5,13.5,13.1,13,13,12.9
252,14.4,14.3,14.3,14.3,13.9,13.8,13.8,13.7
253,15.2,15.1,15.1,15,14.6,14.5,14.5,14.4
254,15.9,15.8,15.8,15.8,15.4,15.3,15.2,15.1
255,16.7,16.6,16.6,16.6,16.2,16,15.9,15.9
256,17.6,17.5,17.4,17.4,16.9,16.8,16.7,16.7
257,18.6,18.4,18.3,18.3,17.7,17.7,17.5,17.4
258,19.4,19.3,19.2,19.2,18.6,18.5,18.3,18.2
259,20.3,20.2,20.2,20.2,19.5,19.4,19.3,19.2
260,21.1,20.9,20.9,20.9,20.2,20.1,20,19.9
261,21.6,21.4,21.3,21.3,20.6,20.4,20.4,20.3
262,21.9,21.7,21.7,21.6,20.7,20.8,20.6,20.6
263,22.3,22.2,22.1,22.1,21.2,21.2,21,21
264,22.7,22.6,22.5,22.5,21.8,21.6,21.5,21.4
265,23.1,23,22.9,22.9,22.2,22,21.9,21.8
266,23.7,23.5,23.4,23.4,22.6,22.5,22.3,22.3
267,24.1,23.9,23.8,23.8,23,22.9,22.7,22.7
268,24.4,24.1,24.1,24,23.3,23.2,23,23
269,24.6,24.4,24.2,24.3,23.6,23.4,23.3,23.2
270,24.9,24.6,24.5,24.6,23.8,23.7,23.5,23.4
271,25.2,25,24.9,24.9,24.1,24,23.8,23.7
272,25.3,25.1,25,25,24.3,24.1,23.9,23.9
273,25.3,25.1,24.9,24.9,24.3,24.1,23.9,23.9
274,25.2,25.1,24.9,24.9,24.3,24.1,23.9,23.9
275,25.3,25.1,24.9,24.9,24.3,24.1,23.9,23.9
276,25.5,25.2,25.1,25.1,24.4,24.3,24,23.9
277,25.7,25.4,25.3,25.2,24.5,24.3,24.1,24
278,25.7,25.4,25.3,25.3,24.6,24.4,24.1,24.1
279,25.7,25.4,25.3,25.3,24.6,24.4,24.1,24.1
280,25.8,25.6,25.3,25.3,24.6,24.5,24.3,24.1
281,26.1,25.8,25.6,25.5,24.8,24.6,24.4,24.2
282,26.2,25.9,25.7,25.5,25.1,24.8,24.5,24.3
283,26.2,25.9,25.7,25.5,25.1,24.8,24.5,24.3
284,26.2,25.9,25.7,25.6,25.1,24.7,24.5,24.3
285,26.2,25.9,25.7,25.6,25.1,24.8,24.5,24.3
286,26.4,26,25.9,25.9,25.1,24.8,24.6,24.5
287,26.4,26.1,26,26,25.1,24.9,24.7,24.6
288,26.4,26.1,26,25.9,25.1,25,24.7,24.6
289,26.5,26.2,26.1,26,25.3,25,24.7,24.7
290,26.8,26.4,26.4,26.3,25.4,25.4,25.1,24.9
291,26.8,26.4,26.6,26.3,25.6,25.4,25.2,25
292,26.8,26.4,26.5,26.3,25.6,25.4,25.2,25
293,26.8,26.5,26.6,26.3,25.6,25.4,25.2,25
294,26.9,26.7,26.6,26.3,25.9,25.5,25.3,25.1
295,27.1,26.8,26.6,26.4,26,25.7,25.4,25.2
296,27.1,26.8,26.6,26.6,26.1,25.7,25.4,25.4
297,27.2,26.9,26.7,26.8,26.1,25.7,25.4,25.5
298,27.2,26.8,26.7,26.6,26.1,25.8,25.4,25.5
299,27.1,26.8,26.7,26.6,26,25.7,25.4,25.4
300,27.1,26.9,26.7,26.7,26,25.7,25.4,25.4
301,27.3,26.9,26.9,26.9,26,25.8,25.4,25.5
302,27.5,27,27,27,26.1,25.9,25.5,25.6
303,27.5,27.1,27,27,26.1,26,25.5,25.7
304,27.6,27.3,27.2,27.1,26.2,26,25.6,25.7
305,27.8,27.5,27.5,27.2,26.4,26.1,25.7,25.7
306,27.9,27.7,27.6,27.3,26.6,26.4,26.1,26
307,28.2,27.9,27.8,27.6,26.8,26.7,26.2,26.3
308,28.4,28.2,28,27.8,26.9,26.9,26.5,26.5
309,28.4,28.2,28,28,27.1,26.9,26.6,26.5
310,28.4,28.2,28,28,27.1,26.9,26.6,26.5
311,28.4,28.2,28.1,28,27.1,27,26.6,26.5
312,28.5,28.3,28.2,28.1,27.1,27,26.7,26.6
313,28.7,28.5,28.3,28.3,27.3,27.1,26.9,26.7
314,28.9,28.7,28.5,28.5,27.5,27.3,27,26.9
315,28.8,28.5,28.4,28.2,27.4,27.2,27,26.9
316,28.7,28.4,28.3,28.2,27.4,27.2,26.9,26.9
317,28.9,28.6,28.5,28.4,27.5,27.2,26.9,26.9
318,29.1,28.8,28.7,28.5,27.7,27.4,27.1,27
319,29.1,28.9,28.8,28.6,27.7,27.4,27.2,27.1
320,29.1,28.9,28.8,28.7,27.7,27.5,27.2,27.1
321,29.5,29.2,29.1,29,28,27.8,27.4,27.4
322,30,29.6,29.5,29.4,28.4,28.3,27.9,27.8
323,30.1,29.7,29.6,29.5,28.5,28.3,28,27.9
324,29.9,29.5,29.4,29.3,28.3,28.2,27.9,27.8
325,29.7,29.4,29.3,29.3,28.3,28.1,27.7,27.6
326,29.6,29.4,29.3,29.3,28.2,28.1,27.7,27.6
327,29.7,29.5,29.3,29.3,28.2,28.1,27.7,27.6
328,29.9,29.6,29.5,29.4,28.4,28.1,27.8,27.8
329,30.1,29.8,29.7,29.7,28.5,28.3,28,28
330,30.3,30,29.9,29.9,28.7,28.6,28.2,28.1
331,30.5,30.3,30.1,30,28.9,28.7,28.4,28.3
332,30.6,30.3,30.2,30,29,28.7,28.4,28.3
333,30.5,30.2,30.1,30,28.9,28.7,28.4,28.3
334,30.5,30.2,30.1,30,28.9,28.6,28.4,28.3
335,30.6,30.3,30.2,30.1,28.9,28.7,28.5,28.3
336,30.7,30.4,30.3,30.3,29,28.8,28.6,28.4
337,30.8,30.5,30.4,30.3,29,28.9,28.7,28.5
338,30.8,30.5,30.4,30.4,29.1,28.9,28.7,28.5
339,30.9,30.7,30.6,30.5,29.1,29,28.7,28.6
340,31.1,30.9,30.8,30.7,29.3,29.1,28.9,28.8
341,31.4,31.2,31,31,29.5,29.3,29.1,29
342,31.6,31.3,31.2,31.1,29.6,29.5,29.2,29.1
343,31.6,31.3,31.1,31.1,29.6,29.4,29.2,29
344,31.4,31.1,30.9,30.8,29.5,29.2,28.9,28.7
345,31.2,31,30.8,30.6,29.2,29.1,28.8,28.7
346,31.2,31,30.8,30.7,29.2,29.2,28.8,28.7
347,31.5,31.2,31,30.8,29.4,29.3,28.9,28.9
348,31.7,31.4,31.2,31,29.6,29.4,29.1,28.9
349,31.7,31.4,31.3,31.1,29.6,29.4,29.1,29
350,31.8,31.5,31.3,31.2,29.8,29.6,29.2,29.1
351,32,31.6,31.5,31.4,29.8,29.7,29.3,29.2
352,32,31.7,31.5,31.5,29.9,29.8,29.4,29.2
353,32.2,31.7,31.6,31.5,30,29.8,29.5,29.4
354,32.1,31.9,31.7,31.7,30.1,29.9,29.5,29.4
355,32.1,31.9,31.7,31.7,30.2,29.9,29.6,29.4
356,32.1,31.8,31.6,31.5,30.1,29.9,29.4,29.3
357,31.9,31.7,31.6,31.3,29.9,29.8,29.3,29.2
358,32,31.8,31.6,31.4,30,29.8,29.5,29.3
359,32.1,31.8,31.6,31.6,30.1,29.9,29.5,29.3
360,31.8,31.4,31.3,31.3,29.9,29.8,29.2,29
361,31.3,31,30.9,30.9,29.3,29.2,28.8,28.7
362,31.2,31,30.9,30.8,29.3,29.1,28.7,28.5
363,31.1,30.8,30.9,30.8,29.3,29.2,28.7,28.5
364,31.4,31.1,31,30.8,29.4,29.2,28.8,28.5
365,31.5,31.2,31.1,31,29.4,29.3,28.9,28.7
366,31.6,31.2,31.1,31,29.4,29.3,28.9,28.7
367,31.6,31.3,31.1,31,29.5,29.3,29,28.9
368,31.8,31.4,31.3,31.2,29.6,29.4,29.1,29
369,31.9,31.7,31.4,31.4,29.8,29.5,29.2,29.1
370,31.9,31.7,31.5,31.4,29.8,29.6,29.2,29.1
371,32,31.7,31.5,31.4,29.8,29.6,29.2,29.1
372,32.1,31.7,31.5,31.5,29.8,29.6,29.3,29.1
373,32.1,31.8,31.6,31.5,29.8,29.7,29.3,29.3
374,32.2,31.9,31.7,31.6,29.9,29.7,29.3,29.3
375,32.2,31.9,31.8,31.6,30,29.7,29.3,29.3
376,31.9,31.5,31.5,31.3,29.6,29.4,29,28.9
377,31.7,31.4,31.1,31.1,29.2,29.2,28.6,28.7
378,31.5,31.1,30.7,30.7,29.2,29.2,28.6,28.7
379,31.4,31,30.8,30.8,29.2,29.2,28.6,28.6
380,31.5,31.1,30.9,30.9,29.3,29.2,28.7,28.7
381,31.5,31.2,31,30.9,29.4,29.2,28.8,28.7
382,31.5,31.2,31,30.9,29.3,29.1,28.7,28.7
383,31.5,31.2,31,30.9,29.3,29.1,28.7,28.7
384,31.5,31.2,31,30.8,29.3,29.1,28.7,28.6
385,31.4,31.2,30.9,30.8,29.2,29.1,28.6,28.5
386,31.3,31,30.8,30.7,29.1,29,28.6,28.5
387,31.3,31,30.7,30.7,29.1,29,28.5,28.4
388,31.4,31,30.9,30.9,29.1,28.9,28.6,28.4
389,31.4,31,30.9,30.9,29.2,29,28.6,28.5
390,32,31.6,31.4,31.4,29.8,29.5,29.2,28.9
391,32.5,31.9,31.8,31.8,30.1,29.6,29.3,29.2
392,32.6,32.3,32,31.9,30.3,29.9,29.3,29.2
393,32.6,32.3,32.1,31.9,30.3,29.9,29.4,29.3
394,32.6,32.3,32.1,31.9,30.3,29.9,29.4,29.3
395,32.6,32.3,32.1,32,30.3,29.9,29.6,29.3
396,32.8,32.3,32.1,32,30.4,30.1,29.7,29.5
397,32.8,32.4,32.2,32.1,30.4,30.1,29.8,29.7
398,32.8,32.4,32.2,32.1,30.4,30.1,29.8,29.7
399,32.8,32.4,32.2,32.1,30.4,30.1,29.8,29.7
400,33,32.6,32.3,32.2,30.4,30.2,29.8,29.8
401,33,32.6,32.3,32.2,30.5,30.3,30,29.8
402,33,32.6,32.4,32.3,30.6,30.3,30.1,29.8
403,33,32.6,32.4,32.3,30.5,30.3,30,29.8
404,32.9,32.6,32.3,32.3,30.5,30.3,30,29.8
405,32.9,32.5,32.3,32.3,30.5,30.3,29.9,29.7
406,32.9,32.5,32.3,32.3,30.5,30.3,30,29.7
407,32.9,32.5,32.3,32.3,30.5,30.3,30,29.8
408,33,32.5,32.4,32.3,30.5,30.3,30,29.8
409,33,32.5,32.4,32.4,30.6,30.4,30.1,29.9
410,33,32.5,32.4,32.4,30.6,30.4,30.1,29.9
411,33,32.6,32.4,32.4,30.6,30.4,30.1,29.9
412,33,32.6,32.3,32.4,30.6,30.4,30.1,29.9
413,33,32.6,32.4,32.4,30.7,30.5,30.2,30
414,33,32.6,32.4,32.4,30.7,30.5,30.2,30
415,33,32.6,32.4,32.4,30.8,30.5,30.2,30.1
416,33.1,32.7,32.6,32.5,30.8,30.6,30.3,30.1
417,33.1,32.8,32.6,32.5,30.9,30.7,30.3,30.2
418,33.2,32.9,32.6,32.7,31,30.7,30.4,30.3
419,33.2,33,32.7,32.7,31,30.7,30.4,30.3
420,33.3,33,32.8,32.8,31,30.8,30.5,30.3
421,33.3,33,32.8,32.8,31,30.8,30.5,30.3
422,33.3,33,32.8,32.8,31,30.8,30.5,30.3
423,33.2,33,32.8,32.8,31,30.8,30.5,30.4
424,33.2,33,32.7,32.8,31,30.8,30.5,30.4
425,33.2,33,32.7,32.7,31.1,30.8,30.6,30.4
426,33.2,33,32.7,32.7,31.1,30.8,30.6,30.4
427,33.2,33,32.7,32.7,31.1,30.8,30.5,30.4
428,33.2,33,32.7,32.7,31.2,30.9,30.6,30.4
429,33.2,33,32.7,32.7,31.2,30.9,30.6,30.6
430,33.2,33,32.7,32.7,31.2,30.9,30.6,30.5
431,33.3,33,32.8,32.7,31.3,31,30.6,30.5
432,33.4,33.1,32.9,32.8,31.4,31.1,30.7,30.6
433,33.4,33.1,32.9,32.8,31.4,31.1,30.9,30.7
434,33.4,33.1,32.9,32.9,31.4,31.1,30.9,30.7
435,33.5,33.2,32.9,32.9,31.4,31.1,30.9,30.7
436,33.5,33.2,33,33,31.5,31.2,31,30.8
437,33.6,33.3,33,33,31.5,31.3,31,30.9
438,33.7,33.3,33.1,33.1,31.5,31.4,31.1,30.9
439,33.7,33.4,33.2,33.1,31.6,31.4,31.1,30.9
440,33.7,33.5,33.2,33.1,31.6,31.5,31.1,30.9
441,33.7,33.5,33.3,33.1,31.6,31.5,31.1,31
442,33.8,33.4,33.3,33.2,31.8,31.5,31.2,31.1
443,33.8,33.5,33.3,33.2,31.9,31.7,31.3,31.2
444,33.9,33.5,33.3,33.3,31.9,31.7,31.3,31.3
445,34,33.5,33.4,33.4,32,31.7,31.5,31.3
446,34,33.7,33.5,33.4,32,31.8,31.5,31.3
447,34,33.7,33.5,33.4,32,31.8,31.5,31.3
448,34.1,33.7,33.6,33.5,32,31.8,31.5,31.3
449,34.1,33.8,33.6,33.6,32.1,31.9,31.6,31.4
450,34.2,33.9,33.6,33.7,32.2,32,31.7,31.5
451,34.2,34,33.7,33.7,32.3,32,31.8,31.5
452,34.3,34,33.8,33.7,32.3,32.1,31.8,31.7
453,34.3,34,33.8,33.7,32.3,32.1,31.8,31.7
454,34.4,34.2,33.9,33.8,32.4,32.2,31.9,31.7
455,34.5,34.2,34,33.9,32.5,32.2,31.9,31.8
456,34.5,34.3,34,34,32.5,32.3,32,31.9
457,34.7,34.4,34.1,34,32.7,32.5,32.1,31.9
458,34.9,34.6,34.3,34.3,32.8,32.5,32.2,32.1
459,34.9,34.6,34.5,34.4,32.8,32.6,32.3,32.2
460,34.9,34.6,34.4,34.3,32.8,32.6,32.3,32.2
461,34.9,34.6,34.4,34.3,32.9,32.6,32.3,32.2
462,35,34.6,34.5,34.3,33.1,32.7,32.4,32.3
463,35.1,34.7,34.5,34.5,33.1,32.8,32.4,32.3
464,35.2,34.8,34.6,34.6,33.2,32.9,32.6,32.4
465,35.3,34.9,34.7,34.7,33.2,33,32.7,32.4
466,35.3,35,34.8,34.7,33.3,33.1,32.7,32.5
467,35.4,35.1,34.9,34.8,33.4,33.1,32.8,32.6
468,35.5,35.1,34.9,35,33.6,33.2,32.9,32.7
469,35.5,35.3,35,35,33.6,33.3,32.9,32.8
470,35.7,35.3,35.1,35.1,33.7,33.3,33,32.9
471,35.8,35.4,35.2,35.2,33.9,33.4,33.1,33
472,36,35.5,35.5,35.3,33.9,33.5,33.2,33
473,36.1,35.7,35.5,35.3,33.9,33.6,33.3,33.1
474,36.1,35.7,35.6,35.4,34,33.7,33.4,33.2
475,36.3,35.9,35.8,35.6,34.2,33.9,33.6,33.4
476,36.4,36,35.8,35.8,34.3,34,33.7,33.4
477,36.6,36.1,35.9,35.9,34.4,34.1,33.8,33.6
478,36.6,36.2,36,36,34.5,34.2,33.8,33.7
479,36.7,36.3,36.1,36.1,34.7,34.2,34,33.8
480,37,36.6,36.4,36.4,34.9,34.5,34.2,34
481,37.4,37,36.9,36.8,35.2,34.9,34.7,34.4
482,37.7,37.4,37.2,37.1,35.5,35.2,34.9,34.7
483,37.8,37.4,37.3,37.2,35.5,35.2,35,34.8
484,37.4,37.1,37,36.8,35.2,34.9,34.7,34.5
485,37.2,36.9,36.8,36.7,35.2,34.9,34.6,34.4
486,37.5,37.1,37,36.8,35.5,35.1,34.7,34.6
487,37.6,37.2,37,36.9,35.5,35.1,34.7,34.6
488,37.5,37.2,37,36.9,35.5,35.1,34.7,34.6
489,37.7,37.3,37,37,35.6,35.3,34.8,34.7
490,38,37.6,37.3,37.3,35.8,35.5,35.1,35
491,38.1,37.7,37.4,37.4,35.9,35.6,35.2,35
492,37.9,37.5,37.3,37.2,35.8,35.5,35.1,34.9
493,37.9,37.6,37.4,37.3,36,35.6,35.2,35
494,38.3,37.7,37.6,37.5,36.2,35.8,35.4,35.2
495,38.6,38,37.8,37.9,36.5,35.9,35.6,35.4
496,38.7,38.1,38,38,36.5,36,35.8,35.5
497,38.8,38.2,38,38,36.6,36.1,35.8,35.6
498,38.8,38.2,38.1,38,36.6,36.2,35.9,35.6
499,38.8,38.3,38.2,38.1,36.7,36.3,36,35.7
500,38.9,38.5,38.2,38.1,36.9,36.4,36.1,35.8
501,39.1,38.6,38.3,38.3,37,36.5,36.2,35.9
502,39.2,38.7,38.5,38.4,37.1,36.6,36.3,36
503,39.4,38.8,38.7,38.5,37.1,36.7,36.3,36.2
504,39.4,38.9,38.8,38.6,37.2,36.8,36.4,36.2
505,39.5,39,38.9,38.7,37.3,36.9,36.5,36.3
506,39.7,39.2,39,38.9,37.4,37,36.6,36.4
507,39.8,39.4,39.1,39,37.6,37.1,36.7,36.5
508,40,39.5,39.3,39.1,37.7,37.3,36.9,36.6
509,40,39.5,39.3,39.3,37.7,37.3,36.9,36.7
510,40.1,39.7,39.4,39.4,37.8,37.4,37,36.8
511,40.1,39.7,39.5,39.4,37.9,37.4,37.1,36.8
512,40.2,39.7,39.6,39.4,37.9,37.5,37.1,36.8
513,40.3,39.8,39.6,39.5,38,37.6,37.2,36.9
514,40.5,40.1,39.7,39.7,38.1,37.8,37.3,37.1
515,40.7,40.4,40,40,38.3,37.9,37.6,37.3
516,40.9,40.5,40.3,40.1,38.4,38.1,37.8,37.5
517,40.9,40.5,40.3,40.1,38.5,38.1,37.8,37.5
518,40.9,40.5,40.2,40.1,38.5,38.1,37.8,37.5
519,40.9,40.5,40.2,40.1,38.5,38.1,37.7,37.5
520,41.1,40.5,40.3,40.1,38.5,38.2,37.7,37.5
521,41.3,40.9,40.6,40.5,38.7,38.4,37.8,37.7
522,41.6,41.1,40.8,40.7,38.9,38.7,38.1,37.9
523,41.8,41.2,41,40.9,39.2,38.8,38.5,38.2
524,42,41.4,41.2,41,39.3,39,38.6,38.4
525,42.3,41.6,41.5,41.3,39.5,39.2,38.8,38.4
526,42.5,41.9,41.7,41.6,39.7,39.4,39,38.7
527,42.3,41.8,41.6,41.5,39.7,39.3,38.9,38.7
528,41.8,41.4,41.2,41.2,39.3,38.9,38.5,38.2
529,41.8,41.3,41,41,39.3,38.8,38.4,38.2
530,41.9,41.4,41.2,41.1,39.5,39.1,38.5,38.3
531,42.2,41.8,41.5,41.5,39.7,39.3,38.7,38.5
532,42.3,41.9,41.5,41.5,39.7,39.3,38.8,38.6
533,42.3,41.9,41.5,41.5,39.7,39.3,38.8,38.6
534,42.4,42,41.7,41.6,39.8,39.4,38.8,38.7
535,42.6,42.1,41.8,41.7,40,39.5,39,38.8
536,42.6,42.2,41.9,41.8,40,39.6,39.1,38.8
537,42.9,42.4,42,42,40.2,39.8,39.2,39
538,43.4,42.8,42.5,42.4,40.6,40.2,39.7,39.2
539,43.6,43.1,42.8,42.7,41,40.5,40.1,39.7
540,43.5,43.1,42.9,42.7,40.9,40.4,39.9,39.7
541,43.2,42.9,42.7,42.5,40.7,40,39.6,39.5
542,43.3,42.7,42.5,42.3,40.6,40,39.6,39.4
543,43.3,42.7,42.5,42.4,40.6,40.1,39.6,39.3
544,43.4,42.9,42.6,42.6,40.8,40.2,39.8,39.4
545,43.5,42.9,42.7,42.6,40.8,40.4,39.8,39.5
546,43.6,43.1,42.7,42.6,40.9,40.4,39.9,39.6
547,43.6,43.1,42.7,42.6,40.9,40.5,40,39.6
548,43.7,43.1,42.8,42.7,41,40.5,40.1,39.7
549,43.9,43.3,43.1,42.9,41.1,40.6,40.2,39.7
550,44.2,43.5,43.4,43.2,41.3,40.9,40.4,40
551,44.4,43.7,43.5,43.4,41.4,41,40.5,40.2
552,44.4,43.8,43.5,43.5,41.5,41,40.5,40.2
553,44.4,43.9,43.6,43.5,41.6,41.1,40.6,40.3
554,44.5,43.9,43.6,43.5,41.7,41.3,40.7,40.5
555,44.6,44,43.7,43.6,41.8,41.3,40.8,40.6
556,44.7,44.1,43.8,43.8,41.9,41.4,40.9,40.6
557,44.8,44.3,44,44,42,41.5,41.1,40.8
558,44.9,44.5,44.1,44,42.1,41.7,41.1,40.9
559,45,44.6,44.3,44.2,42.2,41.8,41.3,41.1
560,45.5,45,44.7,44.5,42.7,42.3,41.8,41.5
561,45.8,45.3,44.9,44.8,42.9,42.5,42,41.8
562,46.1,45.5,45.1,44.9,43.2,42.8,42.2,41.9
563,46.2,45.7,45.4,45.1,43.3,43,42.3,42.2
564,46.2,45.8,45.5,45.3,43.5,43.1,42.4,42.3
565,46.3,45.8,45.5,45.4,43.5,43.1,42.5,42.4
566,46.3,45.8,45.5,45.4,43.5,43.2,42.5,42.4
567,46.3,45.8,45.6,45.5,43.5,43.2,42.5,42.4
568,46.5,45.9,45.7,45.5,43.6,43.4,42.7,42.5
569,46.7,46.1,45.9,45.7,43.8,43.6,42.9,42.6
570,46.7,46.2,46,45.8,43.8,43.6,42.9,42.7
571,46.7,46.2,46,45.8,43.9,43.6,43,42.7
572,46.7,46.2,45.9,45.8,43.9,43.6,43,42.7
573,46.7,46.2,45.9,45.8,43.9,43.6,43,42.7
574,46.9,46.3,46,46,43.9,43.7,43,42.7
575,46.9,46.3,46,46,43.9,43.7,43,42.7
576,46.9,46.3,46,45.9,44,43.7,43,42.8
577,46.9,46.3,46,45.9,44,43.7,43.1,42.8
578,47,46.4,46.1,46.1,44,43.7,43.1,42.8
579,47.1,46.6,46.2,46.2,44.2,43.9,43.2,43
580,47.3,46.6,46.3,46.3,44.3,44,43.4,43.1
581,47.3,46.7,46.5,46.4,44.4,44.2,43.5,43.3
582,47.4,46.9,46.7,46.6,44.5,44.2,43.6,43.4
583,47.6,46.9,46.7,46.6,44.6,44.3,43.8,43.5
584,47.6,47,46.7,46.7,44.6,44.4,43.8,43.6
585,47.7,47.1,46.9,46.9,44.7,44.6,43.9,43.7
586,47.8,47.2,47,46.9,44.9,44.6,44,43.8
587,47.9,47.4,47.1,47,44.9,44.7,44.1,43.8
588,47.9,47.4,47.2,47.1,45,44.8,44.2,44
589,47.9,47.4,47.2,47.1,45.1,44.8,44.2,44
590,48,47.4,47.2,47.2,45.1,44.8,44.2,44
591,48,47.5,47.2,47.2,45.1,44.9,44.3,44
592,48.2,47.7,47.4,47.4,45.3,45,44.4,44.1
593,48.3,47.8,47.7,47.5,45.4,45.2,44.5,44.3
594,48.6,48,47.8,47.7,45.6,45.3,44.8,44.5
595,48.6,48,47.9,47.8,45.6,45.3,44.8,44.6
596,48.5,48,47.8,47.7,45.6,45.3,44.8,44.6
597,48.4,47.9,47.7,47.7,45.5,45.3,44.8,44.4
598,48.4,47.9,47.6,47.6,45.4,45.3,44.6,44.3
599,48.6,47.9,47.7,47.6,45.5,45.3,44.7,44.3
600,48.7,48.1,47.9,47.9,45.7,45.4,44.8,44.5
601,48.8,48.3,48.1,48.1,45.9,45.6,45.1,44.9
602,49.1,48.5,48.4,48.3,46.1,45.9,45.2,45.1
603,49.1,48.6,48.4,48.4,46.2,46,45.4,45.2
604,49.1,48.6,48.4,48.4,46.1,45.9,45.3,45.1
605,48.9,48.5,48.3,48.2,46,45.8,45.2,45.1
606,48.9,48.5,48.3,48.2,46,45.8,45.1,45.1
607,49,48.5,48.3,48.3,46.2,46,45.3,45.1
608,49.3,48.7,48.5,48.4,46.3,46,45.5,45.2
609,49.3,48.7,48.5,48.5,46.2,45.9,45.4,45.2
610,49.3,48.7,48.5,48.5,46.2,45.9,45.4,45.2
611,49.3,48.7,48.4,48.4,46.2,45.9,45.4,45.1
612,49.3,48.7,48.4,48.5,46.2,45.9,45.4,45.1
613,49.4,48.9,48.5,48.5,46.2,46.1,45.5,45.2
614,49.5,48.9,48.6,48.6,46.3,46.1,45.6,45.3
615,49.5,49,48.8,48.7,46.5,46.2,45.6,45.4
616,49.6,49.1,48.8,48.8,46.6,46.3,45.7,45.5
617,49.7,49.2,48.9,48.9,46.7,46.4,45.8,45.6
618,49.7,49.2,48.9,48.9,46.7,46.5,45.9,45.7
619,49.8,49.3,49,49,46.8,46.5,45.9,45.7
620,49.9,49.3,49,49.1,46.9,46.6,46,45.8
621,50.1,49.4,49.2,49.3,46.9,46.7,46.1,45.9
622,50.2,49.6,49.3,49.4,47,46.8,46.2,46
623,50.2,49.6,49.4,49.4,47.1,46.9,46.3,46.1
624,50.3,49.8,49.6,49.5,47.2,46.9,46.4,46.2
625,50.5,49.9,49.6,49.6,47.3,47,46.5,46.3
626,50.5,49.9,49.6,49.6,47.3,47,46.5,46.3
627,50.4,49.9,49.6,49.6,47.3,47,46.5,46.3
628,50.4,49.9,49.6,49.6,47.2,47,46.5,46.3
629,50.4,49.9,49.6,49.6,47.3,47,46.5,46.2
630,50.5,49.9,49.6,49.6,47.3,47.1,46.5,46.3
631,50.5,50,49.7,49.7,47.4,47.2,46.5,46.3
632,50.6,50,49.9,49.8,47.6,47.3,46.7,46.4
633,50.7,50.1,49.9,49.9,47.6,47.3,46.7,46.5
634,50.7,50.2,49.9,49.9,47.6,47.3,46.7,46.5
635,50.7,50.2,49.9,49.9,47.6,47.3,46.8,46.6
636,50.8,50.3,50,50,47.7,47.4,46.9,46.6
637,50.8,50.3,50.1,50,47.7,47.4,46.9,46.6
638,50.9,50.4,50.2,50.1,47.7,47.5,46.9,46.7
639,51,50.5,50.2,50.2,47.8,47.6,47,46.7
640,51.1,50.5,50.3,50.3,47.9,47.7,47,46.8
641,51.2,50.6,50.4,50.3,48,47.7,47.2,47
642,51.3,50.7,50.5,50.5,48,47.8,47.3,47.1
643,51.3,50.8,50.5,50.6,48.1,47.9,47.4,47.2
644,51.4,50.9,50.6,50.6,48.2,47.9,47.5,47.2
645,51.5,50.9,50.7,50.7,48.3,48,47.5,47.3
646,51.5,51,50.8,50.7,48.4,48.1,47.6,47.4
647,51.5,51,50.8,50.8,48.4,48.1,47.6,47.4
648,51.6,51.1,50.9,50.9,48.4,48.1,47.7,47.4
649,51.7,51.1,50.9,50.9,48.4,48.2,47.7,47.5
650,51.8,51.2,51,51,48.5,48.3,47.8,47.6
651,51.8,51.3,51,51,48.6,48.3,47.9,47.7
652,51.9,51.3,51,51,48.6,48.4,47.9,47.7
653,51.9,51.3,51.1,51,48.6,48.4,47.9,47.7
654,52,51.4,51.1,51.1,48.7,48.5,48,47.7
655,52,51.5,51.2,51.3,48.8,48.5,48,47.8
656,52,51.6,51.4,51.3,48.9,48.7,48.2,47.9
657,52.2,51.8,51.6,51.5,49,48.9,48.4,48.1
658,52.3,51.9,51.7,51.6,49.1,48.9,48.4,48.2
659,52.3,51.9,51.7,51.6,49.1,48.9,48.4,48.2
660,52.3,51.8,51.6,51.6,49.1,48.8,48.3,48.1
661,52.2,51.8,51.5,51.5,49.1,48.8,48.2,48.1
662,52.2,51.8,51.5,51.5,49.1,48.7,48.2,48
663,52.3,51.8,51.5,51.5,49.1,48.8,48.2,48
664,52.4,51.9,51.5,51.5,49.1,48.8,48.3,48
665,52.5,51.9,51.7,51.6,49.2,48.9,48.3,48.1
666,52.6,52,51.8,51.7,49.3,48.9,48.5,48.3
667,52.6,52.1,51.9,51.8,49.4,49.1,48.5,48.4
668,52.7,52.2,51.9,51.9,49.4,49.2,48.6,48.5
669,52.7,52.2,52,51.9,49.5,49.2,48.6,48.5
670,52.8,52.2,52,51.9,49.5,49.2,48.7,48.5
671,52.9,52.2,52,52,49.5,49.2,48.7,48.5
672,52.9,52.2,52.1,52,49.5,49.3,48.7,48.5
673,52.9,52.3,52.1,52.1,49.6,49.4,48.7,48.6
674,53,52.4,52.1,52.1,49.6,49.4,48.8,48.6
675,53,52.5,52.2,52.2,49.6,49.4,48.9,48.7
676,53.1,52.6,52.3,52.3,49.8,49.5,49,48.8
677,53.2,52.7,52.4,52.5,49.9,49.7,49,48.9
678,53.3,52.8,52.5,52.5,49.9,49.8,49.2,49
679,53.3,52.8,52.5,52.6,50,49.8,49.2,49
680,53.3,52.8,52.5,52.6,50,49.8,49.2,49
681,53.3,52.8,52.5,52.6,50,49.8,49.2,49
682,53.3,52.8,52.5,52.6,49.9,49.7,49.2,49
683,53.3,52.8,52.5,52.6,50,49.7,49.2,49
684,53.4,52.8,52.5,52.6,50,49.8,49.2,49
685,53.5,52.8,52.6,52.6,50.1,49.8,49.2,49
686,53.5,52.9,52.7,52.7,50.1,49.9,49.3,49.1
687,53.5,52.9,52.7,52.8,50.2,50,49.4,49.2
688,53.6,53,52.7,52.8,50.2,50.1,49.4,49.3
689,53.7,53.1,52.8,52.9,50.2,50.1,49.4,49.4
690,53.7,53.1,52.9,53,50.3,50.2,49.5,49.4
691,53.7,53.1,53,53,50.3,50.2,49.5,49.4
692,53.8,53.2,53,53,50.3,50.2,49.6,49.4
693,53.9,53.3,53.1,53.1,50.4,50.3,49.7,49.5
694,53.9,53.4,53.1,53.2,50.5,50.3,49.8,49.6
695,54,53.6,53.2,53.3,50.6,50.4,49.9,49.8
696,54.2,53.7,53.5,53.5,50.8,50.5,50,49.9
697,54.3,53.9,53.7,53.7,51,50.8,50.3,50.1
698,54.2,53.8,53.7,53.7,51.1,50.7,50.3,50.2
699,54.2,53.8,53.6,53.7,51,50.6,50.3,50.1
700,54.2,53.7,53.5,53.6,50.9,50.6,50.2,50
701,54.1,53.7,53.5,53.5,50.9,50.5,50.1,50
702,54.2,53.7,53.5,53.5,50.9,50.5,50.1,49.9
703,54.2,53.7,53.5,53.5,50.8,50.5,50.1,49.9
704,54.2,53.7,53.5,53.5,51,50.6,50.2,49.9
705,54.3,53.7,53.6,53.5,51,50.8,50.2,50
706,54.3,53.8,53.6,53.6,51,50.8,50.2,50.1
707,54.4,54,53.6,53.6,51,50.9,50.3,50.2
708,54.4,54,53.8,53.7,51.1,50.9,50.4,50.2
709,54.5,54,53.8,53.8,51.2,51,50.5,50.3
710,54.6,54.1,53.8,53.8,51.3,51,50.5,50.3
711,54.6,54.1,53.9,53.9,51.3,51,50.6,50.4
712,54.6,54.2,53.9,53.9,51.3,51,50.6,50.4
713,54.6,54.2,53.9,54,51.4,51.2,50.6,50.4
714,54.8,54.3,54.1,54,51.5,51.2,50.7,50.5
715,54.8,54.4,54.1,54.1,51.5,51.3,50.7,50.6
716,54.8,54.4,54.1,54.1,51.5,51.3,50.7,50.6
717,54.8,54.4,54.1,54.1,51.5,51.3,50.8,50.6
718,54.9,54.4,54.2,54.2,51.5,51.3,50.8,50.6
719,54.9,54.4,54.2,54.2,51.5,51.3,50.9,50.7
720,54.9,54.5,54.2,54.2,51.5,51.4,50.9,50.7
721,54.9,54.5,54.3,54.2,51.6,51.4,51,50.7
722,55,54.6,54.3,54.3,51.6,51.4,51,50.8
723,55.1,54.6,54.4,54.4,51.7,51.5,51,50.9
724,55.1,54.7,54.4,54.4,51.8,51.6,51.1,50.9
725,55.2,54.8,54.5,54.5,51.8,51.7,51.2,51
726,55.3,54.9,54.6,54.6,51.8,51.8,51.3,51.1
727,55.4,55,54.7,54.8,51.9,51.8,51.3,51.2
728,55.4,55,54.8,54.8,52,51.8,51.5,51.4
729,55.4,55,54.8,54.8,52.2,51.8,51.6,51.5
730,55.4,55.1,54.9,54.7,52.2,51.9,51.6,51.5
731,55.4,55.1,55,54.7,52.5,52,51.8,51.7
732,55.4,55.1,55,54.7,52.6,52,51.9,51.7
733,55.4,55.1,55,54.7,52.6,52.1,51.9,51.8
734,55.3,55.2,54.9,54.6,52.5,52,51.9,51.8
735,55.3,55.2,55,54.7,52.5,52,51.9,51.8
736,55.3,55.2,54.9,54.7,52.6,52.1,51.9,51.8
737,55.3,55.3,54.9,54.7,52.6,52.1,51.8,51.8
738,55.5,55.3,55,54.8,52.6,52.1,51.8,51.8
739,55.6,55.3,55,54.8,52.5,52.1,51.8,51.7
740,55.6,55.2,55,54.9,52.5,52.1,51.8,51.7
741,55.7,55.3,55.1,55,52.5,52.2,51.8,51.7
742,55.7,55.3,55.2,55.1,52.5,52.2,51.8,51.6
743,55.7,55.3,55.2,55,52.5,52.4,51.8,51.6
744,55.8,55.3,55.3,55.1,52.5,52.4,51.9,51.6
745,55.9,55.4,55.3,55.2,52.6,52.4,51.9,51.7
746,56,55.5,55.3,55.3,52.6,52.5,52,51.7
747,56,55.5,55.3,55.3,52.7,52.5,52,51.7
748,56,55.5,55.4,55.4,52.7,52.5,52,51.7
749,56.1,55.6,55.4,55.4,52.7,52.6,52,51.7
750,56.1,55.6,55.5,55.4,52.8,52.7,52.1,51.8
751,56.2,55.7,55.4,55.4,52.9,52.7,52.1,51.9
752,56.2,55.7,55.5,55.5,52.9,52.7,52,51.9
753,56.2,55.8,55.5,55.4,52.9,52.7,52,51.9
754,56.2,55.7,55.5,55.4,53.1,52.9,52.2,51.9
755,56.3,55.7,55.6,55.4,53.1,52.9,52.2,52
756,56.3,55.6,55.6,55.5,53.2,52.9,52.2,52
757,56.3,55.7,55.6,55.4,53.1,52.9,52.2,51.9
758,56.5,55.7,55.6,55.7,53.1,52.9,52.2,51.9
759,56.5,55.8,55.6,55.6,53,52.8,52.2,51.9
760,56.5,55.8,55.6,55.6,53,52.7,52.2,51.9
761,56.4,55.9,55.7,55.5,53.1,52.6,52.2,52.1
762,56.5,56,55.7,55.5,53.2,52.7,52.4,52.2
763,56.7,56,56.1,55.8,53.3,52.9,52.6,52.3
764,56.8,56.2,56.1,56,53.4,53,52.7,52.3
765,56.8,56.2,56,56,53.3,52.9,52.6,52.3
766,56.8,56.2,56,55.8,53.3,52.9,52.6,52.2
767,56.7,56.1,56,55.8,53.3,52.9,52.6,52.2
768,56.8,56.1,55.9,55.8,53.2,52.9,52.4,52.2
769,56.6,56,55.8,55.7,53.4,53,52.5,52.3
770,56.6,56,55.8,55.8,53.5,53,52.5,52.3
771,56.6,56,55.7,55.8,53.6,53,52.5,52.3
772,56.6,56.1,55.8,55.8,53.6,53,52.5,52.3
773,56.6,56.1,55.8,55.8,53.7,52.9,52.8,52.3
774,57,56.2,56.2,55.9,53.7,53,52.6,52.3
775,57.1,56.2,56.2,55.9,53.7,53,52.6,52.3
776,57.1,56.3,56.3,56,53.7,53,52.8,52.3
777,57.1,56.5,56.2,56.1,53.9,53.1,52.8,52.3
778,57.1,56.6,56.2,55.9,53.9,53.1,52.8,52.3
779,57,56.6,56.4,55.9,53.9,53.2,52.9,52.4
780,57,56.5,56.4,56,53.8,53.2,52.9,52.4
781,56.8,56.5,56.3,56,53.8,53.1,52.9,52.4
782,56.8,56.5,56.3,56,53.8,53.1,52.9,52.4
783,56.9,56.6,56.5,56.1,53.8,53.1,52.9,52.4
784,56.9,56.6,56.7,56.1,53.9,53.3,52.9,52.7
785,56.9,56.6,56.5,56,53.9,53.3,52.8,52.7
786,56.9,56.6,56.5,56,53.9,53.6,52.9,52.7
787,57.2,56.7,56.6,56.3,53.9,53.6,52.9,52.7
788,57.4,56.8,56.6,56.7,53.9,53.6,53,52.8
789,57.4,56.9,56.7,56.7,54,53.7,53,52.9
790,57.5,57,56.7,56.7,54,53.9,53.1,52.9
791,57.6,57,56.8,56.7,54.1,54,53.2,53
792,57.8,57.3,56.8,56.9,54.2,54,53.3,53
793,57.8,57.2,56.8,56.9,54.2,54,53.3,53
794,57.8,57.2,56.8,56.9,54.2,54,53.3,53
795,57.8,57.2,56.8,56.8,54.2,53.9,53.2,53
796,57.8,57.1,56.7,56.8,54.1,53.8,53.1,52.9
797,57.7,57,56.7,56.7,54,53.8,53.1,52.9
798,57.6,56.9,56.7,56.7,54,53.8,53.1,52.9
799,57.5,56.9,56.7,56.7,54,53.8,53.1,53
800,57.6,56.9,56.8,56.7,54,53.8,53.2,53
801,57.6,57,56.8,56.8,54.2,53.9,53.4,53.2
802,57.6,57.2,56.9,56.9,54.2,54.1,53.6,53.4
803,57.6,57.4,57.1,57.1,54.4,54.3,53.8,53.5
804,58,57.5,57.2,57.3,54.5,54.4,53.9,53.6
805,58,57.6,57.4,57.4,54.7,54.5,54,53.9
806,58.1,57.6,57.4,57.5,54.8,54.6,54.3,54.1
807,58.1,57.8,57.5,57.5,54.8,54.7,54.3,54.1
808,58.3,57.8,57.5,57.6,54.8,54.7,54.3,54.1
809,58.4,57.8,57.6,57.6,54.9,54.7,54.3,54.1
810,58.4,57.9,57.6,57.7,54.9,54.8,54.3,54.1
811,58.4,57.8,57.6,57.8,54.9,54.8,54.3,54.1
812,58.4,57.8,57.6,57.8,55,54.8,54.3,54.1
813,58.4,57.9,57.8,57.8,55.2,55,54.5,54.3
814,58.4,58,57.8,57.8,55.2,55,54.5,54.3
815,58.5,58.1,57.8,57.7,55.1,54.9,54.5,54.3
816,58.5,58.1,57.9,57.8,55.1,54.9,54.4,54.3
817,58.6,58.4,57.9,58.2,55.1,54.8,54.4,54.2
818,58.7,58.4,58,58.2,55.2,55,54.5,54.2
819,59,58.6,58.3,58.2,55.3,55.2,54.6,54.4
820,59,58.6,58.3,58.2,55.4,55.2,54.8,54.5
821,59.1,58.7,58.5,58.5,55.7,55.6,55.1,55
822,59.7,59.4,59.2,59.1,56.6,56.2,56,55.9
823,59.9,59.5,59.4,59.3,56.9,56.5,56.2,56.1
824,59.4,59.1,59.2,58.7,56.5,55.7,56.1,55.7
825,58.8,58.4,58.4,58.6,56.1,55.5,55.7,55.5
826,58.6,58.5,58.2,58.5,55.8,55.5,55.5,55.4
827,58.8,58.4,58.2,58.4,55.8,55.5,55.1,54.9
828,59.1,58.7,58.4,58.6,55.8,55.5,55.1,54.9
829,59,58.7,58.4,58.5,55.7,55.4,55,54.9
830,58.9,58.7,58.4,58.6,55.7,55.5,55,54.9
831,58.9,58.7,58.4,58.5,55.7,55.5,55,54.9
832,58.9,58.7,58.4,58.5,55.8,55.5,55,54.9
833,59.5,58.7,58.6,58.8,56,55.6,55.1,55.1
834,59.7,58.9,58.9,59.1,56.4,56.3,55.7,55.6
835,59.5,58.9,58.8,58.9,56.3,56.1,55.6,55.4
836,59.3,58.8,58.7,58.8,55.9,55.9,55.3,55.2
837,59.3,58.8,58.6,58.6,55.9,55.8,55.3,55.1
838,59.3,58.9,58.6,58.6,55.9,55.8,55.2,55
839,59.4,58.9,58.6,58.8,55.9,55.7,55.2,54.9
840,59.4,58.9,58.6,58.9,56,55.7,55.1,54.9
841,59.5,58.9,58.7,58.9,56.4,55.9,55.3,55
842,59.5,59,58.7,59,56.4,56,55.4,55
843,59.4,59.1,58.7,59,56.3,55.7,55.4,55
844,59.3,59,58.7,58.9,56.3,55.7,55.4,55
845,59.4,59,58.7,58.7,56.3,55.7,55.4,55
846,59.4,59,58.7,58.7,56.2,55.5,55.4,55
847,59.4,58.7,58.7,58.6,56.1,55.5,55.4,55
848,59.4,58.8,58.7,58.6,55.9,55.5,55.4,54.9
849,59.3,59.1,58.7,58.7,56,55.7,55.2,55
850,59.3,59.4,58.7,58.6,55.6,55.5,54.8,54.9
851,59.4,59.4,58.7,59,55.7,55.5,54.9,54.9
852,59.4,59.3,58.7,58.9,55.9,55.5,54.9,54.9
853,59.1,58.9,58.5,58.7,55.9,55.5,55,54.9
854,59.3,58.9,58.7,58.7,56,55.5,55,55
855,59.5,59,59.1,58.8,56,55.5,55.1,55
856,59.5,59,59,58.8,56.3,55.6,55.1,54.9
857,59.5,59.1,58.9,58.8,56.6,56,55.2,55.2
858,59.6,59,58.9,58.7,56.3,56,55.2,55.1
859,59.8,58.8,58.9,58.7,56.2,56,55.4,55.1
860,59.8,58.8,58.9,58.7,56.2,55.9,55.3,55.1
861,59.5,58.8,58.9,58.7,56.1,55.9,55.3,55.1
862,59.6,58.8,58.9,58.9,55.9,55.7,55.1,55.1
863,59.6,58.9,58.9,58.9,56.1,55.8,55.2,55.1
864,59.6,58.9,58.8,59.1,56.3,55.9,55.4,55.2
865,59.7,59,59,59.1,56.4,56.2,56.1,55.4
866,59.7,59,59,59.2,56.5,56.1,56.1,55.7
867,59.7,59.4,59,59.2,56.5,56.2,56.1,55.7
868,59.8,59.5,59.1,59.2,56.5,56.4,56,55.7
869,59.8,59.5,59.1,59.2,56.6,56.4,56,55.7
870,59.8,59.4,59.1,59.2,56.6,56.4,56,55.7
871,59.8,59.5,59.1,59.2,56.6,56.4,56,55.8
872,59.9,59.5,59.2,59.2,56.6,56.3,56.4,55.9
873,60.1,59.6,59.2,59.4,56.6,56.3,56.4,55.9
874,60.2,59.6,59.2,59.5,56.6,56.4,56.4,55.9
875,60.2,59.8,59.2,59.5,56.8,56.6,56.4,56
876,60.3,59.9,59.2,59.5,56.8,56.6,56.3,55.9
877,60.2,59.9,59.3,59.5,56.8,56.6,56.3,55.9
878,60.2,59.9,59.4,59.5,56.8,56.6,56.3,55.9
879,60.3,59.9,59.5,59.6,57,56.9,56.4,56.3
880,60.3,59.9,59.6,59.7,57.1,57.1,56.7,56.6
881,60.3,60.3,60.2,60.3,57.3,57.4,57.2,57
882,60.3,60.5,60.2,60.3,57.5,58,57.5,57.4
883,60.2,60.3,60.2,60.3,57.5,57.4,57.5,57.2
884,60,60.4,60.2,60.3,57.4,57.3,57.3,56.4
885,60.4,60.4,60.1,60.4,57.4,57.2,57.2,56.4
886,60.2,60.4,59.9,60.4,57.4,57.4,57.1,56.4
887,60.8,60.4,60,60.3,57.4,57.3,57,56.3
888,61,60.4,60.2,60.4,57.4,57.3,57,56.4
889,61,60.4,60.2,60.4,57.4,57.3,57,56.4
890,60.8,60.4,60.1,60.4,57.5,57.3,56.9,56.4
891,60.7,60.4,60,60.3,57.4,57.2,56.9,56.5
892,60.7,60.4,60.1,60.3,57.4,57.2,56.9,56.6
893,60.7,60.4,60.1,60.3,57.4,57.2,56.8,56.6
894,60.7,60.4,60.1,60.3,57.5,57.2,56.9,56.7
895,60.7,60.4,60.1,60.2,57.7,57.3,57.1,56.9
896,60.7,60.4,60.1,60.3,57.7,57.3,57.2,56.9
897,60.7,60.4,60.1,60.3,57.8,57.3,57.2,56.9
898,60.8,60.4,60.1,60.3,57.6,57.4,57.2,56.9
899,60.8,60.2,60.1,60.2,57.6,57.5,57.1,57
900,60.8,60.1,60.1,60.2,57.6,57.5,57.1,56.9
901,60.9,60.2,60.1,60.3,57.7,57.5,57.1,56.9
902,60.9,60.4,60.2,60.3,57.7,57.5,57.1,56.8
903,60.9,60.4,60.2,60.3,57.7,57.5,57.1,56.7
904,60.8,60.4,60.2,60.3,57.8,57.6,57.4,57.2
905,60.8,60.4,60.2,60.3,57.7,57.6,57.3,57.2
906,60.6,60.2,60.2,59.8,57.6,57.5,57,56.9
907,60.7,60.4,60.1,60.4,57.9,57.6,57.6,57.1
908,60.7,60.4,60.1,60.3,57.8,57.5,57.6,57
909,60.8,60.4,60.2,60.2,57.8,57.5,57.3,56.9
910,61.2,60.8,60.4,60.4,57.8,57.6,57.3,56.9
911,61.2,60.8,60.3,60.4,57.9,57.7,57.3,56.9
912,61.2,60.8,60.3,60.5,57.8,57.7,57.2,56.9
913,61.2,60.7,60.3,60.4,57.8,57.7,57.2,56.9
914,61.1,60.6,60.3,60.4,57.8,57.7,57.1,56.9
915,61.1,60.6,60.4,60.5,57.8,57.7,57.2,57.1
916,61.1,60.7,60.4,60.5,57.9,57.8,57.3,57.1
917,61,60.6,60.4,60.5,57.8,57.7,57.3,57.2
918,61,60.7,60.4,60.4,57.9,57.7,57.3,57.4
919,61,60.7,60.5,60.4,58.1,58,57.6,57.4
920,61,60.8,60.5,60.4,58,57.9,57.5,57.4
921,61.1,60.8,60.5,60.5,58,57.8,57.2,57.2
922,61.4,60.9,60.7,60.7,58.1,57.9,57.3,57.2
923,61.4,60.9,60.7,60.7,58.1,57.6,57.3,57.2
924,61.3,60.8,60.5,60.5,58.1,57.6,57.3,57.2
925,61.2,60.8,60.5,60.5,58.1,57.6,57.3,57.2
926,61.3,60.8,60.6,60.5,58.1,57.6,57.3,57.2
927,61.3,60.8,60.6,60.5,58.2,57.8,57.4,57.2
928,61.4,60.7,60.6,60.5,58.2,57.7,57.3,57.1
929,61.3,60.7,60.6,60.5,58.2,57.7,57.3,57.1
930,61.3,60.7,60.6,60.5,58.3,57.6,57.2,57.1
931,61.4,60.8,60.6,60.6,58.3,57.8,57.2,57.1
932,61.4,60.8,60.8,60.6,58.3,57.8,57.2,57.1
933,61.4,60.8,60.7,60.6,58.3,57.7,57.3,57.1
934,61.2,60.8,60.6,60.7,58.3,57.9,57.3,57.1
935,61.2,60.8,60.6,60.6,58.3,57.9,57.3,57.1
936,61.2,60.8,60.4,60.7,58.3,58,57.5,57.2
937,61.2,60.8,60.4,60.6,58.3,58,57.5,57.3
938,61.2,60.8,60.4,60.6,58.3,58,57.6,57.3
939,61.3,60.9,60.5,60.8,58.3,58,57.6,57.3
940,61.1,60.9,60.5,60.8,58.2,58,57.5,57.2
941,61.1,60.7,60.5,60.6,58.2,57.9,57.6,57.2
942,61.2,60.7,60.5,60.6,58.2,57.9,57.6,57.2
943,61.2,60.7,60.6,60.6,58.2,57.9,57.6,57.3
944,61.4,60.8,60.8,60.6,58.3,58.1,57.6,57.4
945,61.4,60.8,60.9,60.6,58.3,58.2,57.7,57.5
946,61.4,60.7,60.8,60.6,58.3,58.2,57.7,57.5
947,61.4,60.7,60.7,60.7,58.3,58.1,57.7,57.4
948,61.4,60.8,60.7,60.8,58.3,58.1,57.7,57.4
949,61.4,60.8,60.8,60.8,58.3,58.1,57.7,57.5
950,60.6,60,59.9,59.9,57.5,57.1,56.7,56.5
951,59.4,58.9,58.7,59.1,56.4,56.2,55.6,55.5
952,59.2,58.5,58.6,58.6,56.1,55.9,55.5,55.1
953,59.2,58.5,58.6,58.4,56.1,55.9,55.5,55.1
954,59.1,58.5,58.2,58.4,56.1,55.9,55.3,55.1
955,59,58.3,58.2,58.2,55.7,55.4,55,54.9
956,58.7,58.2,57.9,58,55.6,55.2,54.8,54.7
957,58.6,58,57.8,57.9,55.3,55.2,54.6,54.5
958,58.2,57.9,57.7,57.7,55.3,54.9,54.5,54.3
959,58,57.6,57.3,57.4,55.1,54.7,54.3,54.1
960,57.8,57.5,57.1,57.2,55,54.6,54.2,54.1
961,57.7,57.1,57,57,54.8,54.5,54.2,54.1
962,57.6,56.8,56.8,56.9,54.8,54.4,54,53.8
963,57.5,56.8,56.8,56.8,54.6,54.2,53.9,53.8
964,57.2,56.6,56.7,56.7,54.5,54.1,53.7,53.7
965,57,56.6,56.5,56.5,54.3,54,53.6,53.6
966,56.9,56.5,56.4,56.3,54.1,53.9,53.4,53.4
967,56.5,56.2,56.2,56.2,53.9,53.6,53.3,53.2
968,56.2,55.9,56,56,53.6,53.4,53.1,52.8
969,56.1,55.8,55.6,55.5,53.3,53.3,52.7,52.5
970,56,55.3,55.1,55.1,52.9,52.7,52.5,52.1
971,55.8,55.2,55.1,55.1,52.9,52.7,52.4,52
972,55.8,55.3,55.1,55.1,52.9,52.7,52.5,52
973,56.2,55.5,55.4,55.3,53.1,52.9,52.6,52.3
974,56.2,55.7,55.7,55.5,53.2,52.9,52.6,52.3
975,56.2,55.7,55.8,55.7,53.3,53.2,52.8,52.3
976,56.2,55.7,55.8,55.7,53.6,53.3,53.1,52.5
977,56.2,55.6,55.8,55.8,53.5,53.3,53.1,52.7
978,56.4,55.6,55.9,56,53.6,53.4,53.2,52.7
979,57.2,56,56.1,56.7,53.9,53.4,53.3,53.3
980,57.3,56.5,56.8,57,54.9,54,54.3,53.7
981,58,57.9,57.5,57.4,55.3,55.7,54.5,54.5
982,58.2,58.5,57.6,58.9,55.5,56.3,55.9,55.6
983,59,58.6,58.2,59.1,56.5,56.6,56.1,56.3
984,59,58.6,58.2,59.1,56.5,56.7,56.2,56.3
985,58.8,58.6,58,58.9,56.3,56.4,56,55.3
986,58.8,58.4,57.8,58.4,56,55.6,55.1,54.4
987,57.9,57.3,56.9,57.4,55,54.9,54.6,54.3
988,57.3,56.7,56.6,56.8,54.5,54,53.9,53.5
989,57.2,56.5,56.5,56.7,54.1,53.9,53.4,53.3
990,57.2,56.5,56.6,56.7,54.1,53.9,53.7,53.2
991,57.2,56.5,56.6,56.7,54.2,53.9,53.7,53.3
992,57.3,56.6,56.6,57,54.5,54,54.4,53.6
993,57.5,56.8,56.9,57.2,54.8,54.3,54.4,53.6
994,57.9,57.4,56.9,57.3,55.9,55,55.3,54.3
995,59.2,57.5,57.2,57.7,56.1,55.6,56,54.6
996,59.5,59,58.4,59.1,56.4,56.3,56.2,56
997,59.5,59,58.8,59.4,57.9,57.9,56.4,57.5
998,59.5,59.3,58.8,59.2,57.9,57.8,56.2,56.7
999,60.3,59.4,59,59.4,57.9,57.4,56,56.4
1000.00,60,59.3,59,59.2,57.5,56.9,55.8,56
1001.00,59.9,59,58.9,58.8,56.4,56.2,55.4,55
1002.00,59.5,58.4,58.3,58.6,55.8,55.9,55.2,55
1003.00,58.8,58,58,58.4,55.5,55.7,55.2,54.9
1004.00,58.8,57.9,58,58.2,55.6,55.7,55.2,54.9
1005.00,58.7,57.9,57.9,58.1,55.5,55.3,55.2,54.9
1006.00,58.7,57.9,57.6,58,55.5,55.4,55,54.9
1007.00,58.6,57.9,57.6,57.9,55.4,55.4,55,54.9
1008.00,58.5,57.9,57.6,57.8,55.2,55.3,54.7,54.9
1009.00,58.5,57.9,57.6,57.8,55.4,55.3,54.8,54.9
1010.00,58.5,58,57.6,57.9,55.4,55.3,54.9,54.8
1011.00,58.5,57.9,57.6,57.9,55.4,55.3,54.8,54.7
1012.00,58.6,57.9,57.8,57.9,55.4,55.3,54.9,54.7
1013.00,58.6,58,57.8,57.9,55.4,55.5,54.8,54.8
1014.00,58.6,58.1,57.8,58,55.5,55.5,54.8,54.9
1015.00,58.6,58.4,58,58.1,55.6,55.5,55,54.9
1016.00,58.6,58.5,58,58.1,55.6,55.6,55.2,55
1017.00,58.7,58.5,58.3,58.4,55.8,55.5,55.2,55
1018.00,58.7,58.5,58.1,58.3,55.8,55.4,55.2,55
1019.00,58.7,58.2,57.8,58.3,55.8,55.3,55.2,54.9
1020.00,58.3,58.2,57.8,58.1,55.7,55,55.1,54.8
1021.00,58.3,58,57.7,57.8,55.6,55,55,54.6
1022.00,58.1,57.9,57.3,57.7,55.2,54.9,54.6,54.6
1023.00,58,57.6,57.2,57.6,55.1,54.8,54.6,54.4
1024.00,57.8,57.2,57.2,57.2,55.1,54.6,54.4,54.1
1025.00,57.7,57.2,57.2,57.2,54.7,54.5,53.9,54
1026.00,57.7,56.7,57,57.2,54.7,54.5,53.9,54
1027.00,57.2,56.7,56.7,57.1,54.6,54.3,53.8,53.7
1028.00,57.2,56.6,56.7,56.9,54,54.1,53.6,53.6
1029.00,57.4,56.6,56.7,56.8,54,54,53.7,53.6
1030.00,57.5,56.6,56.7,56.8,54,54,53.6,53.4
1031.00,57.4,56.6,56.6,56.7,53.8,54,53.5,53.3
1032.00,57,56.6,56.6,56.7,53.9,54,53.5,53.3
1033.00,56.9,56.5,56.5,56.7,54.1,54,53.5,53.3
1034.00,56.9,56.4,56.5,56.6,53.9,53.9,53.3,53.2
1035.00,57,56.3,56.4,56.6,53.7,53.8,52.9,52.8
1036.00,56.9,56.3,56.3,56.4,53.7,53.7,52.9,52.8
1037.00,56.8,56,56.2,55.8,53.7,53.6,53,52.8
1038.00,56.1,55.9,55.9,55.5,53.4,53.4,52.8,52.6
1039.00,55.8,55.9,55.8,55.5,53.3,53.4,52.8,52.6
1040.00,55.6,55.5,55.3,55.5,53.3,53.3,52.7,52.4
1041.00,55.6,55.5,55.3,55.4,52.7,52.7,52.2,52.1
1042.00,55.6,55.5,55.1,55.4,52.7,52.6,52.1,52.1
1043.00,55.6,55,54.8,54.8,52.7,52.6,51.9,52.1
1044.00,55.6,55.1,54.7,54.8,52.5,52.2,51.9,51.4
1045.00,55.5,55.1,54.8,55,52.5,52.2,52,51.4
1046.00,55.4,55.1,54.8,55,52.5,52.2,52,51.4
1047.00,55.4,55.1,54.8,55.1,52.5,52.3,52,51.4
1048.00,55.5,55.1,54.7,55.2,52.5,52.3,52,51.4
1049.00,55.5,55,54.7,55.2,52.5,52.2,51.9,51.4
1050.00,55.6,54.5,54.7,55,52.5,52.2,52,51.3
1051.00,55.5,54.5,54.8,55,52.6,52.3,52,51.3
1052.00,55.1,54.5,54.9,55,52.6,52.5,52,51.3
1053.00,55.1,54.5,55,55,52.5,52.3,51.8,51.3
1054.00,55.2,54.6,55,54.9,52.3,52.4,51.7,51.3
1055.00,55.1,54.6,54.6,54.7,52.2,52.4,51.7,51.3
1056.00,55.1,54.5,54.4,54.6,52.2,52.2,51.6,51.3
1057.00,54.4,53.9,54.2,54.5,51.7,51.6,51.3,51.1
1058.00,54.1,53.8,54.1,53.5,51.6,51.2,51.2,50.9
1059.00,54,53.3,53.3,53.3,51,50.4,50.3,50.5
1060.00,53.8,53.2,52.6,53.1,50.5,50.1,49.9,49.8
1061.00,53.5,53.1,52.6,52.9,50.5,50.1,49.8,49.6
1062.00,53.4,52.7,52.3,53.1,50.4,50.1,49.7,49.4
1063.00,53.3,52.7,52.3,52.8,50.3,50,49.6,49.3
1064.00,53.2,52.7,52.3,52.8,50.2,49.9,49.6,49.2
1065.00,53.2,52.7,52.2,52.9,50,49.8,49.6,49.1
1066.00,53.2,52.6,52,52.8,50,50,49.6,49
1067.00,53,52.5,52,52,50.1,49.9,49.6,48.9
1068.00,52.7,52.4,52,51.7,50.1,49.9,49.5,49
1069.00,52.6,52.4,52,51.7,49.9,49.9,49.5,48.8
1070.00,52.7,52.4,51.9,51.7,49.5,49.9,49.2,48.6
1071.00,52.8,52.5,51.9,51.8,49,49.1,48.9,48.6
1072.00,52.8,52.3,51.9,51.9,49,49.1,49,48.4
1073.00,52.8,52.1,51.8,52,50.2,49.1,48.9,48.7
1074.00,52.4,52.1,51.9,51.9,50.2,49,48.9,48.7
1075.00,52.1,52,51.5,51.8,49.7,49,48.9,48.2
1076.00,52.1,52,51.5,51.7,49.3,48.8,48.8,48.1
1077.00,52,51.6,51.3,51.7,49.2,48.9,48.7,48.1
1078.00,52.1,51.7,51,51.7,48.8,48.9,48.6,47.9
1079.00,51.9,51.1,51,51.5,48.9,48.9,48.6,47.9
1080.00,51.9,51,51.4,51.6,49,49.3,48.6,47.9
1081.00,51.9,51.1,51.4,51.6,49,49.2,48.6,48
1082.00,52,51.1,51.4,51.4,49.1,49.2,48.5,48.1
1083.00,52,51.2,50.7,51.2,48.9,49.1,48.4,48.5
1084.00,52,50.9,50.7,50.6,48.8,49,47.6,48
1085.00,51.9,50.9,51,50.8,49.1,49.1,47.7,48.5
1086.00,51.9,51.2,51,51.6,49.3,49.2,47.9,48.5
1087.00,52.1,51.6,51,51.3,49.3,49.4,47.9,48.7
1088.00,52,50.8,50.9,51.4,49.4,49,47.8,48.2
1089.00,51.7,50.4,50.9,51.3,49.3,48.9,47.9,48.1
1090.00,51.6,50.4,51,51.3,48.6,48.6,47.3,48
1091.00,51.2,50.3,50.8,51.2,48.5,48.2,47.2,47.5
1092.00,51.3,50.3,50.5,51.2,48.5,48.1,47.3,48.7
1093.00,52.6,51.1,51,51.3,48.5,48.1,47.4,48.8
1094.00,52.5,50.4,51,51.2,48.4,48,47.6,48.8
1095.00,52.4,50.4,51,51.2,48.5,48.1,47.5,49.9
1096.00,52.2,50.4,51,51.2,48.2,49.3,47.5,49.8
1097.00,51.9,50.5,51,51.2,48.5,49.4,47.2,49.7
1098.00,50.9,50.3,50.9,50.7,48.3,48.9,47.3,49
1099.00,50.8,50.2,50.5,50.5,47.7,48.2,47.3,48.4
1100.00,69.9,71.3,74.3,81.2,58.4,51.3,51.1,69.4
