wavelength,blank,S8 Postheat,S8 Preheat,S8 Irrad 1,S8 Irrad 2,S8 Irrad 3,S8 Irrad 4,S8 Irrad 5,S8 Irrad 6,S8 Irrad 7,S8 Irrad 8,S8 Irrad 10,S8 Irrad 11,S8 Irrad 12,S8 Irrad 13,S8 Irrad 14,S8 Irrad 15
190,89.8,19.62,1.925,0.78,0.65,0.7,0.675,0.6,0.5,0.54,0.475,0.475,0.425,0.4,0.375,0.375,0.425
191,90,19.54,1.8,0.66,0.55,0.575,0.6,0.5,0.425,0.42,0.4,0.4,0.35,0.3,0.375,0.3,0.375
192,91.9,19.84,1.7,0.6,0.5,0.45,0.5,0.425,0.4,0.36,0.4,0.3,0.3,0.3,0.3,0.3,0.3
193,92.5,19.88,1.625,0.5,0.425,0.4,0.425,0.35,0.3,0.3,0.325,0.3,0.3,0.275,0.225,0.225,0.25
194,93.4,20.04,1.575,0.5,0.4,0.375,0.375,0.35,0.3,0.3,0.3,0.275,0.275,0.225,0.2,0.2,0.2
195,94.7,20.28,1.55,0.46,0.35,0.35,0.35,0.325,0.3,0.28,0.3,0.25,0.225,0.2,0.2,0.2,0.2
196,95.2,20.34,1.55,0.4,0.325,0.35,0.325,0.3,0.225,0.24,0.225,0.225,0.2,0.2,0.2,0.2,0.2
197,95.2,20.32,1.5,0.4,0.3,0.3,0.3,0.3,0.2,0.2,0.2,0.2,0.2,0.2,0.2,0.175,0.2
198,95.4,20.36,1.5,0.38,0.3,0.3,0.275,0.25,0.2,0.2,0.2,0.2,0.2,0.2,0.175,0.15,0.2
199,95.5,20.38,1.5,0.34,0.225,0.275,0.225,0.2,0.2,0.2,0.2,0.2,0.2,0.175,0.1,0.125,0.2
200,95.8,20.46,1.5,0.34,0.225,0.225,0.225,0.2,0.2,0.2,0.2,0.2,0.175,0.175,0.1,0.1,0.175
201,96.3,20.58,1.575,0.32,0.225,0.2,0.2,0.2,0.2,0.2,0.2,0.2,0.175,0.175,0.1,0.1,0.175
202,97,20.74,1.575,0.3,0.2,0.2,0.2,0.2,0.2,0.2,0.2,0.2,0.175,0.15,0.1,0.1,0.15
203,97,20.76,1.6,0.3,0.2,0.2,0.2,0.2,0.2,0.2,0.2,0.2,0.175,0.1,0.1,0.1,0.1
204,97.2,20.88,1.7,0.3,0.2,0.2,0.2,0.2,0.2,0.2,0.175,0.125,0.15,0.1,0.1,0.1,0.1
205,97.2,20.9,1.8,0.28,0.2,0.2,0.2,0.2,0.175,0.18,0.15,0.125,0.1,0.1,0.1,0.1,0.1
206,97.4,21.08,1.925,0.28,0.2,0.2,0.2,0.2,0.125,0.12,0.125,0.125,0.1,0.1,0.1,0.1,0.1
207,97.4,21.18,2.1,0.28,0.2,0.2,0.2,0.175,0.125,0.12,0.1,0.1,0.1,0.1,0.1,0.1,0.1
208,97.4,21.36,2.3,0.26,0.2,0.2,0.2,0.175,0.1,0.1,0.1,0.1,0.1,0.1,0.1,0.1,0.1
209,97.3,21.56,2.6,0.26,0.2,0.2,0.2,0.175,0.1,0.1,0.1,0.1,0.1,0.1,0.1,0.1,0.1
210,97.3,21.8,2.925,0.26,0.2,0.2,0.2,0.15,0.1,0.1,0.1,0.1,0.1,0.1,0.1,0.1,0.1
211,97.3,22.1,3.275,0.26,0.2,0.2,0.2,0.125,0.1,0.1,0.1,0.1,0.1,0.1,0.1,0.1,0.1
212,97.3,22.44,3.675,0.26,0.2,0.2,0.2,0.125,0.1,0.1,0.1,0.1,0.1,0.1,0.1,0.1,0.1
213,97.3,22.78,4.15,0.26,0.175,0.175,0.2,0.1,0.1,0.1,0.1,0.1,0.1,0.1,0.1,0.1,0.1
214,97.4,23.2,4.65,0.28,0.175,0.175,0.15,0.1,0.1,0.1,0.1,0.1,0.1,0.1,0.1,0.1,0.1
215,97.5,23.34,4.8,0.2,0.1,0.1,0.1,0.1,0.1,0.1,0.1,0.1,0.1,0.1,0.075,0.1,0.1
216,97.6,23.64,5.125,0.1,0,0,0,0,0,0,0,0,0,0,0,0,0
217,98,24.18,5.725,0.04,0,0,0,0,0,0,0,0,0,0,0,0,0
218,98,24.66,6.35,0,0,0,0,0,0,0,0,0,0,0,0,0,0
219,98,25.18,7,0,0,0,0,0,0,0,0,0,0,0,0,0,0
220,98,25.74,7.65,0,0,0,0,0,0,0,0,0,0,0,0,0,0
221,98.3,26.32,8.35,0.02,0,0,0,0,0,0,0,0,0,0,0,0,0
222,98.5,26.86,8.95,0.06,0,0,0,0,0,0,0,0,0,0,0,0,0
223,98.5,27.54,9.85,0.4,0.1,0.075,0,0,0,0,0,0,0,0,0,0,0
224,98.5,28.04,10.45,0.66,0.175,0.1,0.1,0.1,0.1,0.1,0.1,0.075,0.1,0.1,0.075,0.025,0.1
225,98.6,28.42,10.925,0.86,0.225,0.125,0.1,0.1,0.1,0.1,0.1,0.1,0.1,0.1,0.1,0.075,0.1
226,98.6,28.72,11.3,1.06,0.3,0.2,0.1,0.1,0.1,0.1,0.1,0.1,0.1,0.1,0.1,0.075,0.1
227,98.7,28.96,11.55,1.26,0.375,0.2,0.1,0.1,0.1,0.1,0.1,0.1,0.1,0.1,0.1,0.075,0.1
228,98.9,29.06,11.625,1.44,0.45,0.25,0.15,0.1,0.1,0.1,0.1,0.1,0.1,0.1,0.1,0.1,0.1
229,98.9,29.02,11.55,1.58,0.5,0.3,0.2,0.1,0.1,0.1,0.1,0.1,0.1,0.1,0.1,0.1,0.1
230,99.5,28.98,11.4,1.7,0.575,0.3,0.2,0.1,0.1,0.1,0.1,0.1,0.1,0.1,0.1,0.1,0.1
231,99.5,28.8,11.225,1.88,0.65,0.375,0.2,0.1,0.1,0.1,0.1,0.1,0.1,0.1,0.1,0.1,0.1
232,99.5,28.64,11,2.06,0.775,0.45,0.3,0.2,0.1,0.1,0.1,0.1,0.1,0.1,0.1,0.1,0.1
233,99.4,28.44,10.775,2.2,0.9,0.55,0.325,0.2,0.1,0.1,0.1,0.1,0.1,0.1,0.1,0.1,0.1
234,99.3,28.22,10.5,2.38,1.025,0.65,0.4,0.225,0.1,0.1,0.1,0.1,0.1,0.1,0.1,0.1,0.1
235,99.1,27.96,10.2,2.58,1.2,0.75,0.5,0.3,0.1,0.1,0.1,0.1,0.1,0.1,0.1,0.1,0.1
236,99,27.74,9.95,2.7,1.325,0.875,0.6,0.35,0.1,0.1,0.1,0.1,0.1,0.1,0.1,0.1,0.1
237,98.9,27.5,9.7,2.86,1.425,0.975,0.675,0.4,0.1,0.1,0.1,0.1,0.1,0.1,0.1,0.1,0.1
238,98.8,27.26,9.45,2.98,1.6,1.15,0.8,0.5,0.1,0.1,0.1,0.1,0.1,0.1,0.1,0.1,0.1
239,98.8,27.12,9.275,3.14,1.75,1.275,0.9,0.6,0.1,0.1,0.1,0.1,0.1,0.1,0.1,0.1,0.1
240,98.8,27.02,9.15,3.28,1.925,1.45,1.05,0.7,0.125,0.1,0.1,0.1,0.1,0.1,0.1,0.1,0.1
241,98.9,27.04,9.1,3.46,2.125,1.625,1.225,0.825,0.2,0.1,0.1,0.1,0.1,0.1,0.1,0.1,0.1
242,99.1,27.08,9.075,3.6,2.325,1.8,1.375,0.95,0.2,0.1,0.1,0.1,0.1,0.1,0.1,0.1,0.1
243,99.1,27.02,9.075,3.74,2.45,1.95,1.525,1.05,0.2,0.1,0.1,0.1,0.1,0.1,0.1,0.1,0.1
244,99.1,27,9.025,3.88,2.6,2.1,1.65,1.15,0.3,0.1,0.1,0.1,0.1,0.1,0.1,0.1,0.1
245,99.1,27.08,9.15,4.08,2.8,2.3,1.85,1.3,0.3,0.2,0.1,0.1,0.1,0.1,0.1,0.1,0.1
246,99.1,27.4,9.525,4.38,3.075,2.525,2.075,1.5,0.4,0.2,0.1,0.1,0.1,0.1,0.1,0.1,0.1
247,99.3,27.8,9.925,4.66,3.35,2.825,2.3,1.7,0.5,0.26,0.2,0.1,0.1,0.1,0.1,0.1,0.1
248,99.2,28.02,10.2,4.88,3.55,3.025,2.5,1.85,0.575,0.3,0.2,0.1,0.1,0.1,0.1,0.1,0.1
249,99.2,28.22,10.525,5.1,3.725,3.225,2.675,2,0.625,0.3,0.2,0.1,0.1,0.1,0.1,0.1,0.1
250,99.5,28.56,10.875,5.34,3.925,3.425,2.85,2.175,0.7,0.4,0.2,0.2,0.1,0.1,0.1,0.1,0.1
251,99.5,29.04,11.5,5.68,4.175,3.7,3.1,2.375,0.825,0.48,0.3,0.2,0.1,0.1,0.1,0.1,0.1
252,99.3,29.56,12.2,6.02,4.525,4,3.375,2.625,0.975,0.56,0.35,0.2,0.15,0.1,0.1,0.1,0.1
253,99.4,30.18,12.875,6.4,4.825,4.275,3.65,2.85,1.125,0.68,0.4,0.3,0.2,0.175,0.1,0.1,0.1
254,99.3,30.68,13.525,6.78,5.05,4.55,3.9,3.05,1.275,0.78,0.5,0.3,0.2,0.2,0.15,0.1,0.1
255,99.2,31.16,14.175,7.1,5.35,4.825,4.15,3.275,1.425,0.88,0.6,0.4,0.25,0.2,0.2,0.2,0.2
256,99.1,31.68,14.85,7.46,5.65,5.125,4.4,3.5,1.6,1.02,0.7,0.5,0.3,0.275,0.2,0.2,0.2
257,99.1,32.36,15.65,7.8,6,5.4,4.7,3.75,1.775,1.16,0.8,0.575,0.4,0.3,0.3,0.2,0.225
258,99.1,33.02,16.425,8.2,6.325,5.725,5,4,2,1.36,0.9,0.7,0.45,0.4,0.3,0.3,0.3
259,99.1,33.7,17.25,8.64,6.65,6.05,5.3,4.25,2.2,1.54,1.075,0.8,0.55,0.475,0.4,0.375,0.4
260,99.4,34.38,18.05,9.02,6.95,6.325,5.6,4.525,2.425,1.68,1.2,0.9,0.65,0.55,0.5,0.4,0.45
261,99.4,34.78,18.5,9.2,7.15,6.525,5.775,4.625,2.6,1.84,1.325,1.025,0.75,0.6,0.55,0.5,0.5
262,99.4,34.9,18.7,9.4,7.225,6.675,5.9,4.775,2.725,1.96,1.45,1.125,0.825,0.7,0.6,0.575,0.6
263,99.3,35,18.975,9.6,7.35,6.85,5.975,4.875,2.85,2.1,1.55,1.225,0.925,0.8,0.7,0.65,0.7
264,99.3,35.34,19.35,9.8,7.55,7.025,6.15,5.025,2.975,2.22,1.675,1.35,1.05,0.9,0.8,0.75,0.8
265,99.3,35.72,19.775,9.98,7.725,7.15,6.3,5.125,3.15,2.36,1.8,1.5,1.175,1,0.9,0.875,0.9
266,98.9,36.02,20.125,10.18,7.85,7.325,6.45,5.3,3.3,2.54,1.975,1.65,1.325,1.125,1.05,1,1.075
267,98.8,36.42,20.55,10.34,8.05,7.45,6.6,5.425,3.45,2.66,2.075,1.8,1.475,1.275,1.2,1.125,1.2
268,98.6,36.58,20.85,10.42,8.125,7.55,6.725,5.525,3.575,2.8,2.2,1.9,1.575,1.4,1.3,1.25,1.35
269,98.6,36.78,21.05,10.52,8.15,7.625,6.775,5.6,3.675,2.9,2.3,2.025,1.725,1.5,1.425,1.375,1.475
270,98.6,36.92,21.25,10.62,8.25,7.725,6.85,5.625,3.75,3,2.375,2.125,1.825,1.6,1.525,1.475,1.6
271,98.6,37.12,21.55,10.72,8.35,7.825,6.95,5.725,3.85,3.08,2.475,2.225,1.95,1.7,1.65,1.575,1.725
272,98.6,37.34,21.75,10.8,8.425,7.85,6.975,5.775,3.925,3.16,2.575,2.325,2.075,1.825,1.75,1.725,1.85
273,98.6,37.38,21.775,10.76,8.35,7.85,6.975,5.75,3.95,3.24,2.6,2.4,2.15,1.9,1.85,1.825,1.95
274,98.5,37.36,21.65,10.72,8.35,7.825,6.95,5.75,3.975,3.26,2.65,2.45,2.2,1.95,1.9,1.875,2.05
275,98.6,37.38,21.725,10.74,8.35,7.825,6.95,5.75,3.975,3.28,2.7,2.525,2.275,2.025,1.975,1.975,2.15
276,98.3,37.38,21.825,10.74,8.35,7.85,6.95,5.75,4.025,3.34,2.775,2.575,2.375,2.1,2.075,2.05,2.25
277,98.2,37.52,21.925,10.8,8.35,7.875,6.95,5.75,4.05,3.36,2.8,2.625,2.45,2.2,2.15,2.15,2.35
278,98.2,37.62,22,10.78,8.35,7.875,6.95,5.75,4.075,3.42,2.8,2.7,2.5,2.275,2.225,2.225,2.425
279,98.2,37.68,22,10.78,8.35,7.825,6.925,5.7,4.075,3.44,2.85,2.725,2.575,2.3,2.275,2.275,2.5
280,98.2,37.7,22.025,10.8,8.35,7.825,6.925,5.7,4.075,3.44,2.9,2.75,2.6,2.325,2.35,2.35,2.575
281,98.2,37.86,22.1,10.8,8.35,7.825,6.9,5.7,4.075,3.46,2.9,2.775,2.675,2.4,2.4,2.425,2.625
282,98.2,37.98,22.325,10.8,8.35,7.85,6.9,5.7,4.075,3.46,2.9,2.8,2.725,2.45,2.45,2.475,2.725
283,98.1,37.96,22.375,10.8,8.325,7.8,6.875,5.675,4.075,3.46,2.9,2.825,2.725,2.475,2.45,2.525,2.75
284,98.1,37.96,22.35,10.76,8.3,7.775,6.825,5.65,4.075,3.46,2.9,2.825,2.725,2.475,2.5,2.55,2.775
285,98.3,38.04,22.4,10.74,8.3,7.75,6.75,5.625,4.075,3.46,2.9,2.85,2.75,2.5,2.5,2.575,2.825
286,98.5,38.2,22.575,10.74,8.3,7.75,6.75,5.625,4.075,3.46,2.925,2.9,2.8,2.55,2.575,2.6,2.85
287,98.5,38.28,22.65,10.72,8.275,7.725,6.75,5.575,4.05,3.46,2.925,2.9,2.825,2.575,2.575,2.65,2.925
288,98.4,38.26,22.65,10.66,8.2,7.725,6.7,5.55,4.05,3.46,2.925,2.9,2.825,2.575,2.6,2.65,2.925
289,98.2,38.22,22.725,10.64,8.2,7.675,6.675,5.5,4.05,3.46,2.95,2.9,2.825,2.575,2.6,2.65,2.95
290,98.3,38.42,22.875,10.64,8.2,7.675,6.675,5.475,4.05,3.46,2.95,2.9,2.875,2.6,2.65,2.7,2.975
291,97.8,38.42,23.05,10.66,8.2,7.65,6.675,5.475,4.05,3.46,2.975,2.95,2.9,2.625,2.675,2.725,3
292,97.7,38.4,23.075,10.62,8.125,7.6,6.625,5.45,4.05,3.46,2.95,2.95,2.9,2.625,2.675,2.725,3.025
293,97.6,38.4,23.1,10.6,8.125,7.6,6.625,5.425,4.05,3.46,2.975,2.95,2.9,2.65,2.675,2.75,3.05
294,97.7,38.58,23.15,10.6,8.15,7.6,6.625,5.425,4.05,3.46,2.975,2.975,2.925,2.675,2.7,2.775,3.05
295,97.6,38.66,23.375,10.62,8.15,7.6,6.625,5.425,4.05,3.5,3,3,2.975,2.7,2.725,2.775,3.125
296,97.6,38.74,23.375,10.62,8.15,7.6,6.625,5.45,4.05,3.5,3,3,2.975,2.7,2.725,2.8,3.125
297,97.8,38.86,23.55,10.66,8.125,7.6,6.6,5.425,4.05,3.56,3,3.025,2.975,2.7,2.775,2.825,3.125
298,97.8,38.88,23.575,10.62,8.125,7.575,6.6,5.4,4.05,3.56,3,3.025,3,2.725,2.775,2.85,3.15
299,97.7,38.84,23.55,10.6,8.125,7.525,6.6,5.375,4.05,3.56,3,3.025,3,2.725,2.8,2.875,3.175
300,97.5,38.76,23.55,10.6,8.125,7.525,6.55,5.375,4.05,3.56,3,3.05,3.025,2.75,2.8,2.875,3.2
301,97.5,38.82,23.575,10.6,8.125,7.575,6.55,5.4,4.075,3.56,3.1,3.1,3.1,2.8,2.825,2.9,3.225
302,97.5,38.88,23.6,10.62,8.15,7.6,6.575,5.425,4.1,3.64,3.1,3.125,3.1,2.825,2.875,2.975,3.275
303,97.7,39.04,23.775,10.62,8.15,7.625,6.6,5.45,4.15,3.66,3.125,3.2,3.175,2.85,2.9,2.975,3.325
304,97.7,39.1,23.85,10.62,8.15,7.675,6.625,5.5,4.175,3.7,3.175,3.225,3.225,2.9,2.95,3.025,3.375
305,97.8,39.18,24.025,10.72,8.25,7.725,6.7,5.55,4.25,3.78,3.25,3.3,3.275,2.95,3.025,3.075,3.45
306,97.8,39.32,24.25,10.8,8.375,7.8,6.8,5.625,4.325,3.86,3.3,3.35,3.325,3.025,3.075,3.15,3.5
307,97.9,39.64,24.525,10.84,8.45,7.95,6.875,5.7,4.425,3.96,3.375,3.425,3.425,3.075,3.125,3.25,3.55
308,97.8,39.78,24.775,10.98,8.575,8.05,7.025,5.8,4.55,4.04,3.475,3.525,3.5,3.175,3.225,3.325,3.65
309,97.8,39.88,25,11.04,8.65,8.15,7.15,5.925,4.625,4.14,3.55,3.6,3.575,3.225,3.275,3.375,3.725
310,98.1,40,25.025,11.06,8.725,8.2,7.2,5.975,4.7,4.18,3.6,3.675,3.65,3.275,3.325,3.45,3.775
311,98.2,40.08,25.05,11.1,8.75,8.25,7.25,6.05,4.775,4.28,3.675,3.775,3.725,3.35,3.375,3.5,3.85
312,98.2,40.1,25.175,11.14,8.85,8.35,7.35,6.125,4.875,4.38,3.775,3.85,3.8,3.425,3.45,3.575,3.925
313,98.3,40.26,25.375,11.26,8.95,8.475,7.5,6.225,5,4.48,3.875,3.95,3.925,3.525,3.55,3.675,4
314,98.3,40.5,25.675,11.36,9.125,8.65,7.65,6.4,5.125,4.66,3.975,4.075,4.05,3.625,3.675,3.8,4.15
315,98.3,40.5,25.65,11.4,9.125,8.725,7.75,6.5,5.25,4.76,4.075,4.2,4.15,3.675,3.75,3.875,4.2
316,98.3,40.36,25.55,11.42,9.15,8.75,7.8,6.525,5.325,4.86,4.175,4.275,4.225,3.75,3.775,3.9,4.3
317,98.4,40.46,25.6,11.54,9.275,8.925,7.9,6.675,5.475,5,4.35,4.425,4.325,3.875,3.9,4,4.4
318,98.4,40.62,25.85,11.66,9.475,9.1,8.125,6.875,5.675,5.18,4.475,4.575,4.5,4.025,4.05,4.175,4.55
319,98.4,40.76,26,11.76,9.625,9.225,8.325,7.025,5.825,5.34,4.625,4.725,4.65,4.125,4.15,4.3,4.7
320,98.2,40.74,26.05,11.82,9.725,9.35,8.45,7.125,6,5.5,4.775,4.85,4.8,4.25,4.275,4.4,4.8
321,98.1,40.86,26.325,12.02,9.925,9.55,8.65,7.35,6.175,5.72,4.975,5.05,4.975,4.4,4.45,4.525,4.975
322,98.1,41.24,26.875,12.26,10.225,9.825,8.925,7.625,6.475,5.98,5.175,5.3,5.2,4.6,4.65,4.8,5.2
323,98.2,41.56,27.15,12.42,10.425,10.05,9.175,7.85,6.7,6.22,5.375,5.55,5.4,4.8,4.8,4.925,5.375
324,98.2,41.56,27.15,12.46,10.45,10.15,9.325,7.95,6.85,6.4,5.5,5.675,5.55,4.9,4.9,5.075,5.475
325,98.2,41.42,27.05,12.46,10.5,10.3,9.425,8.05,7.025,6.5,5.675,5.8,5.7,5,5,5.2,5.6
326,98.1,41.4,27.025,12.52,10.6,10.425,9.55,8.2,7.175,6.7,5.825,5.975,5.825,5.15,5.15,5.3,5.725
327,98.1,41.38,27.025,12.64,10.775,10.6,9.75,8.4,7.425,6.94,6.025,6.175,6.025,5.3,5.3,5.425,5.9
328,98.2,41.5,27.25,12.82,10.975,10.8,9.975,8.625,7.65,7.18,6.275,6.4,6.3,5.5,5.5,5.625,6.1
329,98.2,41.68,27.525,13.04,11.2,11.025,10.25,8.85,7.95,7.46,6.5,6.65,6.5,5.7,5.7,5.825,6.3
330,98.2,41.92,27.825,13.22,11.45,11.275,10.55,9.125,8.2,7.76,6.775,6.9,6.75,5.9,5.9,6.025,6.525
331,98.2,42.14,28.05,13.44,11.7,11.525,10.825,9.425,8.475,8.06,7.025,7.2,7,6.125,6.1,6.25,6.75
332,98.2,42.26,28.175,13.58,11.9,11.75,11.05,9.625,8.75,8.3,7.225,7.4,7.225,6.3,6.3,6.45,6.95
333,98.2,42.26,28.2,13.66,12.025,11.875,11.25,9.775,8.95,8.5,7.425,7.625,7.425,6.5,6.425,6.625,7.1
334,98.2,42.2,28.2,13.7,12.125,12.05,11.4,9.95,9.15,8.7,7.625,7.8,7.625,6.675,6.6,6.75,7.25
335,98.2,42.26,28.3,13.88,12.35,12.275,11.6,10.225,9.425,9,7.9,8.1,7.85,6.875,6.8,6.95,7.45
336,98.4,42.48,28.475,14.1,12.575,12.575,11.875,10.45,9.725,9.3,8.175,8.375,8.15,7.1,7.025,7.175,7.7
337,98.4,42.64,28.725,14.3,12.825,12.775,12.15,10.725,10.025,9.6,8.425,8.625,8.375,7.325,7.225,7.375,7.95
338,98.5,42.74,28.825,14.44,13,12.975,12.375,10.925,10.325,9.88,8.675,8.9,8.65,7.525,7.425,7.575,8.15
339,98.4,42.8,28.975,14.6,13.225,13.2,12.65,11.175,10.55,10.2,8.925,9.15,8.875,7.75,7.625,7.8,8.35
340,98.4,42.92,29.2,14.82,13.45,13.475,12.95,11.475,10.925,10.5,9.25,9.45,9.175,8,7.9,8.05,8.575
341,98.4,43.16,29.475,15.08,13.725,13.775,13.25,11.8,11.225,10.84,9.575,9.8,9.5,8.3,8.15,8.325,8.85
342,98.4,43.38,29.775,15.3,14.025,14.075,13.575,12.125,11.625,11.22,9.875,10.15,9.825,8.575,8.425,8.625,9.15
343,98.4,43.48,29.825,15.46,14.225,14.275,13.85,12.375,11.9,11.52,10.175,10.45,10.1,8.8,8.65,8.825,9.35
344,98.4,43.44,29.725,15.5,14.3,14.375,13.95,12.5,12.125,11.74,10.325,10.6,10.275,8.925,8.8,8.975,9.55
345,98.4,43.32,29.525,15.5,14.325,14.525,14.025,12.55,12.25,11.94,10.55,10.775,10.45,9.1,8.925,9.075,9.725
346,98.3,43.28,29.55,15.6,14.5,14.75,14.25,12.8,12.475,12.18,10.775,10.975,10.675,9.3,9.1,9.25,9.85
347,98.3,43.42,29.775,15.84,14.8,15,14.625,13.1,12.825,12.5,11.075,11.3,10.975,9.575,9.375,9.55,10.15
348,98.2,43.56,30.05,16.12,15.125,15.3,14.95,13.475,13.2,12.88,11.4,11.7,11.325,9.85,9.65,9.825,10.425
349,98.2,43.72,30.25,16.34,15.375,15.55,15.225,13.7,13.525,13.2,11.7,12.025,11.65,10.15,9.9,10.075,10.65
350,98.1,43.78,30.4,16.5,15.6,15.775,15.5,13.975,13.825,13.5,11.975,12.325,11.925,10.4,10.15,10.35,10.9
351,98.1,44.04,30.6,16.8,15.925,16.075,15.775,14.275,14.175,13.84,12.35,12.675,12.25,10.675,10.35,10.625,11.15
352,98.1,44.1,30.7,16.96,16.15,16.35,16.075,14.575,14.525,14.18,12.65,13,12.55,10.925,10.625,10.85,11.45
353,98,44.18,30.8,17.16,16.325,16.55,16.325,14.775,14.825,14.4,12.9,13.225,12.75,11.1,10.9,11.1,11.725
354,98,44.24,30.825,17.28,16.45,16.825,16.575,15.1,15.075,14.74,13.15,13.55,13.125,11.4,11.075,11.35,11.9
355,97.9,44.28,30.975,17.46,16.65,17.025,16.825,15.375,15.325,15.06,13.425,13.9,13.325,11.625,11.35,11.525,12.15
356,97.7,44.24,31,17.54,16.8,17.025,16.95,15.425,15.5,15.2,13.525,13.95,13.5,11.7,11.425,11.65,12.225
357,97.9,44.28,30.9,17.54,16.8,17.1,17.05,15.525,15.525,15.32,13.775,14.075,13.6,11.8,11.5,11.775,12.3
358,97.4,44.22,31.05,17.66,17.05,17.25,17.325,15.775,15.925,15.66,14.05,14.425,13.85,12.1,11.85,12.025,12.6
359,97.4,44.42,31.35,17.98,17.4,17.675,17.7,16.075,16.325,16.02,14.2,14.8,14.2,12.4,12.075,12.35,12.9
360,97.4,44.48,31.225,18.1,17.45,17.75,17.75,16.25,16.525,16.24,14.425,14.925,14.4,12.575,12.2,12.5,13
361,97.3,44.08,30.975,17.98,17.475,17.75,17.75,16.25,16.5,16.22,14.45,14.925,14.4,12.55,12.2,12.45,13
362,97.3,43.9,30.7,17.94,17.45,17.775,17.725,16.25,16.5,16.26,14.475,14.9,14.425,12.625,12.25,12.5,13
363,97.3,43.8,30.725,18.02,17.575,17.95,17.775,16.25,16.6,16.5,14.7,15,14.575,12.75,12.35,12.525,13.15
364,97.3,43.84,30.775,18.3,17.85,18.125,18.025,16.525,16.95,16.78,15.025,15.45,14.975,12.95,12.625,12.775,13.45
365,97.6,44.06,30.875,18.58,18.025,18.375,18.35,16.9,17.35,17.08,15.375,15.775,15.2,13.325,12.9,13.025,13.725
366,97.7,44.16,30.95,18.72,18.25,18.65,18.65,17.075,17.55,17.34,15.65,16.025,15.475,13.525,13.15,13.3,13.925
367,97.7,44.26,31.075,18.82,18.45,18.9,18.9,17.325,17.775,17.66,15.9,16.25,15.725,13.8,13.375,13.525,14.15
368,97.8,44.48,31.2,19.1,18.65,19.2,19.175,17.65,18.075,17.98,16.125,16.5,16,14,13.625,13.75,14.375
369,97.8,44.6,31.425,19.34,18.95,19.45,19.425,17.9,18.4,18.24,16.45,16.875,16.3,14.3,13.9,14.05,14.65
370,97.8,44.66,31.55,19.5,19.125,19.625,19.625,18.175,18.675,18.48,16.65,17.1,16.5,14.525,14.1,14.25,14.825
371,97.8,44.68,31.575,19.64,19.275,19.8,19.85,18.375,18.9,18.68,16.8,17.3,16.7,14.7,14.275,14.45,14.975
372,97.8,44.8,31.65,19.76,19.5,19.925,20.05,18.575,19.125,18.9,17.075,17.5,16.925,14.925,14.475,14.65,15.2
373,97.8,44.88,31.725,19.96,19.8,20.15,20.325,18.825,19.4,19.18,17.35,17.8,17.2,15.2,14.675,14.925,15.425
374,97.7,44.96,31.8,20.1,20.05,20.375,20.625,19.125,19.6,19.48,17.575,18.1,17.375,15.4,14.9,15.15,15.675
375,97.7,45.06,31.9,20.22,20.125,20.45,20.75,19.3,19.75,19.62,17.725,18.2,17.625,15.625,15.075,15.35,15.825
376,97.8,44.98,31.75,20.22,20.125,20.475,20.75,19.275,19.825,19.64,17.75,18.35,17.65,15.625,15.125,15.35,15.825
377,97.8,44.78,31.525,20.22,20.075,20.45,20.725,19.25,19.8,19.64,17.75,18.375,17.625,15.575,15.1,15.35,15.825
378,97.8,44.52,31.4,20.22,20.075,20.425,20.725,19.25,19.8,19.64,17.775,18.375,17.675,15.625,15.1,15.325,15.85
379,97.7,44.46,31.375,20.24,20.175,20.525,20.725,19.325,19.9,19.78,17.95,18.475,17.75,15.75,15.25,15.4,15.95
380,97.7,44.5,31.375,20.4,20.375,20.725,21.025,19.575,20.175,20.08,18.2,18.7,18.075,16,15.475,15.725,16.225
381,97.8,44.7,31.5,20.66,20.65,20.95,21.325,19.85,20.5,20.36,18.5,19,18.325,16.3,15.725,15.95,16.45
382,97.8,44.7,31.55,20.74,20.85,21.1,21.5,20.05,20.725,20.56,18.675,19.225,18.475,16.475,15.925,16.125,16.6
383,97.9,44.72,31.525,20.78,20.9,21.15,21.575,20.125,20.775,20.68,18.7,19.325,18.625,16.525,16.05,16.2,16.65
384,97.9,44.74,31.525,20.86,20.95,21.25,21.625,20.25,20.9,20.78,18.875,19.45,18.75,16.675,16.15,16.3,16.85
385,97.8,44.74,31.45,20.92,21.125,21.375,21.725,20.4,21,20.98,18.95,19.6,18.9,16.85,16.225,16.4,16.925
386,97.8,44.72,31.45,21.06,21.15,21.525,21.875,20.575,21.075,21,19.075,19.725,19.025,16.875,16.325,16.525,17
387,97.8,44.74,31.45,21.14,21.3,21.65,22.025,20.575,21.2,21.12,19.225,19.85,19.125,17,16.475,16.625,17.125
388,97.9,44.78,31.475,21.34,21.4,21.775,22.1,20.75,21.475,21.4,19.375,19.925,19.275,17.075,16.675,16.9,17.25
389,97.8,44.82,31.5,21.58,21.625,22,22.425,21,21.725,21.66,19.675,20.325,19.575,17.425,16.9,17.075,17.55
390,97.8,45.44,32.3,22.22,22.275,22.675,23.15,21.775,22.45,22.32,20.375,21.1,20.175,17.975,17.5,17.675,18.1
391,97.8,45.68,32.625,22.54,22.6,23.025,23.5,22.075,22.8,22.54,20.575,21.35,20.55,18.3,17.675,17.875,18.35
392,97.8,45.74,32.7,22.58,22.875,23.225,23.625,22.2,23.075,22.78,20.775,21.45,20.675,18.4,17.775,18,18.525
393,97.7,45.8,32.7,22.68,23.025,23.35,23.65,22.425,23.15,22.98,20.95,21.6,20.725,18.6,18,18.175,18.625
394,97.7,45.8,32.65,22.8,23.15,23.5,23.825,22.55,23.275,23.1,21.025,21.725,20.825,18.775,18.05,18.275,18.7
395,97.8,45.86,32.65,23,23.275,23.6,23.875,22.55,23.325,23.3,21.175,21.85,20.95,18.9,18.3,18.325,18.775
396,97.8,45.86,32.75,23.14,23.45,23.825,24.125,22.725,23.575,23.46,21.375,22.125,21.225,19.025,18.45,18.55,19.075
397,97.8,46.04,32.975,23.38,23.675,24,24.35,23.05,23.9,23.68,21.625,22.325,21.5,19.25,18.7,18.8,19.25
398,98.1,46.16,32.975,23.6,23.85,24.2,24.55,23.25,24.05,23.86,21.8,22.5,21.65,19.375,18.825,18.975,19.425
399,98.1,46.2,32.975,23.68,23.975,24.3,24.725,23.375,24.2,24.02,21.9,22.7,21.75,19.5,18.925,19.125,19.525
400,98.1,46.26,33.075,23.88,24.15,24.525,24.925,23.575,24.35,24.18,21.975,22.85,21.925,19.675,19.125,19.275,19.725
401,98.1,46.38,33.15,24.04,24.325,24.675,25.15,23.8,24.475,24.36,22.225,23.05,22.1,19.925,19.275,19.4,19.9
402,98.1,46.44,33.225,24.22,24.525,24.775,25.375,23.875,24.8,24.54,22.425,23.275,22.275,20.1,19.425,19.575,20.075
403,98.1,46.5,33.25,24.26,24.625,24.8,25.45,24.075,24.925,24.66,22.5,23.35,22.4,20.175,19.6,19.7,20.225
404,98.1,46.5,33.225,24.36,24.725,24.875,25.5,24.1,24.925,24.74,22.525,23.375,22.425,20.175,19.6,19.7,20.25
405,98,46.38,33.225,24.36,24.725,24.95,25.525,24.2,24.975,24.8,22.575,23.5,22.475,20.25,19.625,19.8,20.325
406,98,46.38,33.25,24.42,24.825,25.1,25.625,24.2,25.025,24.86,22.675,23.55,22.55,20.325,19.725,19.85,20.4
407,98,46.36,33.25,24.52,24.925,25.225,25.825,24.425,25.125,25,22.875,23.775,22.7,20.5,19.825,19.975,20.525
408,98,46.4,33.325,24.76,25.125,25.45,25.975,24.6,25.3,25.2,23.025,23.9,22.925,20.7,20.05,20.125,20.625
409,98,46.48,33.375,24.86,25.225,25.55,26.2,24.775,25.55,25.28,23.125,24.05,23.075,20.825,20.225,20.2,20.8
410,98.1,46.52,33.375,24.96,25.3,25.625,26.25,24.825,25.675,25.4,23.25,24.15,23.125,20.925,20.325,20.3,20.9
411,98.1,46.52,33.325,25,25.375,25.725,26.3,24.9,25.725,25.46,23.3,24.175,23.15,20.975,20.35,20.4,20.975
412,98.1,46.52,33.325,25.14,25.525,25.825,26.425,25.075,25.85,25.6,23.425,24.275,23.25,21.075,20.525,20.5,21.075
413,98,46.56,33.35,25.22,25.65,25.925,26.55,25.175,25.975,25.76,23.625,24.475,23.425,21.2,20.625,20.675,21.225
414,98.1,46.62,33.425,25.4,25.85,26.05,26.775,25.375,26.1,25.92,23.7,24.6,23.65,21.275,20.75,20.875,21.35
415,98.1,46.7,33.5,25.58,25.9,26.225,26.825,25.425,26.275,26.08,23.775,24.675,23.7,21.5,20.8,20.95,21.45
416,98.1,46.76,33.55,25.66,26.05,26.375,26.975,25.55,26.425,26.2,23.85,24.9,23.875,21.6,20.975,21.05,21.55
417,98.1,46.78,33.6,25.82,26.175,26.525,27.125,25.75,26.525,26.34,24.05,25.125,24,21.675,21.125,21.2,21.725
418,98.1,46.84,33.65,26,26.375,26.65,27.375,25.95,26.725,26.5,24.2,25.25,24.175,21.875,21.25,21.325,21.825
419,98.1,46.9,33.75,26.12,26.525,26.8,27.55,26.1,26.9,26.64,24.325,25.425,24.325,22,21.425,21.5,22.025
420,98.1,47,33.8,26.24,26.675,26.925,27.675,26.225,27.025,26.8,24.45,25.55,24.425,22.125,21.475,21.575,22.125
421,98.1,47,33.775,26.26,26.725,26.975,27.725,26.325,27.1,26.86,24.525,25.6,24.475,22.225,21.55,21.625,22.225
422,98.1,46.98,33.75,26.32,26.75,27.075,27.75,26.325,27.15,26.94,24.55,25.65,24.5,22.25,21.625,21.625,22.225
423,98.3,47.02,33.725,26.46,26.825,27.125,27.825,26.425,27.25,27.04,24.65,25.75,24.625,22.25,21.725,21.7,22.275
424,98.3,47.02,33.725,26.54,26.925,27.225,27.95,26.525,27.3,27.14,24.725,25.825,24.725,22.35,21.825,21.8,22.4
425,98.3,47,33.75,26.58,27,27.275,28,26.6,27.425,27.14,24.85,25.875,24.775,22.4,21.825,21.875,22.5
426,98.3,46.96,33.75,26.66,27.05,27.45,28.05,26.625,27.45,27.22,24.9,25.95,24.825,22.475,21.925,21.875,22.55
427,98.3,46.96,33.8,26.7,27.15,27.525,28.075,26.675,27.525,27.3,24.95,26.025,24.9,22.525,22.025,21.95,22.6
428,98.3,47.02,33.8,26.78,27.225,27.575,28.2,26.75,27.625,27.42,25.025,26.075,24.975,22.6,22.05,22.05,22.675
429,98.2,46.98,33.825,26.92,27.325,27.675,28.3,26.85,27.675,27.52,25.1,26.15,25.05,22.725,22.225,22.1,22.775
430,98.2,47,33.8,26.92,27.425,27.775,28.425,26.95,27.775,27.58,25.2,26.225,25.075,22.75,22.25,22.2,22.875
431,98.2,47,33.85,27.06,27.5,27.825,28.5,27.025,27.875,27.7,25.3,26.325,25.2,22.9,22.3,22.25,22.95
432,98.2,47.06,33.9,27.2,27.575,27.95,28.625,27.275,28.075,27.74,25.4,26.5,25.3,23.075,22.35,22.325,23
433,98.2,47.08,33.925,27.3,27.675,28.075,28.775,27.375,28.15,27.88,25.475,26.6,25.425,23.125,22.475,22.45,23.15
434,98.2,47.12,33.925,27.38,27.725,28.15,28.9,27.425,28.275,28,25.625,26.75,25.525,23.2,22.6,22.55,23.2
435,98.2,47.16,33.95,27.44,27.925,28.275,28.975,27.525,28.325,28.16,25.7,26.825,25.625,23.3,22.75,22.625,23.325
436,98.4,47.22,34.025,27.58,27.975,28.325,29.075,27.575,28.475,28.24,25.775,26.925,25.75,23.35,22.8,22.65,23.45
437,98.3,47.2,34.05,27.68,28.075,28.475,29.225,27.65,28.6,28.36,25.9,27.025,25.875,23.45,22.85,22.8,23.5
438,98.3,47.26,34.1,27.76,28.2,28.55,29.325,27.8,28.7,28.44,26,27.125,25.975,23.55,22.95,22.9,23.525
439,98.3,47.34,34.15,27.92,28.3,28.7,29.45,27.925,28.825,28.56,26.075,27.25,26.1,23.6,23,23.025,23.675
440,98.3,47.34,34.225,28.02,28.425,28.8,29.6,28.075,28.925,28.66,26.175,27.375,26.275,23.675,23.075,23.15,23.8
441,98.2,47.4,34.275,28.1,28.55,28.9,29.675,28.15,29.025,28.78,26.275,27.475,26.35,23.85,23.2,23.2,23.875
442,98.2,47.38,34.275,28.22,28.525,29.025,29.75,28.2,29.075,28.86,26.375,27.525,26.35,23.875,23.25,23.225,23.925
443,98.2,47.38,34.275,28.32,28.7,29.025,29.775,28.3,29.175,28.9,26.45,27.55,26.475,23.9,23.375,23.25,23.975
444,98.2,47.44,34.3,28.42,28.725,29.15,29.95,28.4,29.25,29.02,26.5,27.625,26.525,24.05,23.425,23.325,24.05
445,98.2,47.46,34.4,28.5,28.9,29.25,30.125,28.525,29.4,29.12,26.6,27.775,26.6,24.125,23.475,23.4,24.15
446,98.2,47.54,34.525,28.64,28.95,29.35,30.2,28.65,29.5,29.26,26.65,27.9,26.75,24.2,23.55,23.55,24.275
447,98.2,47.56,34.575,28.72,29.05,29.475,30.375,28.75,29.575,29.36,26.75,28.025,26.925,24.3,23.6,23.625,24.35
448,98.3,47.6,34.6,28.82,29.125,29.575,30.425,28.75,29.65,29.42,26.8,28.05,26.95,24.325,23.65,23.675,24.45
449,98.2,47.58,34.65,28.9,29.25,29.65,30.45,28.85,29.7,29.48,26.925,28.1,26.95,24.4,23.825,23.725,24.45
450,98.2,47.58,34.675,29,29.325,29.7,30.5,28.925,29.825,29.58,26.975,28.15,27.05,24.475,23.875,23.775,24.5
451,98.2,47.62,34.75,29.1,29.35,29.8,30.725,29.05,29.95,29.64,27.05,28.275,27.1,24.5,23.95,23.85,24.6
452,98.3,47.7,34.775,29.16,29.525,29.925,30.75,29.125,30.05,29.74,27.225,28.45,27.25,24.525,24,23.95,24.625
453,98.2,47.68,34.85,29.26,29.575,29.975,30.825,29.25,30.1,29.84,27.275,28.475,27.325,24.575,24.075,24,24.775
454,98.2,47.7,34.875,29.32,29.625,30.125,30.85,29.25,30.125,29.92,27.35,28.525,27.35,24.675,24.125,24.075,24.8
455,98.2,47.72,34.95,29.38,29.725,30.225,31,29.3,30.175,30.06,27.4,28.6,27.45,24.75,24.15,24.125,24.8
456,98.2,47.78,35.025,29.52,29.85,30.35,31.2,29.475,30.35,30.12,27.575,28.725,27.6,24.9,24.275,24.175,24.95
457,98.2,47.9,35.15,29.7,30.075,30.475,31.4,29.65,30.55,30.3,27.725,28.875,27.75,25,24.375,24.35,25.05
458,98.2,48.08,35.25,29.9,30.2,30.65,31.625,29.825,30.725,30.52,27.825,29.025,27.925,25.1,24.5,24.55,25.25
459,98.3,48.18,35.35,30.04,30.35,30.775,31.775,29.975,30.9,30.66,27.975,29.175,28.05,25.25,24.625,24.7,25.325
460,98.4,48.24,35.35,30.1,30.4,30.825,31.825,30,30.95,30.7,28,29.25,28.05,25.275,24.65,24.7,25.325
461,98.3,48.12,35.35,30.1,30.4,30.9,31.775,30,30.95,30.66,27.975,29.225,28.05,25.275,24.65,24.675,25.35
462,98.3,48.1,35.35,30.14,30.4,30.95,31.8,30,30.95,30.66,28.025,29.175,28.05,25.35,24.675,24.65,25.375
463,98.3,48.12,35.4,30.2,30.475,31.05,31.925,30.125,30.95,30.74,28.125,29.225,28.15,25.35,24.75,24.725,25.45
464,98.2,48.1,35.5,30.32,30.575,31.2,32.025,30.175,31.05,30.96,28.2,29.425,28.225,25.475,24.825,24.825,25.525
465,98.1,48.18,35.6,30.46,30.725,31.3,32.15,30.375,31.2,30.98,28.325,29.5,28.25,25.5,24.925,24.85,25.625
466,98.2,48.32,35.65,30.56,30.775,31.35,32.275,30.425,31.325,31.06,28.4,29.6,28.425,25.575,24.975,24.925,25.7
467,98.3,48.36,35.65,30.64,30.85,31.45,32.325,30.525,31.4,31.16,28.5,29.675,28.475,25.625,25.075,24.975,25.725
468,98.3,48.36,35.725,30.68,30.975,31.5,32.4,30.525,31.475,31.24,28.6,29.725,28.575,25.675,25.15,24.975,25.775
469,98.3,48.36,35.75,30.78,31.05,31.55,32.425,30.7,31.6,31.32,28.6,29.725,28.6,25.7,25.2,25.025,25.825
470,98.3,48.48,35.75,30.86,31.1,31.675,32.65,30.8,31.65,31.42,28.675,29.875,28.675,25.8,25.275,25.2,25.9
471,98.3,48.52,35.95,30.98,31.25,31.85,32.75,30.875,31.7,31.56,28.825,29.975,28.8,25.9,25.325,25.275,25.975
472,98.2,48.54,36.05,31.18,31.425,32.075,32.85,31.05,31.85,31.6,28.925,30.025,28.9,25.975,25.425,25.325,26.05
473,98.2,48.64,36.075,31.28,31.55,32.15,33.025,31.125,31.95,31.7,29.025,30.15,29.025,26.125,25.5,25.425,26.175
474,98.2,48.72,36.25,31.36,31.575,32.2,33.125,31.275,32.1,31.8,29.125,30.225,29.075,26.175,25.575,25.525,26.275
475,98.3,48.82,36.35,31.52,31.7,32.3,33.275,31.4,32.2,31.82,29.225,30.3,29.175,26.25,25.625,25.625,26.3
476,98.2,48.84,36.45,31.68,31.8,32.45,33.375,31.525,32.25,32.06,29.325,30.4,29.3,26.375,25.725,25.725,26.375
477,98.2,48.96,36.5,31.82,31.975,32.6,33.525,31.65,32.375,32.14,29.425,30.575,29.375,26.425,25.8,25.875,26.5
478,98.2,49.04,36.625,31.92,32.075,32.725,33.675,31.825,32.525,32.26,29.55,30.625,29.45,26.525,25.875,25.925,26.525
479,98.2,49.06,36.825,32,32.175,32.875,33.825,31.975,32.675,32.44,29.75,30.75,29.6,26.6,25.975,26,26.675
480,98.2,49.24,37,32.24,32.4,33.025,34.05,32.125,32.925,32.56,29.85,30.9,29.8,26.725,26.1,26.125,26.8
481,98.2,49.48,37.35,32.48,32.75,33.35,34.375,32.45,33.225,32.92,30.15,31.2,30.075,27,26.325,26.35,27.025
482,98.2,49.84,37.725,32.86,33.1,33.65,34.775,32.825,33.6,33.26,30.4,31.55,30.45,27.25,26.575,26.675,27.35
483,98.3,50.02,37.875,33.08,33.3,33.825,35,33,33.825,33.42,30.55,31.775,30.575,27.425,26.675,26.9,27.45
484,98.4,49.96,37.725,32.98,33.225,33.675,34.85,32.9,33.7,33.34,30.425,31.7,30.425,27.325,26.525,26.825,27.325
485,98.3,49.62,37.45,32.84,33,33.55,34.525,32.6,33.35,33.04,30.325,31.4,30.2,27.1,26.425,26.55,27.2
486,98.2,49.52,37.45,32.8,33.025,33.6,34.5,32.625,33.325,33,30.325,31.35,30.175,27.15,26.45,26.525,27.225
487,98.2,49.62,37.575,32.92,33.2,33.725,34.65,32.8,33.45,33.16,30.475,31.45,30.25,27.2,26.5,26.6,27.325
488,98.2,49.66,37.575,32.94,33.225,33.75,34.675,32.8,33.45,33.22,30.5,31.45,30.25,27.225,26.5,26.625,27.325
489,98.2,49.66,37.575,32.96,33.225,33.775,34.725,32.8,33.45,33.22,30.525,31.475,30.25,27.25,26.575,26.625,27.35
490,97.9,49.66,37.8,33.2,33.4,34,34.875,33,33.65,33.34,30.725,31.6,30.475,27.4,26.775,26.725,27.475
491,98,49.9,37.975,33.36,33.55,34.15,35.1,33.2,33.85,33.54,30.875,31.8,30.65,27.525,26.825,26.825,27.6
492,98.1,49.88,37.875,33.38,33.55,34.15,35.025,33.2,33.8,33.5,30.85,31.75,30.575,27.5,26.8,26.825,27.525
493,98,49.76,37.8,33.38,33.5,34.2,34.975,33.175,33.75,33.4,30.875,31.675,30.475,27.5,26.825,26.8,27.475
494,97.8,49.74,37.825,33.52,33.675,34.325,35.05,33.2,33.775,33.5,30.975,31.725,30.575,27.625,27.025,26.85,27.5
495,98,50,38.025,33.72,33.875,34.575,35.4,33.45,34.1,33.76,31.225,31.875,30.7,27.825,27.1,27.1,27.7
496,98,50.2,38.25,34,33.975,34.775,35.575,33.575,34.35,33.96,31.3,32.1,30.95,27.925,27.175,27.225,27.9
497,98,50.22,38.375,34.02,34.05,34.825,35.625,33.7,34.35,34,31.375,32.225,31.05,27.95,27.225,27.275,27.9
498,98,50.24,38.425,34.06,34.05,34.975,35.625,33.7,34.375,34.02,31.425,32.225,31.075,28,27.25,27.325,27.9
499,97.9,50.22,38.475,34.2,34.075,35.025,35.7,33.8,34.45,34.06,31.5,32.25,31.15,28.05,27.25,27.35,27.975
500,98,50.36,38.6,34.3,34.175,35.2,35.8,33.85,34.575,34.16,31.625,32.3,31.2,28.075,27.325,27.375,28.025
501,97.9,50.36,38.725,34.44,34.3,35.3,35.925,34.075,34.625,34.26,31.75,32.475,31.325,28.125,27.425,27.425,28.125
502,98,50.52,38.875,34.54,34.525,35.425,36.175,34.225,34.85,34.44,31.875,32.575,31.4,28.25,27.55,27.6,28.2
503,98,50.66,39.075,34.7,34.65,35.575,36.325,34.35,34.975,34.58,31.95,32.725,31.575,28.3,27.575,27.675,28.325
504,98,50.74,39.2,34.72,34.75,35.625,36.425,34.4,35.025,34.66,32.025,32.775,31.6,28.375,27.575,27.725,28.425
505,98,50.8,39.25,34.8,34.85,35.775,36.525,34.475,35.075,34.74,32.05,32.775,31.725,28.425,27.675,27.8,28.45
506,98,50.88,39.375,34.96,35.025,35.875,36.675,34.6,35.2,34.86,32.125,32.9,31.8,28.575,27.75,27.85,28.525
507,98,50.98,39.55,35.12,35.125,35.95,36.8,34.75,35.3,35,32.3,33.025,31.95,28.675,27.825,27.95,28.625
508,98,51.08,39.725,35.22,35.275,36.15,36.9,34.9,35.45,35.14,32.425,33.175,32.1,28.775,27.9,28.05,28.7
509,98,51.2,39.8,35.36,35.35,36.25,37,35.025,35.55,35.2,32.45,33.25,32.125,28.825,27.975,28.15,28.775
510,98,51.3,39.85,35.44,35.425,36.325,37.1,35.075,35.65,35.32,32.55,33.275,32.225,28.9,28.025,28.225,28.85
511,97.9,51.3,39.9,35.48,35.5,36.4,37.2,35.2,35.7,35.36,32.575,33.4,32.225,29,28.1,28.25,28.875
512,97.9,51.3,39.95,35.52,35.55,36.45,37.225,35.225,35.7,35.4,32.6,33.4,32.275,29,28.1,28.275,28.925
513,97.9,51.32,40.025,35.54,35.6,36.525,37.225,35.25,35.725,35.4,32.7,33.425,32.325,29,28.15,28.275,28.925
514,97.8,51.36,40.125,35.66,35.7,36.675,37.35,35.35,35.825,35.5,32.775,33.475,32.35,29.1,28.225,28.325,28.95
515,97.9,51.58,40.325,35.88,35.85,36.8,37.5,35.575,36.05,35.66,32.95,33.65,32.55,29.2,28.35,28.5,29.125
516,97.9,51.72,40.475,36.06,36.075,37.025,37.775,35.75,36.225,35.88,33.125,33.725,32.75,29.325,28.5,28.625,29.275
517,97.9,51.84,40.65,36.1,36.125,37.05,37.875,35.825,36.275,35.94,33.15,33.825,32.8,29.4,28.525,28.7,29.325
518,97.9,51.8,40.6,36.1,36.15,37.05,37.8,35.825,36.225,35.9,33.15,33.825,32.775,29.375,28.525,28.7,29.3
519,97.9,51.76,40.575,36.06,36.075,37.05,37.7,35.8,36.15,35.82,33.15,33.8,32.75,29.375,28.5,28.65,29.275
520,97.9,51.76,40.55,36.04,36.125,37.1,37.75,35.8,36.15,35.84,33.2,33.8,32.675,29.375,28.525,28.675,29.3
521,97.9,51.86,40.7,36.22,36.175,37.275,37.9,35.95,36.275,35.94,33.25,33.825,32.8,29.45,28.525,28.725,29.375
522,97.9,52.04,40.85,36.46,36.425,37.45,38.075,36.175,36.45,36.12,33.4,34.05,32.95,29.575,28.65,28.85,29.525
523,97.9,52.32,41.15,36.7,36.575,37.675,38.375,36.4,36.75,36.36,33.575,34.275,33.15,29.775,28.85,29.075,29.625
524,97.9,52.46,41.375,36.82,36.75,37.75,38.525,36.525,36.975,36.5,33.7,34.425,33.35,29.975,28.95,29.2,29.825
525,98,52.62,41.575,37.06,36.95,37.975,38.775,36.725,37.1,36.66,33.875,34.525,33.475,30.05,29.075,29.3,29.9
526,98,52.76,41.8,37.22,37.15,38.2,39.025,36.9,37.275,36.8,34.075,34.675,33.6,30.125,29.175,29.375,30.05
527,98,52.82,41.8,37.26,37.225,38.275,39.075,36.9,37.225,36.82,34.1,34.7,33.65,30.175,29.175,29.4,30.075
528,98.1,52.7,41.725,37,37,38.125,38.75,36.625,37.025,36.58,33.95,34.55,33.375,30.125,29.025,29.325,29.9
529,98.1,52.32,41.325,36.78,36.8,37.975,38.325,36.35,36.65,36.3,33.8,34.275,33.05,29.975,28.925,29.025,29.725
530,97.4,52.08,41.35,36.8,36.875,37.95,38.3,36.375,36.65,36.34,33.8,34.175,33.05,29.95,28.925,29,29.725
531,97.4,52.36,41.725,37.16,37.05,38.075,38.65,36.575,36.85,36.5,34.025,34.375,33.275,30.05,29.125,29.275,29.975
532,97.5,52.5,41.8,37.22,37.075,38.225,38.85,36.675,37,36.62,34.125,34.45,33.375,30.1,29.15,29.3,30.025
533,97.5,52.52,41.775,37.22,37.075,38.225,38.825,36.675,36.95,36.58,34.1,34.475,33.375,30.1,29.15,29.275,30.025
534,97.5,52.5,41.775,37.26,37.075,38.225,38.75,36.7,36.9,36.56,34.1,34.45,33.375,30.15,29.15,29.275,29.95
535,97.4,52.5,41.825,37.34,37.225,38.325,38.825,36.775,37.025,36.6,34.15,34.5,33.45,30.225,29.225,29.325,30.025
536,97.5,52.64,41.875,37.38,37.3,38.325,38.95,36.825,37.1,36.68,34.175,34.525,33.475,30.275,29.325,29.35,30.075
537,97.6,52.74,42.075,37.5,37.325,38.525,39.1,36.925,37.15,36.74,34.175,34.625,33.55,30.3,29.35,29.425,30.1
538,97.6,52.98,42.4,37.7,37.65,38.85,39.325,37.275,37.4,36.96,34.4,34.925,33.7,30.525,29.575,29.625,30.325
539,97.6,53.34,42.725,38.04,38.025,39.175,39.6,37.575,37.775,37.3,34.625,35.25,34,30.725,29.75,29.9,30.575
540,97.7,53.48,42.875,38.14,38.05,39.15,39.825,37.675,37.775,37.36,34.675,35.325,34.125,30.75,29.8,29.95,30.625
541,97.7,53.28,42.6,38.08,37.925,39.125,39.625,37.475,37.725,37.22,34.55,35.125,34.025,30.675,29.725,29.85,30.525
542,97.7,53.08,42.325,37.88,37.7,38.85,39.2,37.15,37.45,36.9,34.425,34.9,33.8,30.575,29.6,29.65,30.3
543,97.6,52.96,42.3,37.82,37.625,38.775,39.15,37.075,37.225,36.76,34.45,34.8,33.7,30.425,29.575,29.55,30.3
544,97.6,53.06,42.35,37.86,37.7,38.875,39.225,37.15,37.3,36.76,34.425,34.8,33.8,30.475,29.6,29.675,30.35
545,97.6,53.24,42.525,37.96,37.8,38.975,39.325,37.325,37.5,36.94,34.45,34.875,33.825,30.525,29.65,29.775,30.5
546,97.6,53.34,42.725,38.12,37.875,39.025,39.45,37.45,37.5,37.1,34.525,34.95,33.925,30.625,29.75,29.85,30.5
547,97.6,53.32,42.75,38.12,37.875,39.075,39.45,37.45,37.5,37,34.6,35,33.925,30.65,29.725,29.85,30.525
548,97.6,53.32,42.725,38.1,37.875,39.075,39.45,37.425,37.475,36.96,34.625,34.875,33.925,30.675,29.75,29.775,30.525
549,97.5,53.38,42.85,38.22,37.975,39.175,39.6,37.475,37.5,37.08,34.7,34.925,34,30.775,29.775,29.825,30.6
550,97.5,53.58,43.05,38.34,38.075,39.35,39.7,37.625,37.625,37.14,34.8,35.1,34.1,30.875,29.9,30,30.725
551,97.5,53.72,43.2,38.56,38.25,39.525,39.9,37.825,37.775,37.3,34.9,35.225,34.3,30.925,29.975,30.075,30.85
552,97.7,53.92,43.275,38.62,38.3,39.575,39.975,37.825,37.85,37.3,34.925,35.225,34.3,30.975,30.025,30.15,30.925
553,97.8,53.94,43.325,38.62,38.325,39.65,39.975,37.825,37.8,37.3,34.9,35.2,34.3,30.975,30.025,30.15,30.875
554,97.8,53.94,43.325,38.62,38.35,39.65,39.95,37.825,37.75,37.3,34.9,35.225,34.3,31,30.025,30.15,30.875
555,97.7,53.96,43.4,38.7,38.35,39.7,40,37.9,37.75,37.3,34.9,35.25,34.35,31.05,30.1,30.2,30.95
556,97.7,54.04,43.475,38.74,38.45,39.75,40.1,37.95,37.775,37.34,34.95,35.3,34.375,31.125,30.15,30.25,30.975
557,97.7,54.14,43.6,38.84,38.575,39.85,40.15,38.025,37.825,37.38,35,35.325,34.425,31.125,30.225,30.275,31.025
558,97.8,54.28,43.775,38.9,38.65,39.9,40.2,38.1,37.85,37.38,35.05,35.375,34.475,31.25,30.275,30.325,31.05
559,97.8,54.36,43.925,39,38.75,40,40.3,38.1,37.925,37.44,35.1,35.4,34.525,31.25,30.275,30.375,31.15
560,98,54.84,44.55,39.34,39.2,40.4,40.65,38.55,38.15,37.64,35.225,35.625,34.725,31.475,30.575,30.675,31.375
561,98,54.96,44.75,39.52,39.4,40.7,40.8,38.85,38.25,37.68,35.35,35.7,34.75,31.75,30.8,30.9,31.475
562,97.9,55,44.9,39.6,39.575,40.8,40.9,38.95,38.325,37.72,35.375,35.725,34.825,31.825,30.875,31,31.575
563,97.9,55.22,45.1,39.68,39.775,40.975,41.075,39.1,38.4,37.82,35.425,35.825,34.9,31.925,31.025,31.175,31.65
564,98,55.42,45.275,39.84,39.85,41.075,41.275,39.25,38.45,37.88,35.475,35.9,34.975,31.975,31.075,31.225,31.725
565,98,55.46,45.35,39.96,39.875,41.075,41.225,39.225,38.45,37.88,35.475,35.875,35,32,31.1,31.25,31.75
566,98,55.38,45.325,39.96,39.8,41.025,41.125,39.2,38.35,37.68,35.475,35.775,35,32,31.1,31.225,31.775
567,97.9,55.32,45.35,39.94,39.725,41,41.025,39.15,38.3,37.66,35.475,35.725,34.975,31.975,31.05,31.2,31.725
568,97.9,55.36,45.4,39.98,39.8,41.05,41.025,39.175,38.275,37.66,35.475,35.675,34.975,31.975,31.1,31.2,31.725
569,97.9,55.54,45.5,40.06,39.825,41.1,41.125,39.225,38.3,37.66,35.475,35.75,35.025,32.025,31.125,31.25,31.775
570,97.9,55.64,45.65,40.08,39.875,41.175,41.2,39.3,38.3,37.68,35.475,35.825,35.05,32.075,31.175,31.3,31.8
571,97.8,55.66,45.75,40.1,39.975,41.175,41.2,39.325,38.275,37.74,35.475,35.8,35.1,32.075,31.175,31.4,31.8
572,97.8,55.66,45.75,40.12,39.875,41.175,41.15,39.275,38.2,37.66,35.45,35.8,35.125,32.075,31.2,31.35,31.8
573,97.8,55.64,45.75,40.12,39.875,41.125,41.15,39.225,38.075,37.62,35.4,35.675,35.025,32,31.15,31.325,31.8
574,97.9,55.66,45.75,40.14,39.875,41.125,41.1,39.2,38.075,37.58,35.375,35.65,35.025,31.975,31.125,31.275,31.8
575,97.9,55.66,45.725,40.08,39.85,41.1,41.05,39.2,38,37.42,35.325,35.575,35,31.975,31.125,31.275,31.8
576,97.9,55.64,45.7,40.06,39.825,41.05,40.95,39.175,37.9,37.34,35.25,35.5,34.925,31.975,31.125,31.225,31.8
577,97.9,55.6,45.7,40.06,39.825,41.025,40.9,39.05,37.825,37.28,35.25,35.375,34.875,31.975,31.15,31.225,31.75
578,97.9,55.66,45.725,40.08,39.8,41.025,40.875,39.05,37.8,37.26,35.15,35.375,34.875,31.95,31.15,31.225,31.8
579,97.9,55.74,45.925,40.1,39.85,41,40.875,39.05,37.8,37.22,35.125,35.4,34.85,31.975,31.2,31.25,31.8
580,97.9,55.9,46.075,40.16,39.85,41.05,40.95,39.05,37.8,37.22,35.125,35.4,34.9,31.975,31.2,31.275,31.825
581,97.9,55.92,46.125,40.26,39.875,41.15,41,39.075,37.75,37.22,35.075,35.425,34.925,32.05,31.2,31.3,31.825
582,97.9,56,46.3,40.28,39.9,41.15,41.025,39.1,37.725,37.22,35.075,35.4,34.975,32.075,31.2,31.3,31.875
583,98,56.08,46.4,40.38,40,41.175,41.05,39.1,37.7,37.22,35.1,35.4,35,32.1,31.275,31.325,31.925
584,98,56.16,46.4,40.38,40,41.2,41.075,39.125,37.7,37.2,35.075,35.425,35,32.125,31.275,31.375,31.975
585,98,56.22,46.55,40.4,40.05,41.275,41.125,39.175,37.65,37.2,35.05,35.375,35.075,32.15,31.275,31.425,31.975
586,98,56.36,46.675,40.42,40.075,41.275,41.15,39.175,37.65,37.2,35,35.4,35.075,32.175,31.3,31.45,32.05
587,98.1,56.52,46.775,40.44,40.15,41.275,41.15,39.2,37.625,37.22,35,35.4,35.125,32.225,31.325,31.5,32.1
588,98.1,56.54,46.85,40.46,40.2,41.3,41.2,39.225,37.6,37.22,34.95,35.45,35.15,32.25,31.375,31.525,32.125
589,98.2,56.58,46.9,40.52,40.225,41.325,41.175,39.225,37.475,37.12,34.95,35.375,35.125,32.275,31.4,31.55,32.125
590,98.1,56.58,46.925,40.54,40.15,41.3,41.175,39.2,37.45,37.06,34.875,35.35,35.125,32.25,31.4,31.55,32.125
591,98,56.56,46.925,40.54,40.125,41.325,41.175,39.125,37.375,37,34.875,35.325,35.15,32.25,31.4,31.55,32.125
592,98,56.64,47.025,40.56,40.125,41.325,41.175,39.15,37.35,36.98,34.825,35.3,35.15,32.25,31.425,31.55,32.125
593,98.1,56.8,47.225,40.64,40.175,41.35,41.2,39.225,37.35,36.98,34.825,35.3,35.2,32.25,31.45,31.65,32.2
594,98.1,56.9,47.35,40.7,40.3,41.45,41.3,39.325,37.325,36.98,34.825,35.325,35.25,32.35,31.475,31.675,32.3
595,98,56.96,47.525,40.72,40.35,41.475,41.3,39.325,37.35,37,34.8,35.375,35.3,32.375,31.575,31.725,32.325
596,98,57.02,47.525,40.72,40.325,41.4,41.25,39.275,37.35,36.92,34.725,35.375,35.25,32.375,31.575,31.7,32.325
597,98,56.96,47.45,40.64,40.225,41.25,41.075,39.175,37.125,36.74,34.6,35.25,35.175,32.375,31.475,31.6,32.275
598,98,56.76,47.275,40.46,40.025,41.175,41,39.025,36.95,36.62,34.525,35,35.025,32.3,31.425,31.575,32.25
599,97.9,56.74,47.3,40.46,40,41.15,40.925,38.925,36.9,36.56,34.525,35,35.025,32.275,31.4,31.55,32.25
600,97.9,56.82,47.45,40.54,40.1,41.2,40.975,38.975,36.9,36.56,34.525,35,35.05,32.3,31.475,31.625,32.25
601,98.1,57.1,47.675,40.68,40.225,41.3,41.1,39.025,36.95,36.56,34.525,35.1,35.175,32.35,31.625,31.725,32.35
602,98.1,57.34,47.9,40.8,40.325,41.45,41.25,39.175,36.95,36.68,34.525,35.125,35.3,32.45,31.65,31.825,32.4
603,98.1,57.4,48.05,40.84,40.375,41.55,41.3,39.225,37,36.72,34.55,35.175,35.375,32.5,31.725,31.875,32.475
604,98.2,57.42,48.05,40.76,40.375,41.5,41.275,39.225,36.95,36.74,34.475,35.175,35.3,32.5,31.7,31.875,32.475
605,98.1,57.38,48,40.76,40.275,41.3,41.125,39,36.7,36.52,34.425,35.125,35.225,32.375,31.625,31.875,32.4
606,98,57.16,47.9,40.7,40.2,41.275,41.025,38.925,36.575,36.3,34.35,35,35.1,32.3,31.6,31.8,32.4
607,98,57.22,47.925,40.7,40.15,41.175,40.975,38.925,36.55,36.26,34.35,34.925,35.025,32.35,31.625,31.8,32.4
608,98,57.28,48.075,40.7,40.175,41.25,41,38.95,36.55,36.3,34.325,34.9,35.175,32.425,31.625,31.825,32.45
609,98,57.38,48.075,40.7,40.2,41.25,41,38.95,36.525,36.34,34.325,34.9,35.175,32.45,31.625,31.85,32.45
610,98,57.38,48.075,40.64,40.175,41.25,40.925,38.925,36.425,36.26,34.25,34.9,35.125,32.425,31.6,31.85,32.45
611,98,57.3,48.025,40.62,40.1,41.2,40.775,38.8,36.225,36.06,34.175,34.725,35.075,32.4,31.6,31.775,32.45
612,98,57.34,48.1,40.56,40.05,41.1,40.75,38.725,36.175,35.98,34.175,34.625,35.075,32.4,31.6,31.75,32.45
613,98,57.38,48.125,40.56,40.075,41.1,40.725,38.725,36.15,35.98,34.1,34.625,35.075,32.4,31.575,31.75,32.475
614,98,57.48,48.2,40.56,40.075,41.1,40.75,38.725,36.1,35.96,34.075,34.6,35.075,32.4,31.625,31.8,32.475
615,98.1,57.62,48.3,40.56,40.1,41.1,40.75,38.725,36.1,35.96,34.075,34.6,35.075,32.4,31.65,31.85,32.5
616,98.1,57.68,48.35,40.58,40.125,41.125,40.75,38.75,36.075,35.92,34.05,34.6,35.1,32.45,31.65,31.9,32.55
617,98.2,57.76,48.425,40.64,40.15,41.15,40.75,38.75,36.05,35.88,33.975,34.6,35.1,32.45,31.7,31.95,32.575
618,98.2,57.8,48.45,40.66,40.15,41.2,40.775,38.75,36,35.88,33.925,34.575,35.1,32.45,31.675,31.95,32.625
619,98.2,57.88,48.55,40.66,40.175,41.2,40.775,38.75,35.95,35.86,33.925,34.6,35.1,32.5,31.725,31.975,32.65
620,98.2,57.92,48.65,40.66,40.175,41.2,40.775,38.75,35.9,35.82,33.925,34.6,35.125,32.5,31.75,31.975,32.675
621,98.1,57.94,48.8,40.66,40.15,41.175,40.8,38.75,35.875,35.82,33.875,34.575,35.15,32.5,31.775,32,32.725
622,98.1,58.02,48.9,40.72,40.175,41.175,40.825,38.75,35.875,35.82,33.85,34.55,35.175,32.55,31.8,32.05,32.775
623,98.1,58.12,49,40.76,40.225,41.175,40.825,38.8,35.85,35.8,33.85,34.55,35.175,32.6,31.825,32.1,32.85
624,98.1,58.26,49.125,40.82,40.3,41.25,40.85,38.8,35.825,35.78,33.825,34.55,35.25,32.6,31.9,32.175,32.85
625,98.1,58.3,49.225,40.88,40.3,41.25,40.9,38.85,35.825,35.78,33.825,34.575,35.325,32.625,31.925,32.25,32.925
626,98.2,58.36,49.225,40.88,40.3,41.25,40.875,38.825,35.725,35.76,33.75,34.55,35.325,32.65,31.925,32.25,32.95
627,98.2,58.34,49.225,40.82,40.25,41.225,40.775,38.725,35.6,35.64,33.675,34.45,35.3,32.65,31.9,32.25,32.95
628,98.1,58.28,49.2,40.8,40.175,41.15,40.725,38.6,35.475,35.54,33.65,34.4,35.225,32.625,31.9,32.25,32.9
629,98.1,58.26,49.2,40.7,40.1,41.075,40.675,38.575,35.4,35.46,33.625,34.35,35.225,32.675,31.925,32.25,32.9
630,98.1,58.28,49.2,40.7,40.125,41.05,40.675,38.55,35.4,35.42,33.575,34.35,35.2,32.65,31.925,32.25,32.9
631,98.1,58.32,49.275,40.72,40.15,41.075,40.65,38.55,35.4,35.42,33.575,34.325,35.2,32.7,31.95,32.25,32.95
632,98.1,58.42,49.425,40.72,40.15,41.075,40.65,38.575,35.4,35.42,33.55,34.325,35.2,32.725,32.025,32.35,33.05
633,98.2,58.54,49.5,40.76,40.175,41.1,40.675,38.625,35.325,35.42,33.55,34.325,35.3,32.775,32.05,32.375,33.075
634,98.2,58.54,49.525,40.76,40.175,41.125,40.675,38.6,35.3,35.38,33.5,34.325,35.3,32.75,32.05,32.4,33.125
635,98.2,58.56,49.525,40.76,40.175,41.125,40.65,38.575,35.3,35.36,33.45,34.3,35.275,32.775,32.05,32.4,33.125
636,98.2,58.56,49.525,40.78,40.125,41.125,40.625,38.55,35.25,35.32,33.45,34.275,35.275,32.775,32.05,32.4,33.15
637,98.1,58.58,49.6,40.76,40.125,41.125,40.65,38.55,35.2,35.3,33.425,34.225,35.275,32.8,32.05,32.4,33.15
638,98.1,58.6,49.65,40.76,40.125,41.125,40.625,38.55,35.125,35.28,33.45,34.225,35.275,32.8,32.075,32.4,33.15
639,98.2,58.68,49.7,40.78,40.125,41.125,40.625,38.525,35.1,35.26,33.425,34.225,35.275,32.85,32.15,32.5,33.2
640,98.2,58.76,49.85,40.78,40.175,41.125,40.625,38.575,35.075,35.24,33.4,34.225,35.325,32.85,32.2,32.525,33.275
641,98.2,58.78,49.9,40.82,40.2,41.125,40.65,38.575,35.075,35.24,33.4,34.225,35.325,32.85,32.225,32.575,33.275
642,98.3,58.9,50,40.84,40.2,41.175,40.65,38.575,35.075,35.24,33.4,34.225,35.4,32.9,32.25,32.625,33.325
643,98.3,58.92,50.05,40.88,40.25,41.2,40.675,38.625,35.075,35.24,33.375,34.225,35.425,32.95,32.275,32.675,33.375
644,98.3,58.98,50.075,40.88,40.275,41.2,40.675,38.625,35.075,35.24,33.375,34.275,35.45,33,32.3,32.725,33.425
645,98.3,59,50.225,40.92,40.275,41.2,40.7,38.625,35.025,35.22,33.375,34.25,35.475,33,32.35,32.775,33.425
646,98.3,59.04,50.25,40.98,40.3,41.2,40.7,38.625,35.05,35.22,33.375,34.25,35.525,33.05,32.425,32.8,33.5
647,98.5,59.2,50.325,40.98,40.3,41.2,40.75,38.675,35.05,35.24,33.375,34.25,35.525,33.05,32.45,32.825,33.575
648,98.5,59.22,50.375,40.98,40.325,41.2,40.775,38.7,35.025,35.24,33.375,34.25,35.6,33.075,32.525,32.85,33.65
649,98.5,59.26,50.45,41.02,40.4,41.225,40.775,38.725,35.025,35.24,33.375,34.25,35.625,33.175,32.55,32.925,33.675
650,98.4,59.3,50.5,41.04,40.4,41.25,40.775,38.725,35.05,35.24,33.35,34.3,35.625,33.225,32.575,32.975,33.775
651,98.4,59.32,50.55,41.06,40.425,41.275,40.8,38.725,35.05,35.24,33.375,34.325,35.675,33.25,32.6,33,33.825
652,98.4,59.34,50.575,41.06,40.425,41.275,40.8,38.725,35.025,35.24,33.375,34.325,35.725,33.3,32.675,33.05,33.825
653,98.4,59.36,50.6,41.08,40.425,41.275,40.8,38.725,34.975,35.24,33.375,34.325,35.725,33.3,32.675,33.1,33.9
654,98.4,59.36,50.65,41.08,40.45,41.3,40.8,38.75,34.95,35.22,33.375,34.325,35.775,33.35,32.7,33.2,33.9
655,98.4,59.42,50.7,41.1,40.45,41.35,40.8,38.75,34.95,35.24,33.4,34.375,35.8,33.4,32.775,33.2,33.975
656,98.3,59.52,50.825,41.18,40.475,41.4,40.85,38.8,34.95,35.28,33.425,34.4,35.9,33.5,32.825,33.3,34.075
657,98.3,59.68,51.05,41.26,40.575,41.475,40.95,38.975,35.025,35.36,33.475,34.525,35.975,33.625,32.95,33.4,34.225
658,98.4,59.78,51.15,41.3,40.725,41.575,41.075,39.05,35.1,35.46,33.525,34.625,36.1,33.675,33.025,33.575,34.3
659,98.4,59.84,51.25,41.3,40.725,41.575,41.125,39.05,35.1,35.46,33.525,34.625,36.1,33.725,33.025,33.575,34.325
660,98.4,59.78,51.125,41.3,40.675,41.55,41.05,39,35.05,35.42,33.525,34.625,36.1,33.725,33.025,33.575,34.325
661,98.3,59.66,51.075,41.22,40.625,41.5,40.9,38.95,35,35.36,33.5,34.55,36.1,33.7,33.025,33.575,34.325
662,98.3,59.6,50.975,41.16,40.55,41.45,40.875,38.875,34.925,35.3,33.475,34.5,36.075,33.7,33.05,33.575,34.325
663,98.2,59.58,50.95,41.16,40.55,41.45,40.85,38.85,34.925,35.3,33.475,34.5,36.075,33.725,33.075,33.575,34.35
664,98.2,59.62,51,41.16,40.55,41.475,40.875,38.875,34.925,35.3,33.525,34.525,36.1,33.8,33.175,33.7,34.425
665,98.2,59.68,51.1,41.24,40.625,41.525,40.9,38.9,34.925,35.34,33.55,34.575,36.15,33.85,33.175,33.75,34.525
666,98.1,59.76,51.225,41.26,40.7,41.575,41.025,38.975,35.025,35.38,33.6,34.625,36.225,33.95,33.275,33.85,34.6
667,98.2,59.82,51.325,41.28,40.75,41.625,41.075,39.05,35.05,35.42,33.675,34.7,36.275,34,33.35,34,34.725
668,98.2,59.94,51.425,41.34,40.8,41.675,41.125,39.175,35.125,35.52,33.7,34.8,36.4,34.125,33.425,34.1,34.775
669,98.2,59.94,51.45,41.42,40.875,41.725,41.175,39.175,35.15,35.54,33.7,34.825,36.45,34.175,33.475,34.125,34.825
670,98.2,59.94,51.475,41.42,40.9,41.725,41.175,39.225,35.15,35.6,33.75,34.85,36.55,34.175,33.525,34.175,34.875
671,98.2,59.98,51.5,41.46,40.9,41.725,41.175,39.25,35.175,35.6,33.8,34.875,36.55,34.2,33.575,34.175,34.9
672,98.2,60.02,51.55,41.46,40.95,41.75,41.175,39.3,35.2,35.64,33.8,34.925,36.6,34.3,33.675,34.25,35
673,98.2,60.04,51.575,41.5,40.95,41.775,41.25,39.3,35.25,35.68,33.9,34.95,36.65,34.35,33.7,34.3,35.05
674,98.2,60.14,51.6,41.56,41,41.825,41.3,39.4,35.3,35.76,33.975,35.025,36.725,34.5,33.8,34.375,35.15
675,98.2,60.14,51.675,41.58,41.075,41.9,41.325,39.45,35.4,35.82,34.025,35.15,36.775,34.525,33.9,34.425,35.225
676,98.2,60.18,51.775,41.64,41.1,41.975,41.425,39.475,35.45,35.86,34.1,35.2,36.9,34.625,33.975,34.575,35.325
677,98.2,60.24,51.85,41.7,41.225,42.075,41.525,39.55,35.5,35.94,34.125,35.3,37.025,34.75,34.075,34.725,35.45
678,98.2,60.36,52.1,41.78,41.3,42.2,41.65,39.7,35.575,36.02,34.275,35.425,37.075,34.85,34.2,34.825,35.55
679,98.2,60.44,52.175,41.82,41.375,42.3,41.725,39.85,35.65,36.18,34.375,35.55,37.2,34.95,34.275,34.975,35.65
680,98.2,60.5,52.225,41.88,41.425,42.3,41.75,39.85,35.725,36.2,34.4,35.6,37.275,35,34.325,35.025,35.725
681,98.3,60.54,52.2,41.9,41.425,42.3,41.75,39.85,35.75,36.2,34.425,35.6,37.275,35.025,34.35,35.025,35.775
682,98.2,60.46,52.15,41.9,41.425,42.3,41.75,39.85,35.75,36.24,34.425,35.6,37.325,35.05,34.375,35.025,35.775
683,98.2,60.38,52.175,41.9,41.425,42.3,41.725,39.85,35.75,36.24,34.5,35.625,37.35,35.125,34.45,35.1,35.825
684,98.2,60.38,52.175,41.9,41.425,42.325,41.725,39.85,35.8,36.24,34.575,35.7,37.35,35.2,34.475,35.125,35.875
685,98.2,60.38,52.2,41.94,41.475,42.375,41.825,39.925,35.85,36.28,34.625,35.725,37.425,35.325,34.625,35.225,35.95
686,98.2,60.48,52.25,41.96,41.525,42.45,41.925,40.025,35.875,36.42,34.75,35.875,37.55,35.375,34.7,35.325,36.075
687,98.2,60.52,52.325,42.02,41.575,42.55,42,40.075,35.975,36.48,34.8,35.975,37.575,35.5,34.75,35.5,36.175
688,98.2,60.54,52.425,42.04,41.625,42.625,42,40.125,36.05,36.54,34.825,36.075,37.7,35.55,34.9,35.625,36.275
689,98.2,60.6,52.475,42.06,41.725,42.675,42.075,40.225,36.2,36.58,34.925,36.175,37.8,35.65,34.9,35.7,36.375
690,98.2,60.66,52.525,42.16,41.775,42.75,42.125,40.3,36.225,36.74,34.975,36.225,37.85,35.7,35,35.75,36.45
691,98.2,60.72,52.575,42.2,41.85,42.775,42.175,40.325,36.35,36.8,35.05,36.275,37.95,35.85,35.1,35.85,36.525
692,98.2,60.78,52.6,42.28,41.95,42.825,42.225,40.425,36.475,36.88,35.2,36.325,38.1,35.925,35.225,35.925,36.625
693,98.2,60.8,52.675,42.3,42.025,42.975,42.35,40.5,36.55,37.02,35.3,36.475,38.175,36.025,35.25,36.05,36.725
694,98.3,60.88,52.75,42.4,42.15,43.05,42.425,40.6,36.6,37.16,35.425,36.6,38.25,36.15,35.425,36.125,36.9
695,98.3,60.92,52.8,42.44,42.3,43.125,42.575,40.75,36.725,37.26,35.5,36.725,38.4,36.225,35.575,36.225,36.975
696,98.4,61.1,52.975,42.6,42.45,43.3,42.75,40.9,36.925,37.46,35.65,36.95,38.6,36.4,35.675,36.425,37.125
697,98.4,61.26,53.125,42.76,42.625,43.425,42.9,41.15,37.025,37.68,35.775,37.125,38.8,36.575,35.85,36.625,37.375
698,98.4,61.34,53.225,42.9,42.7,43.475,43.075,41.25,37.2,37.76,35.875,37.25,38.925,36.7,35.925,36.8,37.475
699,98.4,61.34,53.225,42.9,42.7,43.475,43.075,41.225,37.25,37.82,35.925,37.275,38.975,36.775,35.925,36.825,37.525
700,98.4,61.3,53.15,42.88,42.7,43.475,43.05,41.25,37.2,37.82,35.95,37.275,38.975,36.8,35.925,36.825,37.5
701,98.3,61.12,53.125,42.88,42.625,43.475,42.975,41.225,37.225,37.8,35.975,37.275,38.975,36.775,35.975,36.8,37.5
702,98.3,61.04,53.025,42.82,42.6,43.475,42.95,41.2,37.225,37.78,36.075,37.275,38.875,36.85,36.025,36.825,37.525
703,98.2,61,53.025,42.82,42.6,43.525,42.95,41.2,37.3,37.84,36.2,37.3,38.95,36.875,36.175,36.9,37.6
704,98.2,61.06,53.025,42.84,42.725,43.625,43.025,41.25,37.4,37.9,36.3,37.35,39.1,37.025,36.25,37,37.65
705,98.3,61.12,53.1,42.86,42.775,43.65,43.125,41.35,37.55,38.04,36.35,37.55,39.2,37.05,36.375,37.15,37.825
706,98.3,61.2,53.15,42.96,42.875,43.7,43.175,41.475,37.7,38.18,36.525,37.65,39.4,37.2,36.475,37.275,37.925
707,98.3,61.26,53.175,43.04,42.975,43.825,43.3,41.6,37.825,38.34,36.575,37.85,39.45,37.375,36.575,37.4,38
708,98.3,61.34,53.275,43.16,43.1,43.9,43.4,41.7,37.95,38.42,36.675,37.875,39.6,37.45,36.65,37.5,38.125
709,98.3,61.38,53.3,43.18,43.1,44,43.475,41.8,38,38.52,36.7,37.975,39.7,37.575,36.75,37.55,38.275
710,98.4,61.44,53.325,43.28,43.2,44.05,43.525,41.875,38.125,38.64,36.9,38.125,39.75,37.625,36.825,37.675,38.375
711,98.4,61.44,53.375,43.32,43.25,44.15,43.65,42,38.2,38.7,37,38.25,39.825,37.7,36.9,37.8,38.475
712,98.4,61.5,53.4,43.4,43.35,44.2,43.725,42,38.325,38.78,37.15,38.325,39.9,37.8,36.925,37.85,38.575
713,98.4,61.52,53.4,43.42,43.4,44.3,43.8,42.075,38.4,38.88,37.25,38.45,39.95,37.9,37.05,37.975,38.675
714,98.4,61.54,53.525,43.5,43.45,44.4,43.9,42.175,38.55,39,37.325,38.55,40.125,38,37.125,38.1,38.7
715,98.4,61.6,53.55,43.58,43.55,44.475,43.925,42.275,38.6,39.14,37.4,38.675,40.2,38.175,37.25,38.225,38.825
716,98.4,61.64,53.55,43.6,43.6,44.6,43.975,42.375,38.75,39.22,37.525,38.7,40.325,38.2,37.35,38.275,38.875
717,98.4,61.66,53.6,43.68,43.625,44.6,44.025,42.4,38.8,39.3,37.575,38.775,40.375,38.3,37.475,38.3,38.9
718,98.3,61.62,53.625,43.72,43.65,44.625,44.05,42.45,38.85,39.42,37.6,38.85,40.4,38.325,37.5,38.375,38.975
719,98.4,61.64,53.6,43.74,43.7,44.7,44.075,42.5,38.9,39.44,37.675,38.875,40.475,38.425,37.525,38.4,39.05
720,98.4,61.64,53.625,43.78,43.725,44.775,44.15,42.55,39.05,39.5,37.775,39,40.575,38.475,37.625,38.575,39.125
721,98.4,61.66,53.6,43.86,43.8,44.9,44.225,42.6,39.15,39.6,37.925,39.125,40.725,38.55,37.725,38.625,39.225
722,98.5,61.76,53.6,44.02,43.9,44.925,44.35,42.7,39.225,39.72,38.05,39.2,40.8,38.7,37.825,38.7,39.35
723,98.5,61.84,53.675,44.08,43.975,45.025,44.4,42.8,39.375,39.9,38.15,39.325,40.875,38.775,37.875,38.75,39.375
724,98.6,61.88,53.7,44.12,44.075,45.1,44.425,42.925,39.5,39.98,38.25,39.5,40.925,38.875,37.975,38.8,39.475
725,98.6,61.88,53.725,44.22,44.125,45.2,44.575,43.025,39.575,40.06,38.4,39.6,41.025,38.975,38.1,38.975,39.675
726,98.7,62.06,53.825,44.32,44.175,45.3,44.725,43.125,39.725,40.22,38.525,39.65,41.225,39.05,38.2,39,39.725
727,98.7,62.1,53.9,44.4,44.275,45.325,44.775,43.225,39.775,40.38,38.6,39.825,41.3,39.1,38.3,39.175,39.85
728,98.7,62.16,53.925,44.48,44.375,45.425,44.875,43.275,39.85,40.56,38.7,39.95,41.375,39.2,38.375,39.225,40
729,99,62.42,53.875,44.6,44.45,45.5,44.925,43.375,39.975,40.72,38.75,40.05,41.5,39.275,38.45,39.4,40.05
730,99,62.52,53.85,44.68,44.65,45.475,45,43.4,40.15,40.96,38.825,40.15,41.625,39.425,38.475,39.5,40.125
731,99.1,62.56,53.85,44.78,44.775,45.55,45.1,43.55,40.35,41.14,39,40.3,41.7,39.55,38.55,39.575,40.25
732,99,62.58,53.875,44.82,44.975,45.675,45.175,43.65,40.425,41.26,39.05,40.475,41.825,39.675,38.6,39.65,40.375
733,99,62.6,53.875,44.9,45.075,45.725,45.3,43.85,40.6,41.32,39.2,40.6,42.075,39.775,38.825,39.8,40.525
734,99.1,62.68,53.95,44.9,45.1,45.825,45.35,44,40.675,41.42,39.325,40.725,42.075,39.9,38.9,39.85,40.625
735,99.1,62.68,54,45,45.15,45.875,45.5,44.075,40.825,41.48,39.5,40.875,42.175,40.1,38.975,40,40.75
736,99.1,62.68,54.05,45.08,45.2,45.975,45.575,44.125,40.875,41.6,39.625,40.875,42.275,40.225,39.125,40.15,40.875
737,99.1,62.7,54.1,45.08,45.3,46,45.675,44.225,41.1,41.72,39.725,41.075,42.5,40.35,39.325,40.35,40.975
738,99.1,62.7,54.225,45.12,45.425,46.125,45.725,44.325,41.25,41.88,40,41.175,42.65,40.625,39.475,40.525,41.15
739,98.9,62.64,54.5,45.18,45.45,46.35,45.875,44.45,41.45,41.98,40.1,41.3,42.725,40.725,39.7,40.65,41.2
740,98.8,62.62,54.625,45.22,45.5,46.45,46.025,44.575,41.575,42.02,40.25,41.4,42.8,40.825,39.8,40.825,41.35
741,98.7,62.6,54.725,45.26,45.525,46.55,46.1,44.7,41.675,42.06,40.325,41.5,42.975,40.95,39.9,41.025,41.45
742,98.7,62.62,54.775,45.28,45.55,46.6,46.175,44.775,41.75,42.12,40.4,41.6,43.075,41.05,39.975,41.05,41.525
743,98.7,62.62,54.825,45.3,45.675,46.625,46.2,44.95,41.825,42.22,40.55,41.875,43.175,41.15,40.075,41.075,41.7
744,98.7,62.7,54.975,45.36,45.75,46.775,46.325,45.05,41.975,42.32,40.8,42.025,43.275,41.275,40.225,41.25,41.85
745,98.6,62.66,55.075,45.48,45.85,46.8,46.475,45.15,42.15,42.42,40.95,42.15,43.325,41.4,40.325,41.425,42
746,98.6,62.68,55.125,45.54,46.025,46.875,46.6,45.25,42.375,42.64,40.975,42.225,43.4,41.575,40.45,41.475,42.05
747,98.6,62.7,55.175,45.6,46.075,46.975,46.675,45.35,42.5,42.74,41.125,42.35,43.55,41.625,40.6,41.625,42.2
748,98.6,62.74,55.175,45.66,46.2,47.1,46.725,45.5,42.525,42.9,41.3,42.5,43.675,41.75,40.7,41.775,42.3
749,98.6,62.78,55.225,45.7,46.3,47.15,46.825,45.6,42.675,42.98,41.45,42.6,43.7,41.85,40.85,41.8,42.425
750,98.6,62.82,55.225,45.78,46.375,47.375,47,45.675,42.825,43.12,41.55,42.775,43.875,41.95,40.925,41.95,42.575
751,98.6,62.84,55.275,45.78,46.425,47.375,47.1,45.75,42.95,43.34,41.625,42.875,43.975,42.2,40.95,42.025,42.675
752,98.6,62.86,55.35,45.86,46.475,47.425,47.125,45.825,43.1,43.4,41.675,42.9,43.975,42.225,41.075,42.075,42.75
753,98.6,62.94,55.425,45.96,46.525,47.475,47.2,46,43.2,43.46,41.8,43,44.05,42.275,41.15,42.225,42.8
754,98.6,62.96,55.475,46,46.575,47.575,47.2,46.05,43.3,43.54,41.85,43.125,44.15,42.325,41.15,42.325,42.85
755,98.5,62.92,55.525,46.08,46.6,47.575,47.175,46.075,43.425,43.6,42.05,43.175,44.35,42.45,41.25,42.375,42.9
756,98.6,62.98,55.575,46.06,46.75,47.625,47.3,46.15,43.525,43.7,42.25,43.275,44.35,42.5,41.4,42.525,43
757,98.6,62.98,55.65,46.14,46.775,47.7,47.325,46.175,43.55,43.86,42.325,43.375,44.4,42.55,41.45,42.625,43.025
758,98.6,62.98,55.625,46.22,46.85,47.975,47.475,46.225,43.625,43.96,42.35,43.55,44.55,42.7,41.575,42.625,43.05
759,98.4,62.92,55.65,46.3,46.9,48,47.55,46.4,43.8,43.98,42.45,43.75,44.7,42.875,41.675,42.675,43.075
760,98.5,63.02,55.675,46.3,46.925,48.025,47.6,46.575,43.925,44.02,42.6,43.875,44.775,42.95,41.725,42.9,43.175
761,98.6,63.06,55.725,46.34,47,48.05,47.75,46.775,44.025,44.26,42.775,44,44.975,43.075,41.925,43.075,43.425
762,98.6,63.06,55.7,46.4,47.075,48.1,47.825,46.775,44.225,44.34,42.9,44.05,44.975,43.075,42,43.35,43.575
763,98.5,63.32,55.875,46.54,47.375,48.15,47.925,47,44.425,44.64,43,44.2,45.1,43.25,42.225,43.45,43.725
764,98.4,63.44,56.15,46.68,47.55,48.375,48.325,47.2,44.7,45,43.225,44.475,45.475,43.525,42.3,43.6,43.875
765,98.4,63.42,56.15,46.78,47.625,48.475,48.35,47.2,44.875,45.08,43.35,44.575,45.5,43.575,42.375,43.6,44.025
766,98.4,63.34,56.125,46.76,47.65,48.575,48.325,47.2,44.9,45.12,43.375,44.6,45.5,43.625,42.375,43.6,44.025
767,98.4,63.28,56.125,46.78,47.675,48.575,48.325,47.2,44.9,45.1,43.5,44.6,45.525,43.725,42.45,43.6,44.15
768,98.4,63.24,56.075,46.8,47.65,48.625,48.35,47.225,44.95,45.08,43.625,44.625,45.575,43.75,42.475,43.75,44.175
769,98.4,63.26,56.1,46.82,47.625,48.725,48.4,47.3,45,45.06,43.725,44.75,45.7,43.875,42.55,43.95,44.35
770,98.5,63.32,56.15,46.84,47.675,48.75,48.475,47.325,45.025,45.1,43.8,44.75,45.675,43.9,42.675,44.025,44.425
771,98.4,63.26,56.125,47.02,47.775,48.875,48.5,47.45,45.075,45.16,43.8,44.95,45.775,43.925,42.75,44.075,44.6
772,98.4,63.26,56.2,47.02,47.825,48.85,48.5,47.55,45.175,45.34,43.95,45.05,45.85,43.975,42.9,44.075,44.625
773,98.4,63.28,56.225,47.02,47.925,48.85,48.55,47.575,45.3,45.5,44.125,45.05,46.025,44.075,42.975,44.1,44.625
774,98.3,63.26,56.225,47.1,47.925,48.875,48.725,47.65,45.425,45.58,44.3,45.1,46.1,44.3,43.075,44.1,44.65
775,98.2,63.24,56.225,47.12,47.975,49.025,48.8,47.8,45.5,45.66,44.45,45.55,46.125,44.45,43.125,44.2,44.7
776,98.3,63.26,56.325,47.08,48.1,49.075,48.8,47.85,45.6,45.84,44.475,45.625,46.225,44.5,43.175,44.325,44.875
777,98.2,63.26,56.575,47.24,48.3,49.325,48.8,47.95,45.825,45.88,44.625,45.675,46.275,44.475,43.4,44.6,44.9
778,98,63.22,56.575,47.42,48.325,49.4,48.925,47.975,46.1,45.94,44.625,45.725,46.325,44.525,43.425,44.6,45
779,97.8,63.24,56.6,47.44,48.4,49.525,48.975,48.3,46.225,46.08,44.65,45.95,46.4,44.6,43.5,44.675,45.075
780,98,63.42,56.65,47.5,48.475,49.575,49.1,48.45,46.275,46.16,44.75,46.075,46.475,44.875,43.5,44.75,45.2
781,98,63.4,56.675,47.6,48.575,49.625,49.125,48.425,46.325,46.38,44.875,46.175,46.55,45,43.525,44.9,45.25
782,98,63.48,56.725,47.6,48.575,49.6,49.15,48.45,46.425,46.44,44.95,46.15,46.7,45.125,43.525,44.9,45.4
783,98.1,63.5,56.7,47.68,48.675,49.55,49.275,48.5,46.525,46.62,45.025,46.325,46.725,45.175,43.575,44.975,45.45
784,98.1,63.52,56.675,47.74,48.7,49.675,49.35,48.55,46.675,46.78,45.15,46.55,46.825,45.3,43.6,45.05,45.525
785,98.1,63.56,56.75,47.76,48.725,49.725,49.475,48.575,46.875,46.92,45.4,46.65,47,45.275,43.775,45.15,45.8
786,98.2,63.6,56.85,47.8,48.8,49.875,49.5,48.8,47.05,46.98,45.425,46.7,47.075,45.525,43.925,45.325,45.925
787,98.2,63.66,56.9,48,48.95,50.075,49.65,48.95,47.275,47,45.575,46.75,47.375,45.525,44.25,45.35,45.95
788,98,63.6,57.1,48.12,49.075,50.25,49.8,49.025,47.375,47.18,45.725,46.95,47.625,45.8,44.375,45.775,46.025
789,98.1,63.72,57.275,48.2,49.225,50.325,49.975,49.175,47.55,47.44,46.125,47.15,47.7,45.975,44.5,46,46.175
790,98.1,63.74,57.475,48.32,49.4,50.5,50.075,49.3,47.65,47.5,46.3,47.225,47.925,46.25,44.575,46.05,46.2
791,98.1,63.76,57.575,48.58,49.45,50.625,50.15,49.45,47.875,47.64,46.5,47.35,47.975,46.35,44.75,46.175,46.325
792,98.1,63.76,57.7,48.62,49.5,50.7,50.2,49.55,47.9,47.82,46.625,47.35,48,46.425,44.95,46.25,46.375
793,98.1,63.76,57.725,48.66,49.55,50.825,50.3,49.575,47.975,47.84,46.775,47.425,48.05,46.525,45.025,46.3,46.425
794,98.1,63.76,57.8,48.78,49.6,50.9,50.325,49.575,48,47.88,46.825,47.525,48.075,46.6,45.05,46.4,46.425
795,98.1,63.74,57.775,48.82,49.625,50.9,50.325,49.625,48.025,47.92,46.85,47.6,48.125,46.675,45.1,46.45,46.475
796,98.1,63.72,57.775,48.82,49.675,50.95,50.325,49.675,48.075,48.04,46.85,47.7,48.2,46.7,45.1,46.5,46.55
797,98.2,63.78,57.8,48.86,49.675,50.975,50.45,49.7,48.25,48.12,46.925,47.75,48.25,46.7,45.1,46.575,46.65
798,98.3,63.8,57.725,48.9,49.775,51.025,50.525,49.725,48.35,48.18,46.925,47.85,48.375,46.75,45.15,46.7,46.7
799,98.3,63.8,57.775,48.96,49.875,51.05,50.6,49.925,48.5,48.42,47.05,48.075,48.5,46.8,45.225,46.75,46.775
800,98.3,63.82,57.825,49.02,50,51.125,50.775,50,48.7,48.58,47.175,48.225,48.675,46.85,45.275,46.825,46.925
801,98.4,63.96,57.825,49.12,50.175,51.225,50.9,50.15,48.875,48.78,47.225,48.325,48.825,47,45.425,47,47.15
802,98.5,64.06,57.925,49.24,50.375,51.275,51.05,50.3,49.05,48.96,47.425,48.475,48.975,47.25,45.625,47.125,47.375
803,98.6,64.22,58.075,49.32,50.525,51.5,51.25,50.5,49.25,49.08,47.575,48.725,49.075,47.325,45.775,47.3,47.575
804,98.6,64.28,58.175,49.44,50.7,51.525,51.4,50.725,49.375,49.3,47.7,48.925,49.3,47.475,45.875,47.55,47.7
805,98.6,64.4,58.3,49.56,50.775,51.65,51.6,50.9,49.525,49.4,47.775,49.025,49.425,47.7,46.075,47.625,47.825
806,98.6,64.46,58.35,49.6,50.925,51.825,51.65,50.925,49.7,49.56,47.95,49.2,49.55,47.75,46.175,47.725,47.975
807,98.6,64.54,58.525,49.72,51.05,51.925,51.775,51.05,49.85,49.68,48.125,49.325,49.675,47.975,46.225,47.9,48.1
808,98.6,64.62,58.55,49.76,51.125,52.025,51.9,51.15,49.975,49.8,48.2,49.525,49.725,48.025,46.35,47.95,48.225
809,98.6,64.64,58.6,49.88,51.25,52.075,51.925,51.275,50.05,49.88,48.325,49.6,49.825,48.2,46.425,48.1,48.3
810,98.7,64.76,58.675,49.94,51.3,52.1,51.975,51.275,50.275,49.9,48.375,49.6,49.9,48.175,46.525,48.15,48.35
811,98.6,64.74,58.675,50.04,51.325,52.125,52.025,51.375,50.325,49.96,48.45,49.75,50,48.2,46.625,48.2,48.475
812,98.4,64.68,58.75,50.06,51.525,52.175,52,51.525,50.425,50.04,48.525,49.875,50.075,48.3,46.675,48.225,48.575
813,98.5,64.7,58.85,50.04,51.55,52.3,52.025,51.55,50.5,50.12,48.6,50.075,50.15,48.4,46.7,48.35,48.65
814,98.6,64.76,59.05,50.04,51.5,52.375,52.15,51.575,50.525,50.2,48.625,50.05,50.175,48.45,46.7,48.35,48.725
815,98.5,64.76,59.05,50.12,51.575,52.4,52.25,51.625,50.6,50.3,48.7,50.1,50.275,48.45,46.8,48.475,48.85
816,98.6,64.82,59.1,50.12,51.6,52.45,52.25,51.7,50.7,50.34,48.95,50.225,50.375,48.525,46.95,48.475,48.975
817,98.6,64.88,59.125,50.18,51.7,52.575,52.425,51.7,50.825,50.4,49,50.25,50.475,48.55,47.05,48.525,48.975
818,98.6,64.88,59.225,50.26,51.875,52.65,52.475,52.075,50.9,50.66,49.175,50.325,50.5,48.6,47.05,48.625,48.975
819,98.5,64.88,59.3,50.5,51.9,52.8,52.5,52.125,51.05,50.7,49.2,50.425,50.55,48.775,47.2,48.95,49.125
820,98.5,64.98,59.425,50.7,52.125,52.875,52.6,52.35,51.225,50.76,49.375,50.775,50.625,49.1,47.325,49.35,49.15
821,98.5,65.14,59.675,51.12,52.275,53.05,52.95,52.525,51.4,51.12,49.6,51.075,51.1,49.225,47.5,49.5,49.5
822,98.6,65.78,60.325,51.56,52.9,53.675,53.725,53.2,52.05,51.88,49.95,51.625,51.65,49.725,48,49.975,49.975
823,98.9,66.34,60.85,51.98,53.4,54.025,54.5,53.7,52.975,52.5,50.175,52.325,52.25,50,48.475,50.575,50.65
824,98.9,66.28,60.525,51.84,53.475,53.95,54.45,53.25,52.975,52.4,50.225,52.325,52.275,50.075,48.35,50.5,50.625
825,98.8,65.66,60.25,51.8,53.325,53.8,54.15,52.9,52.875,52.24,49.9,51.65,52.175,50.025,47.95,50.25,50.25
826,98.1,65.26,60.05,51.58,53.25,53.75,53.825,52.925,52.525,51.94,50.2,51.5,51.6,49.9,47.95,50.175,50.05
827,98.1,65.08,60.025,51.42,53.025,53.575,53.5,52.85,52.3,51.66,50.375,51.325,51.475,49.925,47.925,50.025,49.9
828,98.1,65.22,60.175,51.42,52.975,53.575,53.5,52.85,52.325,51.78,50.5,51.525,51.575,49.95,48.175,50.075,50.125
829,98.2,65.32,60.1,51.46,52.9,53.525,53.5,52.85,52.325,51.78,50.45,51.55,51.575,49.975,48.175,50.2,50.2
830,98.7,65.34,60.1,51.46,52.775,53.525,53.45,52.825,52.225,51.76,50.45,51.575,51.5,49.95,48.175,50.075,50.1
831,98.7,65.24,60.125,51.44,52.8,53.55,53.375,52.85,52.175,51.72,50.6,51.475,51.425,49.95,48.2,50.075,50.05
832,98.6,65.02,60.15,51.38,52.75,53.55,53.4,52.825,52.175,51.66,50.65,51.475,51.425,50.075,48.275,50.05,49.975
833,98.6,65.18,60.275,51.4,52.875,53.7,53.425,53.025,52.375,51.8,50.8,51.675,51.5,50.125,48.5,50.2,50.05
834,98.6,65.54,60.475,51.7,53.175,53.875,53.85,53.5,52.65,52.26,50.875,51.825,51.775,50.25,48.75,50.55,50.4
835,98.7,65.82,60.575,51.76,53.375,54.075,54.225,53.675,52.975,52.66,50.975,52.25,52.2,50.55,48.775,50.725,50.675
836,98.7,65.66,60.45,51.7,53.325,54.05,54.05,53.625,52.95,52.64,50.95,52.25,52.225,50.5,48.75,50.6,50.6
837,98.8,65.56,60.45,51.7,53.3,54.05,53.925,53.6,52.925,52.48,51.075,52.2,52.125,50.5,48.775,50.5,50.55
838,98.8,65.4,60.45,51.7,53.2,53.975,53.825,53.5,52.925,52.32,51.1,52.05,51.9,50.55,48.725,50.45,50.45
839,98.7,65.28,60.4,51.7,53.2,53.95,53.875,53.425,52.95,52.28,51.25,52.1,51.85,50.6,48.75,50.475,50.475
840,98.7,65.24,60.55,51.7,53.275,54.025,53.95,53.425,53,52.34,51.3,52.1,52.05,50.725,48.85,50.525,50.475
841,98.7,65.32,60.55,51.74,53.275,54.075,54.125,53.425,53.125,52.54,51.425,52.25,52.1,50.775,48.85,50.65,50.575
842,98.7,65.32,60.5,51.84,53.275,54.05,54.1,53.475,53.175,52.56,51.3,52.3,52.225,50.875,48.9,50.7,50.6
843,98.7,65.32,60.525,51.86,53.3,54,54.1,53.5,53.175,52.66,51.325,52.325,52.275,50.95,48.9,50.625,50.625
844,98.7,65.32,60.475,51.86,53.375,54.075,54.1,53.625,53.225,52.74,51.4,52.375,52.25,50.95,49.025,50.7,50.725
845,98.1,65.14,60.525,51.84,53.375,54.05,54.125,53.65,53.2,52.86,51.4,52.35,52.3,51.05,49.05,50.85,50.675
846,98.1,65.22,60.525,51.9,53.35,54.1,54.125,53.775,53.4,52.78,51.55,52.375,52.375,50.975,49.025,50.975,50.725
847,98,65.2,60.575,51.9,53.525,54.175,54.05,53.8,53.95,52.8,51.675,52.35,52.35,50.975,49.125,51.15,50.75
848,98.1,65.16,60.6,51.86,53.375,54.175,54.125,54.025,53.85,52.94,51.75,52.35,52.35,51,48.95,51.075,51.025
849,98.1,65.14,60.6,51.88,53.4,54.175,54.15,54,53.85,53.02,51.8,52.325,52.35,51.025,49.225,51.125,51.05
850,98,65.1,60.875,51.78,53.4,54.45,54.45,54,53.825,53.2,51.825,52.5,52.4,51.1,49.225,51.2,51
851,98.1,65.14,60.775,51.76,53.475,54.375,54.475,54.1,53.825,53.24,51.775,52.525,52.475,51.125,49.275,51.1,51.2
852,98.6,65.28,60.85,51.84,53.475,54.45,54.425,54.05,53.9,53.3,51.925,52.525,52.575,51.225,49.35,51.225,51.2
853,98.6,65.44,60.95,51.88,53.525,54.45,54.6,54.375,53.975,53.3,52.1,52.65,52.675,51.3,49.35,51.25,51.25
854,97.9,65.24,60.925,52.26,53.525,54.5,54.85,54.4,54.05,53.42,52.1,52.675,52.775,51.55,49.375,51.2,51.05
855,98,65.28,61.05,52.32,53.6,54.5,54.8,54.375,54.1,53.5,52.175,53.125,52.675,51.575,49.375,51.375,51.125
856,98.2,65.46,61.1,52.3,53.675,54.55,54.875,54.325,54.3,53.58,52.175,53.225,52.725,51.7,49.65,51.375,51.075
857,98.1,65.42,61.175,52.28,53.7,54.675,54.9,54.325,54.35,53.58,52.225,53.45,52.75,51.65,49.65,51.375,51.15
858,98.3,65.58,61.3,52.32,53.775,54.675,54.95,54.35,54.45,53.7,52.225,53.575,52.975,51.625,49.75,51.35,51.15
859,98.3,65.56,61.35,52.4,53.9,54.65,55.075,54.375,54.45,53.8,52.35,53.6,52.975,51.75,49.775,51.4,51.275
860,98,65.46,61.55,52.42,53.825,54.725,55.05,54.6,54.45,53.96,52.375,53.5,53.075,51.825,49.775,51.55,51.325
861,98,65.54,61.45,52.44,53.975,54.75,55.075,54.85,54.475,54,52.45,53.525,53.225,51.9,50.025,51.7,51.575
862,98,65.56,61.475,52.48,54.075,54.8,55.125,55,54.6,53.96,52.475,53.55,53.275,52.025,50.1,51.75,51.55
863,98,65.58,61.575,52.6,54.05,55,55.175,55.1,54.575,53.98,52.675,53.6,53.475,52.1,50.175,51.725,51.575
864,98,65.6,61.6,52.76,54.175,55.075,55.2,55.075,54.85,54.02,52.675,53.85,53.675,52.075,50.125,51.8,51.65
865,98.1,65.62,61.65,52.78,54.2,55.15,55.325,55.075,54.85,54.02,52.7,53.925,53.675,52.075,50.125,51.875,51.85
866,98.3,65.68,61.75,52.8,54.25,55.075,55.225,55.05,54.875,54.1,52.775,53.9,53.7,52.2,50.175,52.075,51.975
867,98.8,65.84,61.75,52.88,54.25,55.075,55.225,55.125,55,54.18,52.875,53.95,53.7,52.3,50.225,52.1,52
868,98.5,65.82,61.75,52.88,54.5,55.125,55.325,55.125,55.075,54.24,52.95,54.075,53.725,52.325,50.35,52.1,52
869,98.5,65.84,61.775,52.92,54.525,55.25,55.475,55.075,55.1,54.32,53.05,54.15,53.8,52.425,50.35,52.1,52
870,98.5,65.84,61.925,52.94,54.6,55.525,55.45,55.075,55.175,54.38,53.075,54.15,53.9,52.45,50.45,52.1,52.075
871,98.5,65.9,61.925,53,54.675,55.625,55.425,55.225,55.2,54.42,53.25,54.3,53.925,52.5,50.625,52.125,52.1
872,98.5,65.9,61.925,53.02,54.775,55.7,55.5,55.25,55.3,54.5,53.325,54.35,53.95,52.55,50.65,52.15,52.125
873,98.8,66.04,61.95,53.24,54.825,55.725,55.6,55.4,55.4,54.64,53.45,54.475,53.95,52.675,50.75,52.4,52.25
874,98.8,66.06,62.05,53.3,54.825,55.725,55.65,55.425,55.4,54.66,53.4,54.475,54,52.65,50.75,52.475,52.3
875,98.7,66.08,62.225,53.32,54.95,55.725,55.8,55.425,55.475,54.8,53.475,54.55,54,52.675,50.825,52.55,52.35
876,98.7,66.14,62.275,53.38,55.025,55.775,55.9,55.6,55.55,54.86,53.45,54.7,54.075,52.75,50.85,52.575,52.575
877,98.7,66.24,62.45,53.42,55.1,55.875,55.95,55.675,55.725,54.9,53.675,54.7,54.225,52.925,50.9,52.675,52.55
878,98.7,66.28,62.575,53.44,55.1,55.95,55.95,55.675,55.8,55.02,53.725,54.75,54.325,53.225,50.925,52.75,52.65
879,98.7,66.36,62.65,53.52,55.35,56.225,56.125,55.775,55.9,55.1,53.8,54.85,54.475,53.3,51.15,52.85,52.8
880,98.9,66.58,62.75,53.74,55.475,56.3,56.275,56.05,56.125,55.36,53.85,55.15,54.675,53.325,51.225,53.025,52.925
881,99.1,67.06,63.05,54.22,55.9,56.7,56.65,56.375,56.4,55.82,54.125,55.425,55.15,53.525,51.425,53.425,53.25
882,99.6,67.64,63.15,54.86,56.575,56.925,57.25,56.75,56.6,56.44,54.2,55.9,55.6,53.6,51.5,54.05,53.4
883,99.8,67.74,62.375,54.96,56.675,56.825,57.1,56.675,56.65,56.56,54.175,55.975,55.65,53.775,51.6,54.1,53.475
884,99.7,67.48,62.475,55.06,56.625,56.675,57,56.625,56.75,55.92,54.3,56.05,55.6,53.875,51.6,54.125,53.475
885,99.7,67.28,62.525,55.08,56.625,56.725,56.775,56.6,56.575,55.76,54.225,55.475,55.5,53.8,51.7,53.95,53.5
886,99.6,67.18,62.575,55.04,56.65,56.6,56.7,56.45,56.6,55.6,54.525,55.425,55.2,53.8,51.675,53.85,53.3
887,98.8,66.84,63.15,54.62,56.325,56.625,56.4,56.175,56.675,55.5,54.6,55.325,54.95,53.775,51.65,53.675,53.325
888,98.1,66.5,63.925,54.54,56.2,56.625,56.375,56.175,56.775,55.46,54.875,55.375,54.75,53.875,51.8,53.725,53.3
889,98.3,66.56,63.975,54.54,56.2,56.625,56.4,56.2,56.8,55.52,54.875,55.375,54.725,53.975,51.825,53.9,53.325
890,98.3,66.48,63.975,54.52,56.2,56.6,56.475,56.275,56.75,55.5,54.875,55.4,54.75,53.975,51.8,53.85,53.425
891,98.3,66.5,63.9,54.5,56.2,56.65,56.525,56.3,56.75,55.62,54.85,55.45,55.025,54.025,51.9,53.875,53.45
892,98.6,66.58,63.925,54.52,56.15,56.775,56.625,56.35,56.75,55.74,54.9,55.55,55.1,54.075,51.875,53.875,53.475
893,98.7,66.64,63.875,54.52,56.2,56.8,56.775,56.45,56.825,55.78,54.95,55.6,55.125,54.125,51.9,53.9,53.5
894,98.8,66.68,63.85,54.6,56.225,56.85,56.8,56.525,56.875,55.92,54.95,55.65,55.175,54.125,52.025,53.925,53.55
895,99,66.92,63.8,54.8,56.375,57.05,56.9,56.75,56.9,56.08,54.95,55.75,55.45,54.25,52.05,54.025,53.7
896,99,66.96,63.825,54.88,56.4,57.1,56.95,56.775,57,56.36,54.925,55.925,55.7,54.275,52.1,54.15,53.625
897,99,66.94,63.7,54.88,56.475,57.325,57.025,56.775,56.975,56.46,54.95,56.175,55.775,54.45,52.125,54.1,53.725
898,99.1,67.02,63.675,54.86,56.5,57.275,57.125,57.1,56.95,56.42,54.9,56.125,55.775,54.45,52.075,54.05,53.8
899,99,66.94,63.675,54.92,56.525,57.275,57.025,57.025,57.025,56.2,54.95,56.125,55.675,54.475,52.175,54.15,53.775
900,99,66.76,63.725,54.64,56.525,57.175,56.9,56.9,57.025,56.08,55.2,55.975,55.65,54.5,52.3,54.2,53.775
901,99,66.7,64.075,54.62,56.5,57.075,56.925,56.95,57.025,56.02,55.4,55.975,55.525,54.5,52.325,54.325,53.8
902,98.9,66.7,64.25,54.72,56.575,57.2,57.05,56.975,57.1,56.1,55.525,56.075,55.525,54.525,52.35,54.375,53.8
903,98.9,66.72,64.3,54.82,56.625,57.225,57.1,57,57.175,56.12,55.55,56.15,55.6,54.525,52.325,54.4,53.8
904,98.9,66.84,64.325,55.02,56.7,57.325,57.325,57.2,57.3,56.32,55.525,56.175,55.775,54.55,52.3,54.475,53.85
905,98.9,66.98,64.175,55.16,56.775,57.325,57.475,57.35,57.325,56.66,55.525,56.625,55.975,54.6,52.375,54.7,53.975
906,98.8,66.94,64.025,54.98,56.775,57.2,57.45,57.275,57.3,56.68,55.475,56.75,55.875,54.775,52.5,54.675,54.05
907,98.9,66.82,64.05,55,57.025,57.325,57.425,57.05,57.275,56.66,55.45,56.775,55.825,54.85,52.375,54.575,53.975
908,98.9,66.8,64.15,55.2,57.075,57.35,57.3,57.15,57.3,56.68,55.6,56.725,55.85,54.875,52.375,54.575,53.9
909,99,66.72,64.2,55.16,57.05,57.35,57.3,57.05,57.375,56.36,55.65,56.5,55.775,54.875,52.45,54.425,53.85
910,98.7,66.62,64.6,55.08,57.025,57.375,57.4,57.025,57.425,56.24,55.8,56.425,55.6,54.925,52.525,54.525,54.05
911,98.6,66.66,64.7,55.08,57.075,57.375,57.45,57.2,57.45,56.32,55.875,56.4,55.725,54.95,52.625,54.6,54.1
912,98.8,66.72,64.675,55.1,57.05,57.375,57.45,57.25,57.55,56.42,55.875,56.4,55.75,54.925,52.625,54.6,54.125
913,98.8,66.76,64.675,55.18,57.025,57.4,57.5,57.25,57.55,56.64,55.925,56.425,55.825,54.975,52.625,54.625,54.225
914,98.8,66.8,64.625,55.26,57.025,57.425,57.55,57.325,57.6,56.68,55.925,56.5,56.05,54.975,52.65,54.675,54.3
915,98.9,66.94,64.575,55.34,57.025,57.675,57.6,57.5,57.7,56.94,55.875,56.7,56.075,55,52.675,54.825,54.4
916,98.9,67.32,64.6,55.58,57.3,57.85,57.8,57.675,58.025,57.38,55.9,56.825,56.4,55.05,52.825,54.875,54.45
917,98.9,67.34,64.45,55.66,57.35,57.8,57.875,57.7,58.075,57.44,55.9,57.1,56.65,54.95,52.8,55.2,54.7
918,99.1,67.4,64.525,55.58,57.425,57.7,57.85,57.625,58.1,57.38,55.9,57.075,56.8,55.025,52.8,55.175,54.65
919,99.1,67.46,64.75,55.72,57.425,57.825,57.825,57.65,57.925,57.34,55.95,56.925,56.75,55.15,52.875,55.125,54.625
920,99.1,67.4,64.775,55.72,57.525,57.85,57.95,57.65,58.15,57.32,56.05,56.95,56.75,55.3,52.975,55.275,54.55
921,99.3,67.2,64.925,55.62,57.4,57.8,57.85,57.575,57.975,57.14,56.125,56.825,56.575,55.25,53.15,55.125,54.6
922,99,67.08,65.525,55.64,57.45,57.825,57.725,57.65,58.075,57.04,56.375,56.7,56.3,55.275,53.225,55.225,54.6
923,98.8,67.02,65.525,55.64,57.45,57.8,57.775,57.85,58.225,57.06,56.55,56.725,56.325,55.35,53.25,55.2,54.625
924,98.8,67,65.475,55.64,57.45,57.8,57.825,57.825,58.275,56.98,56.55,56.825,56.4,55.4,53.275,55.2,54.675
925,98.9,67.06,65.375,55.62,57.45,57.825,57.9,57.85,58.3,57.02,56.5,56.825,56.4,55.425,53.325,55.225,54.55
926,98.8,67.02,65.375,55.64,57.425,57.85,57.925,57.875,58.275,57.06,56.45,56.85,56.375,55.45,53.275,55.15,54.575
927,98.9,67.12,65.375,55.6,57.275,57.9,57.875,57.9,58.275,57.12,56.4,56.95,56.45,55.45,53.1,55.15,54.6
928,98.9,67.12,65.275,55.6,57.375,57.9,57.9,57.925,58.15,57.12,56.45,56.9,56.425,55.5,53.125,55.075,54.525
929,98.9,67.06,65.175,55.64,57.425,57.925,58,57.925,58.15,57.12,56.425,56.975,56.4,55.45,53.125,55.15,54.525
930,98.9,67.1,65.175,55.64,57.4,57.925,58.05,57.925,58.175,57.16,56.5,56.975,56.475,55.575,53.125,55.175,54.525
931,98.8,67.1,65.2,55.62,57.3,57.9,57.975,57.925,58.25,57.16,56.475,56.975,56.525,55.6,53.15,55.225,54.575
932,98.8,67.12,65.075,55.62,57.325,57.975,57.95,58,58.45,57.22,56.4,57.025,56.575,55.625,53.15,55.225,54.675
933,98.7,67.08,65,55.64,57.4,57.975,58.075,58.15,58.45,57.24,56.425,57.1,56.575,55.7,53.225,55.15,54.825
934,98.7,67.02,65,55.74,57.35,58.05,58.075,58.15,58.45,57.38,56.4,57.125,56.55,55.675,53.25,55.15,54.8
935,98.8,67.06,65.025,55.76,57.375,58.275,58.1,58.125,58.475,57.5,56.525,57.175,56.55,55.675,53.275,55.325,54.775
936,98.7,67.14,65.05,55.9,57.4,58.275,58.1,58.05,58.5,57.6,56.55,57.2,56.65,55.65,53.3,55.4,54.825
937,98.7,67.14,65.05,55.92,57.4,58.3,58.125,58.1,58.525,57.62,56.575,57.325,56.775,55.775,53.375,55.475,54.875
938,98.7,67.3,64.975,55.94,57.475,58.35,58.275,58.1,58.525,57.68,56.6,57.425,56.85,55.875,53.4,55.525,54.925
939,98.8,67.34,64.9,55.94,57.525,58.35,58.3,58.125,58.525,57.68,56.65,57.7,57,55.975,53.425,55.55,54.975
940,98.9,67.42,64.875,56.04,57.525,58.35,58.25,58.175,58.475,57.66,56.65,57.8,57.025,56.025,53.4,55.575,55.025
941,98.8,67.38,64.975,56.1,57.55,58.425,58.25,58.2,58.475,57.72,56.8,57.775,57.15,56.075,53.45,55.6,55.025
942,98.5,67.32,65.125,56.08,57.575,58.45,58.275,58.25,58.5,57.7,56.825,57.775,57.125,56.025,53.475,55.6,55.075
943,98.5,67.26,65.3,56.1,57.7,58.425,58.275,58.325,58.525,57.8,56.8,57.8,57.125,56.025,53.525,55.65,55.075
944,98.5,67.24,65.5,56.22,57.775,58.475,58.4,58.325,58.6,57.72,57,57.8,57.175,56.125,53.55,55.7,55.125
945,98.5,67.28,65.5,56.28,57.85,58.475,58.425,58.325,58.775,57.74,57.125,57.8,57.225,56.15,53.65,55.75,55.15
946,98.6,67.32,65.575,56.26,57.975,58.55,58.525,58.35,58.825,57.74,57.2,57.875,57.325,56.2,53.75,55.75,55.2
947,98.8,67.48,65.65,56.28,58.075,58.55,58.575,58.4,58.875,57.86,57.1,57.9,57.275,56.175,53.75,55.725,55.3
948,98.8,67.48,65.65,56.32,58.125,58.65,58.575,58.5,59,57.94,57.225,57.95,57.275,56.225,53.75,55.85,55.35
949,98.7,67.48,65.625,56.5,58.075,58.7,58.675,58.5,59.025,58,57.2,57.9,57.275,56.3,53.85,55.925,55.45
950,98.7,66.7,64.55,55.44,57.1,57.575,57.7,57.375,57.875,56.72,56.075,56.575,56.15,55.125,52.625,54.7,54.225
951,98.8,66.02,63.05,54.28,55.75,56.425,56.5,56.15,56.675,55.66,54.8,55.35,54.65,53.775,51.25,53.1,52.75
952,98.8,65.8,62.525,54.08,55.3,56.225,56,55.75,56.275,55.34,54.525,55,54.375,53.425,50.775,52.65,52.35
953,98.7,65.58,62.325,53.98,55.3,56.175,55.9,55.5,56.225,55.18,54.075,54.825,54.225,53.175,50.725,52.55,52.25
954,98.7,65.56,62.3,53.84,55.15,55.95,55.85,55.425,56.1,55.02,54.025,54.775,53.975,52.975,50.55,52.35,52.05
955,98.6,65.38,62.225,53.72,54.875,55.675,55.775,55.3,55.825,54.84,53.95,54.575,53.75,52.75,50.325,52.175,51.8
956,98.6,65.04,62.15,53.26,54.625,55.425,55.4,54.975,55.525,54.42,53.75,54.325,53.45,52.4,50.1,51.7,51.575
957,98.6,64.88,61.925,53.04,54.425,55,55.05,54.8,55.275,54.18,53.4,53.925,52.975,52,49.725,51.3,51.125
958,98.6,64.74,61.55,52.88,54,54.825,54.7,54.375,54.95,53.9,53.175,53.65,52.7,51.525,49.425,50.85,50.9
959,98.8,64.68,61.225,52.6,53.725,54.55,54.575,54.125,54.725,53.72,52.775,53.5,52.575,51.325,49.125,50.425,50.525
960,98.8,64.48,61.025,52.34,53.525,54.4,54.325,54.025,54.5,53.58,52.625,53.175,52.35,50.975,48.85,50.325,50.35
961,99,64.42,60.8,52.24,53.425,54.275,54.175,53.85,54.35,53.42,52.425,53.075,52.225,50.9,48.7,50.075,50.125
962,99,64.34,60.65,52.12,53.35,54.15,54.1,53.7,54.175,53.28,52.175,53.025,52.125,50.85,48.6,49.975,49.925
963,99,64.34,60.625,52.04,53.275,54.075,54.025,53.575,54.075,53.22,52.125,52.85,51.925,50.725,48.45,49.85,49.775
964,99.1,64.3,60.575,51.88,53.2,53.925,53.85,53.425,54,53.06,51.95,52.675,51.75,50.575,48.35,49.775,49.725
965,99.1,64.22,60.4,51.8,53.075,53.775,53.8,53.325,53.9,52.92,51.775,52.6,51.675,50.425,48,49.625,49.575
966,99,64.04,60.125,51.72,52.9,53.65,53.625,53.25,53.75,52.76,51.65,52.5,51.45,50.1,47.75,49.25,49.4
967,99,63.88,59.925,51.52,52.7,53.35,53.45,52.9,53.575,52.62,51.325,52.125,51.25,49.9,47.45,49.075,49.075
968,99,63.72,59.55,51.36,52.35,53.225,53.3,52.725,53.15,52.36,51.025,51.9,50.95,49.5,47.15,48.575,48.825
969,99,63.52,59.1,50.96,52.025,52.95,52.875,52.275,52.925,52.06,50.525,51.475,50.525,49.05,46.675,48.1,48.35
970,99.1,63.3,58.475,50.52,51.675,52.4,52.45,51.725,52.475,51.6,50.15,51.175,50.05,48.525,46.1,47.65,47.875
971,99.2,63.22,58.375,50.36,51.475,52.225,52.2,51.475,52.375,51.38,50.05,50.8,49.875,48.3,45.925,47.425,47.675
972,99.2,63.22,58.375,50.28,51.55,52.325,52.275,51.525,52.3,51.42,50.05,50.775,49.875,48.35,45.975,47.45,47.65
973,99.2,63.26,58.5,50.42,51.65,52.425,52.3,51.625,52.4,51.54,50.125,51,49.925,48.5,46.15,47.85,47.725
974,98.8,63.24,58.925,50.64,51.875,52.55,52.45,51.75,52.625,51.68,50.575,51.2,50.1,48.8,46.575,48.125,48.125
975,98.8,63.34,59.175,50.8,51.95,52.65,52.725,51.95,52.8,51.88,50.725,51.35,50.425,49.325,46.875,48.45,48.475
976,98.8,63.42,59.25,51.04,52.125,52.825,52.925,52.125,52.825,51.94,50.75,51.5,50.625,49.375,47.075,48.475,48.4
977,98.8,63.42,59.4,51.16,52.325,52.85,52.95,52.225,52.95,52,50.8,51.575,50.65,49.35,47,48.5,48.45
978,99.1,63.58,59.525,51.3,52.35,53.05,53,52.35,52.975,52.06,50.9,51.825,50.775,49.35,46.975,48.5,48.575
979,98.7,63.8,59.85,51.58,52.675,53.35,53.75,52.925,53.125,52.46,51.075,52.15,50.95,49.675,47.225,49.025,48.975
980,98.7,64.6,60.8,52.64,53.15,54.475,54.95,53.975,54.1,53.32,52.1,53.35,52.025,50.8,48.35,50.6,49.925
981,98.7,65.52,61.25,53.26,54.125,55.9,56,54.6,54.975,54.96,53.475,54.9,53.425,51.55,49.475,51.5,51.05
982,98.7,65.94,61.95,54.06,55.2,56.65,56.45,55.4,56.25,55.96,53.95,55.3,54.7,52.35,50.45,52.625,52.8
983,98.7,65.94,63.775,54.72,56.375,56.85,56.775,56.175,56.525,55.98,54.25,56.2,55.025,52.775,50.775,53.075,53.325
984,98.8,65.96,64.05,55,56.475,57.25,56.65,56.375,56.6,55.88,55.275,56.25,55.025,53.9,50.975,53.1,53.425
985,98.6,65.56,63.975,54.76,56.225,56.725,55.9,55.825,56.5,55.44,54.875,55.475,54.65,53.7,50.975,52.975,52.925
986,98.6,65.08,63.75,53.72,54.925,55.95,55.475,55.4,55.65,54.46,54.25,54.6,53.35,52.825,50.425,51.725,51.9
987,98.6,64.6,62.6,52.86,53.825,54.8,54.85,54.325,54.725,53.64,53.15,53.25,52.125,51.6,49.1,50.775,50.45
988,98.6,63.96,61.2,52.14,53.25,54.1,53.95,53.575,53.55,52.76,52.075,52.75,51.5,50.7,48.175,49.7,49.675
989,98.7,63.84,60.725,51.82,52.95,53.9,53.7,53.3,53.4,52.64,51.925,52.375,51.175,50.4,47.75,49.075,49.125
990,98.7,63.82,60.475,51.78,52.975,53.85,53.725,53.275,53.475,52.66,51.85,52.3,51.225,50.35,47.725,49.1,49.125
991,98.8,63.96,60.525,51.8,53.05,53.8,53.775,53.375,53.7,52.82,51.925,52.5,51.375,50.45,47.875,49.175,49.15
992,99,64.32,60.6,52.12,53.35,53.925,54.075,53.525,54.05,53.2,52.075,52.675,51.825,50.575,48.15,49.725,49.55
993,99.1,64.56,60.9,52.72,53.525,54.6,54.9,53.9,54.425,53.92,52.475,53.275,52.25,51.2,48.425,50.125,50.5
994,99.1,65.02,60.975,53.78,54.725,56.575,55.75,54.65,55.125,55.24,52.875,54.8,53.575,52.05,49.675,51.075,51.15
995,99.3,66.16,61.775,54.4,56.05,57.075,56.475,56.375,56.875,56.58,53.875,56,54.8,53.9,50.1,53.1,52.625
996,99.3,66.44,63.425,55.74,56.8,57.75,56.925,56.95,57.525,56.92,55.375,56.1,55.45,54.75,51.825,53.975,53.225
997,99.7,66.62,64.35,55.92,57.175,57.85,57.125,57.125,57.625,57.2,55.7,56.175,55.925,55.075,52.45,54.325,53.275
998,100.1,66.56,64.425,55.76,57.175,57.85,57.3,57.125,57.9,57.04,55.775,56.1,55.55,55.025,52.45,54.45,53.275
999,99.2,66.28,65.075,55.4,56.875,57.45,57,57.1,57.725,56.24,55.9,56.025,55.225,54.975,52.375,54.25,53.1
1000,98.9,65.72,64.75,55.1,56.525,57.05,56.625,56.775,57.425,55.78,55.85,55.75,54.775,54.25,51.8,53.45,52.775
1001,98.8,65.48,64.2,54.52,55.675,56.125,56.25,56.25,56.75,55.24,55.075,55.2,54.075,53.575,50.875,52.375,51.975
1002,98.8,65.2,63.4,54.2,55.2,55.775,56.075,55.675,56.1,54.7,54.55,54.575,53.775,52.75,50.15,51.625,51.425
1003,98.8,65.1,62.675,53.88,54.825,55.55,55.55,55.325,55.7,54.6,53.95,54.35,53.525,52.4,49.825,51.5,51
1004,98.7,64.94,62.625,53.7,54.75,55.525,55.525,55.075,55.6,54.54,53.925,54.2,53.45,52.3,49.7,51.275,50.975
1005,98.7,64.9,62.5,53.74,54.75,55.45,55.475,54.925,55.6,54.54,53.85,54.05,53.425,52.275,49.65,51.225,50.975
1006,99,64.96,62.475,53.72,54.75,55.4,55.475,54.925,55.55,54.46,53.825,54.025,53.35,52.325,49.675,51.225,51.05
1007,98.9,64.88,62.475,53.7,54.7,55.35,55.475,54.925,55.425,54.48,53.8,53.975,53.275,52.325,49.6,51.225,51.075
1008,98.9,64.86,62.275,53.62,54.675,55.35,55.45,54.95,55.5,54.48,53.775,53.95,53.225,52.25,49.575,51.075,51.125
1009,98.8,64.86,62.25,53.58,54.675,55.3,55.4,54.925,55.475,54.4,53.775,53.95,53.15,52.25,49.65,51.075,51.125
1010,98.9,64.98,62.275,53.54,54.625,55.325,55.425,54.9,55.525,54.26,53.7,53.95,53.125,52.225,49.625,51.05,51.175
1011,98.9,65.16,62.275,53.58,54.625,55.3,55.375,54.9,55.575,54.24,53.725,54.175,53.125,52.25,49.625,51.175,51.175
1012,98.9,65.24,62.3,53.7,54.625,55.675,55.475,54.875,55.55,54.42,53.8,54.35,53.3,52.3,49.675,51.275,51.175
1013,98.9,65.3,62.575,53.96,54.825,55.8,55.625,55.45,55.725,54.8,53.825,54.775,53.5,52.625,49.875,51.3,51.225
1014,99,65.62,62.675,53.96,55.1,56.2,55.75,55.475,55.75,54.88,53.925,54.9,54.05,53.075,49.9,51.275,51.65
1015,99,65.66,62.85,54.24,55.15,56.4,55.775,55.725,55.725,54.92,54.475,54.875,54.025,53.15,50,51.575,51.75
1016,99,65.64,62.925,54.32,55.425,56.075,55.825,55.675,55.675,54.96,54.45,54.825,53.925,53.3,50.25,51.825,51.775
1017,99.1,65.64,63.05,54.18,55.55,56,55.75,55.8,55.7,54.92,54.55,54.825,53.8,53.3,50.425,51.75,51.625
1018,99,65.44,63.025,54.18,55.45,55.925,55.725,55.725,55.625,54.88,54.6,54.65,53.825,53.075,50.35,51.7,51.625
1019,98.9,65.24,62.8,54.12,55.225,55.8,55.675,55.475,55.425,54.68,54.375,54.65,53.625,52.7,49.95,51.65,51.35
1020,98.6,65.04,62.6,54,54.725,55.7,55.5,55.425,55.375,54.36,53.9,54.2,53.25,52.375,49.8,51.25,51.2
1021,98.6,64.86,62.5,53.76,54.525,55.575,55.1,55,55.1,54.28,53.425,53.95,52.75,51.9,49.375,50.775,50.775
1022,98.6,64.62,62.2,53.58,54.3,55.275,54.875,54.8,54.95,54.1,53.2,53.65,52.425,51.725,48.875,50.475,50.425
1023,98.6,64.5,62.025,53.22,53.9,55.05,54.65,54.45,54.675,53.78,53.05,53.425,52.2,51.35,48.775,50.2,50.275
1024,98.7,64.52,61.675,52.94,53.775,54.725,54.45,54.2,54.525,53.56,52.8,53.15,52.125,50.975,48.45,49.8,50
1025,98.7,64.44,61.4,52.82,53.625,54.55,54.3,54.05,54.45,53.34,52.575,52.975,51.875,50.9,48.225,49.65,49.7
1026,98.7,64.4,61.3,52.58,53.275,54.375,54.275,53.95,54.325,53.22,52.475,52.75,51.775,50.65,48.1,49.5,49.525
1027,98.7,64.28,61.125,52.52,53.075,54.3,54.225,53.65,54.175,53,52.15,52.5,51.575,50.525,47.975,49.35,49.275
1028,98.8,64.22,61.025,52.32,53.025,54.15,54.1,53.525,54.025,52.84,52.1,52.4,51.475,50.425,47.775,49.275,49.175
1029,98.8,64.06,60.975,52.1,52.725,54.025,53.775,53.4,53.925,52.78,51.95,52.25,51.1,50.1,47.65,49,49.1
1030,98.6,63.78,60.975,52,52.75,53.975,53.75,53.3,53.85,52.7,51.85,52.25,51.075,50.025,47.575,48.85,48.975
1031,99,63.86,60.8,51.96,52.675,53.925,53.725,53.25,53.725,52.64,51.825,52.125,50.925,50.025,47.5,48.75,48.975
1032,99,63.86,60.775,51.94,52.6,53.875,53.65,52.95,53.475,52.48,51.7,51.925,50.85,50,47.35,48.75,48.975
1033,99,63.84,60.725,51.8,52.45,53.65,53.5,52.925,53.25,52.28,51.6,51.8,50.65,49.8,47.225,48.625,48.825
1034,99,63.8,60.625,51.74,52.225,53.45,53.425,52.85,53.2,52,51.3,51.55,50.575,49.6,47.05,48.45,48.7
1035,98.9,63.76,60.55,51.58,52.15,53.35,53.4,52.775,53.2,51.82,51.225,51.325,50.5,49.525,46.875,48.25,48.425
1036,98.7,63.42,60.425,51.32,52.15,53.325,53.275,52.525,53.175,51.8,51.05,51.25,50.5,49.375,46.825,48.1,48.05
1037,98.7,63.28,60.325,51.08,52.05,53.275,53.125,52.125,52.925,51.6,50.85,50.975,50.25,49.025,46.55,47.875,47.725
1038,98.7,63.14,60.125,51,51.95,53.125,52.725,52.05,52.35,51.4,50.55,50.625,49.975,48.75,46.325,47.525,47.475
1039,98.7,62.98,59.875,50.76,51.75,52.9,52.45,51.825,52.175,51,49.925,50.425,49.45,48.175,45.775,46.9,47.05
1040,98.6,62.88,59.675,50.34,51.45,52.55,52.175,51.4,51.85,50.72,49.725,50.375,48.875,47.7,45.275,46.6,46.975
1041,98.7,62.82,59.4,50.32,51.125,52.375,52.05,51.15,51.45,50.58,49.6,50,48.725,47.55,45.225,46.25,46.65
1042,98.6,62.66,59.3,50.34,50.85,51.975,51.8,51.05,51.2,50.48,49.425,49.775,48.65,47.325,45.225,46.1,46.425
1043,98.6,62.48,59.25,50.26,50.825,51.8,51.675,50.975,51.2,50.34,49.425,49.75,48.575,47.325,45.2,45.975,46.325
1044,98.6,62.42,59.25,50.08,50.8,51.8,51.7,50.825,51.125,50.16,49.325,49.475,48.55,47.175,44.975,45.925,46.1
1045,98.6,62.4,59.15,49.98,50.75,51.75,51.675,50.625,51.075,50.04,49.275,49.35,48.325,47.125,44.875,45.9,46.025
1046,98.7,62.42,58.925,49.94,50.575,51.75,51.575,50.6,50.85,49.82,49.175,49.2,48.25,47.025,44.6,45.85,45.775
1047,98.6,62.38,58.875,49.9,50.55,51.7,51.55,50.575,50.75,49.74,49.075,49.15,48.2,46.875,44.275,45.625,45.7
1048,98.6,62.28,58.825,49.92,50.55,51.675,51.325,50.5,50.675,49.62,49.025,48.925,47.975,46.75,44.225,45.525,45.625
1049,98.6,62.3,58.85,49.9,50.4,51.45,51.325,50.5,50.625,49.58,48.9,48.7,47.95,46.725,44.175,45.45,45.575
1050,98.6,62.2,58.825,49.86,50.4,51.375,51.3,50.475,50.675,49.46,49.075,48.775,47.95,46.6,44.1,45.4,45.6
1051,98.6,62.2,58.725,49.88,50.425,51.4,51.2,50.45,50.75,49.5,48.925,48.775,47.975,46.575,44.025,45.2,45.5
1052,98.6,62.1,58.75,49.8,50.525,51.425,51.3,50.575,50.725,49.52,48.9,48.8,48.05,46.6,44.025,45.2,45.425
1053,98.7,62.14,58.675,49.74,50.425,51.525,51.25,50.55,50.725,49.56,48.9,48.825,48.025,46.6,44.1,45.175,45.45
1054,98.9,62.18,58.55,49.7,50.35,51.45,51.275,50.45,50.7,49.54,48.875,48.8,47.95,46.575,44.025,45.175,45.475
1055,98.9,62.04,58.525,49.68,50.3,51.375,51.2,50.5,50.7,49.5,48.85,48.775,47.825,46.5,43.9,45.05,45.4
1056,99.3,62.16,58.375,49.64,50.225,51.25,51.125,50.45,50.4,49.46,48.6,48.775,47.5,46.475,43.775,44.775,45.25
1057,99.3,62.02,58.125,49.34,49.925,50.85,51.175,50.425,49.9,49.06,48.375,48.6,47,45.8,43.325,44.425,44.6
1058,99.2,61.52,57.925,48.8,49.175,50.525,50.225,49.775,49.475,48.68,47.5,47.5,46.5,45.35,42.975,43.75,43.575
1059,98.9,60.92,57.1,48.26,48.3,50.15,49.275,48.975,48.7,47.86,46.525,46.325,45.725,44.05,42.1,42.375,42.475
1060,99,60.8,56,47.46,48,48.925,48.7,48.35,48,47.06,45.7,45.45,44.8,42.95,40.65,41.45,41.9
1061,98.9,60.48,55.55,47.14,47.675,48.6,48.475,47.575,47.65,46.6,45.3,45.3,44.325,42.475,40.425,41.15,41.4
1062,98.6,60.16,55.325,46.94,47.45,48.5,48.325,47.4,47.225,46.18,44.975,45.025,44.075,42.325,40.225,40.825,41.3
1063,98.4,59.96,55.275,46.86,47.35,48.475,48.05,47.525,47.125,46.14,45.075,44.9,43.75,42.075,40.025,40.75,41.3
1064,98.6,60.12,55.3,46.74,47.325,48.175,48.075,47.425,47.2,46.2,45.075,44.875,43.725,42.075,40.1,40.75,41.3
1065,98.6,60.24,55.45,46.78,47.175,48.125,48.05,47.45,47.275,46.18,45.05,44.85,43.825,42.075,40.1,40.725,41.125
1066,98.8,60.22,55.45,46.82,47.15,48.025,48.025,47.35,47.2,46.14,45,44.875,43.65,42.05,40.1,40.55,41.05
1067,98.1,59.86,55.4,46.76,46.925,48.15,47.725,47.325,47.05,45.96,44.925,44.825,43.625,42,40.125,40.375,40.75
1068,98.1,59.8,55.3,46.66,46.675,48.2,47.65,47.1,46.95,45.84,44.9,44.575,43.475,41.9,40.025,40.1,40.7
1069,98.1,59.7,54.675,46.5,46.325,47.875,47.425,46.625,46.55,45.62,44.675,44.15,43.125,41.7,39.8,39.8,40.275
1070,98.4,59.84,54.6,46.24,46.425,47.775,47.3,46.525,46.175,45.34,44.275,43.825,42.85,41.3,39.45,39.45,39.975
1071,98.5,59.7,54.625,45.92,46.35,47.625,47.15,46.375,46.125,45.2,44.1,43.675,42.55,41.2,39.25,39.3,39.75
1072,98.3,59.62,54.575,45.88,46.375,47.525,47.2,46.475,46.2,45.02,44.05,43.6,42.3,41.15,39.175,39.275,39.6
1073,98.3,59.6,54.525,45.78,46.45,47.4,47.2,46.25,46.125,44.78,44.1,43.525,42.225,40.9,38.95,39.25,39.675
1074,97.6,59.1,54.45,45.54,46.275,47.35,47.1,46.15,45.95,44.84,44.075,43.525,42,40.7,38.825,39,39.625
1075,97.7,59.06,54.375,45.4,45.975,46.95,46.475,45.8,45.6,44.46,44.05,43.25,41.725,40.625,38.675,38.9,39.325
1076,98.3,59,54.25,45.24,45.6,46.625,46.425,45.5,45.325,44.4,43.9,43,41.7,40.275,38.45,38.725,38.95
1077,98.4,58.92,54.25,45,45.55,46.425,46.3,45.275,45.175,44.28,43.825,42.95,41.45,39.85,38.175,38.45,38.65
1078,98.4,58.98,54.1,44.9,45.4,46.4,46.325,45.35,45.025,44.16,43.7,42.95,41.475,39.95,38,38.45,38.65
1079,98.2,58.78,54.125,44.86,45.325,46.3,46.3,45.3,45.025,44.14,43.65,42.8,41.45,39.975,37.875,38.3,38.775
1080,98.2,58.84,54.05,45.08,45.275,46.2,46.275,45.325,45.1,44.06,43.875,42.875,41.55,40.125,37.95,38.325,38.825
1081,98.2,58.74,54.175,45.14,45.4,46.125,46.275,45.15,45.05,44.04,43.55,43.025,41.45,40.125,37.8,38.475,38.9
1082,98.2,58.66,54.125,45.1,45.375,46.2,46.225,45.15,44.925,43.88,43.6,42.675,41.475,40.25,37.825,38.425,38.775
1083,98,58.56,54.175,44.96,45.3,46.3,46.2,44.9,44.75,43.64,43.55,42.45,41.35,40.1,37.6,38.275,38.5
1084,97.9,58.46,54.075,44.86,45.05,46.15,46.025,44.825,44.475,43.54,43.325,42.25,41.425,39.9,37.5,38.25,38.3
1085,98,58.5,54.025,44.88,44.975,46.275,45.975,44.875,44.4,43.52,43.075,42.175,41.375,39.725,37.525,38.25,38.325
1086,98,58.62,54.05,45.14,45.15,46.4,46.05,45,44.75,43.68,43.275,42.425,41.625,39.95,37.65,38.35,38.425
1087,98.3,58.98,54.175,45.34,45.55,46.4,46.075,45.25,44.825,43.76,43.425,42.45,41.6,39.95,37.65,38.425,38.625
1088,98.5,58.94,54.175,44.96,45.175,46.45,45.9,45.2,44.85,43.76,43.325,42.325,41.5,39.975,37.475,38.35,38.5
1089,98.5,58.9,54.15,44.78,45.1,46.25,45.9,44.975,44.325,43.2,43.1,41.55,41.425,39.75,37.3,37.825,38.125
1090,98.5,58.74,53.825,44.44,44.925,45.725,45.65,44.525,43.85,42.8,42.525,41.225,40.8,39.125,37.225,37,37.5
1091,98.5,58.42,53.125,44.16,44.475,45.35,45.075,44.4,43.05,42.4,41.825,40.85,39.875,38.375,36.45,36.775,37.35
1092,98.3,58.42,52.975,43.9,44.225,45.175,44.75,44.1,43,42.22,41.525,40.625,39.925,38,36.5,36.775,37.1
1093,98.3,58.38,52.9,43.88,44.15,45.025,44.775,44.025,42.95,42.26,41.375,40.9,39.8,38.35,36.15,36.9,37.15
1094,98.3,58.36,52.8,44.14,44.2,45.05,44.925,43.9,43.15,42.22,41.55,40.95,39.925,38.425,36.175,36.925,37.275
1095,98.4,58.58,52.8,44.24,44.225,45.1,44.95,43.95,43.225,42.4,41.525,40.975,39.975,38.35,36.075,36.95,37.45
1096,98.4,58.66,52.75,44.16,44.35,45.425,44.55,43.9,42.975,42.44,41.95,41.075,40,38.4,36.375,36.725,37.475
1097,98.6,58.48,52.975,44.06,44.225,45.3,43.925,43.775,42.625,41.98,42.025,40.925,39.7,38.3,35.95,36.825,37.125
1098,98.7,58.34,52.825,43.8,43.85,45,43.8,43.775,42.225,41.66,41.9,40.9,39.3,38.075,35.65,36.3,36.75
1099,98.8,57.98,52.375,43.62,43.925,43.65,43.35,43.3,42.025,41.58,41.95,40.65,39.025,37.95,35.65,35.475,36.55
1100,95.5,72.06,77.125,59.9,60.625,63.825,54.5,58.85,69.475,63,67.925,59.475,64.675,61.225,59.025,54.425,52.225
