wavelength,blank,S8 Preheat,S8 Irrad 15,S8 PostIrrad Day 1,S8 PostIrrad Day 2,S8 PostIrrad Day 3,S8 PostIrrad Day 4,S8 PostIrrad Day 5
190,89.8,1.925,0.425,0.6,0.557142857,0.591666667,0.584,0.6
191,90,1.8,0.375,0.5,0.485714286,0.495833333,0.5,0.525
192,91.9,1.7,0.3,0.4,0.442857143,0.4375,0.42,0.45
193,92.5,1.625,0.25,0.4,0.371428571,0.3875,0.372,0.3875
194,93.4,1.575,0.2,0.3,0.328571429,0.316666667,0.32,0.3375
195,94.7,1.55,0.2,0.3,0.3,0.304166667,0.304,0.3
196,95.2,1.55,0.2,0.3,0.285714286,0.3,0.292,0.3
197,95.2,1.5,0.2,0.2,0.271428571,0.279166667,0.272,0.2625
198,95.4,1.5,0.2,0.2,0.2,0.229166667,0.236,0.2125
199,95.5,1.5,0.2,0.2,0.2,0.2,0.208,0.2125
200,95.8,1.5,0.175,0.2,0.2,0.2,0.204,0.2
201,96.3,1.575,0.175,0.2,0.2,0.2,0.2,0.2
202,97,1.575,0.15,0.2,0.2,0.2,0.2,0.2
203,97,1.6,0.1,0.2,0.2,0.2,0.2,0.2
204,97.2,1.7,0.1,0.2,0.2,0.2,0.2,0.2
205,97.2,1.8,0.1,0.2,0.2,0.2,0.2,0.2
206,97.4,1.925,0.1,0.2,0.2,0.195833333,0.196,0.2
207,97.4,2.1,0.1,0.2,0.185714286,0.191666667,0.196,0.1875
208,97.4,2.3,0.1,0.1,0.171428571,0.183333333,0.184,0.1875
209,97.3,2.6,0.1,0.1,0.157142857,0.166666667,0.164,0.175
210,97.3,2.925,0.1,0.1,0.142857143,0.166666667,0.152,0.1625
211,97.3,3.275,0.1,0.1,0.114285714,0.154166667,0.132,0.1375
212,97.3,3.675,0.1,0.1,0.1,0.129166667,0.108,0.1
213,97.3,4.15,0.1,0.1,0.1,0.116666667,0.1,0.1
214,97.4,4.65,0.1,0.1,0.1,0.104166667,0.1,0.1
215,97.5,4.8,0.1,0.1,0.1,0.1,0.1,0.1
216,97.6,5.125,0,0,0,0.008333333,0,0
217,98,5.725,0,0,0,0,0,0
218,98,6.35,0,0,0,0,0,0
219,98,7,0,0,0,0,0,0
220,98,7.65,0,0,0,0,0,0
221,98.3,8.35,0,0,0,0,0,0
222,98.5,8.95,0,0,0,0,0,0
223,98.5,9.85,0,0,0,0,0,0
224,98.5,10.45,0.1,0.1,0.1,0.1,0.096,0.1
225,98.6,10.925,0.1,0.1,0.1,0.1,0.1,0.1
226,98.6,11.3,0.1,0.1,0.1,0.1,0.1,0.1
227,98.7,11.55,0.1,0.1,0.1,0.1,0.1,0.1
228,98.9,11.625,0.1,0.1,0.1,0.1,0.1,0.1
229,98.9,11.55,0.1,0.1,0.1,0.1,0.1,0.1
230,99.5,11.4,0.1,0.1,0.1,0.1,0.1,0.1
231,99.5,11.225,0.1,0.1,0.1,0.1,0.1,0.1
232,99.5,11,0.1,0.1,0.1,0.1,0.1,0.1
233,99.4,10.775,0.1,0.1,0.1,0.1,0.1,0.1
234,99.3,10.5,0.1,0.1,0.1,0.1,0.1,0.1
235,99.1,10.2,0.1,0.1,0.1,0.1,0.1,0.1
236,99,9.95,0.1,0.1,0.1,0.1,0.1,0.1
237,98.9,9.7,0.1,0.1,0.1,0.1,0.1,0.1
238,98.8,9.45,0.1,0.1,0.1,0.1,0.1,0.1
239,98.8,9.275,0.1,0.1,0.1,0.1,0.1,0.1
240,98.8,9.15,0.1,0.1,0.1,0.1,0.1,0.1
241,98.9,9.1,0.1,0.1,0.1,0.1,0.1,0.1
242,99.1,9.075,0.1,0.1,0.1,0.1,0.1,0.1
243,99.1,9.075,0.1,0.1,0.1,0.1,0.1,0.1
244,99.1,9.025,0.1,0.1,0.1,0.1,0.1,0.1
245,99.1,9.15,0.1,0.1,0.1,0.1,0.1,0.1
246,99.1,9.525,0.1,0.1,0.1,0.1,0.1,0.1
247,99.3,9.925,0.1,0.1,0.1,0.1,0.1,0.1
248,99.2,10.2,0.1,0.1,0.1,0.1,0.1,0.1
249,99.2,10.525,0.1,0.1,0.1,0.1,0.1,0.1
250,99.5,10.875,0.1,0.1,0.1,0.1,0.1,0.1
251,99.5,11.5,0.1,0.1,0.185714286,0.2,0.2,0.2
252,99.3,12.2,0.1,0.2,0.2,0.2,0.2,0.2
253,99.4,12.875,0.1,0.2,0.2,0.2625,0.3,0.3
254,99.3,13.525,0.1,0.3,0.3,0.3,0.3,0.3
255,99.2,14.175,0.2,0.3,0.385714286,0.4,0.4,0.4
256,99.1,14.85,0.2,0.4,0.428571429,0.5,0.5,0.5
257,99.1,15.65,0.225,0.5,0.585714286,0.6,0.604,0.6875
258,99.1,16.425,0.3,0.6,0.7,0.741666667,0.8,0.8
259,99.1,17.25,0.4,0.8,0.871428571,0.9,0.996,1
260,99.4,18.05,0.45,0.9,1,1.091666667,1.172,1.2
261,99.4,18.5,0.5,1.1,1.2,1.254166667,1.3,1.375
262,99.4,18.7,0.6,1.2,1.314285714,1.404166667,1.5,1.5
263,99.3,18.975,0.7,1.4,1.5,1.566666667,1.656,1.7
264,99.3,19.35,0.8,1.6,1.685714286,1.745833333,1.804,1.8875
265,99.3,19.775,0.9,1.8,1.885714286,1.966666667,2.096,2.1
266,98.9,20.125,1.075,2,2.1,2.229166667,2.3,2.325
267,98.8,20.55,1.2,2.2,2.371428571,2.454166667,2.572,2.6
268,98.6,20.85,1.35,2.4,2.585714286,2.666666667,2.8,2.8
269,98.6,21.05,1.475,2.6,2.785714286,2.870833333,3,3
270,98.6,21.25,1.6,2.8,2.942857143,3.045833333,3.18,3.2
271,98.6,21.55,1.725,3,3.114285714,3.241666667,3.34,3.3875
272,98.6,21.75,1.85,3.2,3.3,3.441666667,3.524,3.5875
273,98.6,21.775,1.95,3.3,3.457142857,3.570833333,3.7,3.7
274,98.5,21.65,2.05,3.4,3.585714286,3.6875,3.8,3.8
275,98.6,21.725,2.15,3.5,3.685714286,3.8,3.9,3.9
276,98.3,21.825,2.25,3.7,3.8,3.9375,4.02,4.0625
277,98.2,21.925,2.35,3.8,3.942857143,4.070833333,4.188,4.1875
278,98.2,22,2.425,3.9,4.071428571,4.1875,4.292,4.3
279,98.2,22,2.5,4,4.171428571,4.270833333,4.376,4.3875
280,98.2,22.025,2.575,4.1,4.242857143,4.354166667,4.464,4.4875
281,98.2,22.1,2.625,4.2,4.328571429,4.454166667,4.572,4.5375
282,98.2,22.325,2.725,4.3,4.4,4.533333333,4.62,4.6125
283,98.1,22.375,2.75,4.4,4.457142857,4.570833333,4.684,4.6875
284,98.1,22.35,2.775,4.4,4.485714286,4.620833333,4.716,4.7125
285,98.3,22.4,2.825,4.4,4.571428571,4.666666667,4.764,4.7875
286,98.5,22.575,2.85,4.5,4.6,4.720833333,4.816,4.8
287,98.5,22.65,2.925,4.5,4.642857143,4.745833333,4.864,4.875
288,98.4,22.65,2.925,4.6,4.685714286,4.7875,4.888,4.8875
289,98.2,22.725,2.95,4.6,4.685714286,4.825,4.908,4.9
290,98.3,22.875,2.975,4.6,4.785714286,4.866666667,4.96,4.9875
291,97.8,23.05,3,4.7,4.8,4.920833333,5.012,5
292,97.7,23.075,3.025,4.7,4.8,4.929166667,5.02,5.025
293,97.6,23.1,3.05,4.7,4.814285714,4.95,5.048,5.075
294,97.7,23.15,3.05,4.8,4.9,5.016666667,5.112,5.1
295,97.6,23.375,3.125,4.8,4.9,5.033333333,5.128,5.125
296,97.6,23.375,3.125,4.8,4.985714286,5.066666667,5.168,5.1875
297,97.8,23.55,3.125,4.9,4.985714286,5.1,5.196,5.1875
298,97.8,23.575,3.15,4.9,5,5.125,5.228,5.2125
299,97.7,23.55,3.175,4.9,5.028571429,5.133333333,5.252,5.225
300,97.5,23.55,3.2,4.9,5.085714286,5.175,5.264,5.275
301,97.5,23.575,3.225,4.9,5.1,5.229166667,5.32,5.3
302,97.5,23.6,3.275,5,5.2,5.308333333,5.4,5.3875
303,97.7,23.775,3.325,5.1,5.242857143,5.3625,5.452,5.4375
304,97.7,23.85,3.375,5.2,5.3,5.433333333,5.528,5.5125
305,97.8,24.025,3.45,5.3,5.4,5.5375,5.624,5.6125
306,97.8,24.25,3.5,5.4,5.5,5.641666667,5.724,5.725
307,97.9,24.525,3.55,5.5,5.614285714,5.754166667,5.864,5.85
308,97.8,24.775,3.65,5.7,5.785714286,5.9,6.008,5.9875
309,97.8,25,3.725,5.8,5.9,6.020833333,6.112,6.1
310,98.1,25.025,3.775,5.9,5.985714286,6.1,6.204,6.1875
311,98.2,25.05,3.85,6,6.085714286,6.204166667,6.308,6.2875
312,98.2,25.175,3.925,6.1,6.2,6.333333333,6.452,6.4375
313,98.3,25.375,4,6.2,6.385714286,6.5,6.604,6.5875
314,98.3,25.675,4.15,6.4,6.585714286,6.7125,6.812,6.8
315,98.3,25.65,4.2,6.6,6.7,6.858333333,6.968,6.9875
316,98.3,25.55,4.3,6.7,6.8,6.958333333,7.06,7.0875
317,98.4,25.6,4.4,6.8,6.971428571,7.1375,7.228,7.2125
318,98.4,25.85,4.55,7.1,7.2,7.370833333,7.48,7.4875
319,98.4,26,4.7,7.3,7.442857143,7.591666667,7.7,7.6875
320,98.2,26.05,4.8,7.4,7.614285714,7.783333333,7.9,7.8875
321,98.1,26.325,4.975,7.7,7.885714286,8.041666667,8.152,8.1625
322,98.1,26.875,5.2,8,8.242857143,8.408333333,8.528,8.4875
323,98.2,27.15,5.375,8.3,8.528571429,8.720833333,8.844,8.8375
324,98.2,27.15,5.475,8.5,8.685714286,8.891666667,9.016,9
325,98.2,27.05,5.6,8.7,8.885714286,9.05,9.188,9.1875
326,98.1,27.025,5.725,8.9,9.085714286,9.241666667,9.368,9.375
327,98.1,27.025,5.9,9.1,9.357142857,9.529166667,9.644,9.625
328,98.2,27.25,6.1,9.4,9.685714286,9.8375,9.956,9.9375
329,98.2,27.525,6.3,9.7,9.985714286,10.15,10.268,10.25
330,98.2,27.825,6.525,10,10.28571429,10.47083333,10.612,10.5875
331,98.2,28.05,6.75,10.3,10.64285714,10.83333333,10.968,10.975
332,98.2,28.175,6.95,10.6,10.94285714,11.12916667,11.276,11.2625
333,98.2,28.2,7.1,10.8,11.18571429,11.35,11.488,11.4875
334,98.2,28.2,7.25,11,11.38571429,11.57916667,11.72,11.6875
335,98.2,28.3,7.45,11.3,11.68571429,11.875,12.02,12
336,98.4,28.475,7.7,11.6,11.98571429,12.22083333,12.36,12.3125
337,98.4,28.725,7.95,11.9,12.37142857,12.55,12.696,12.6625
338,98.5,28.825,8.15,12.2,12.68571429,12.85416667,12.996,12.9625
339,98.4,28.975,8.35,12.5,12.98571429,13.15833333,13.312,13.275
340,98.4,29.2,8.575,12.8,13.28571429,13.52916667,13.656,13.625
341,98.4,29.475,8.85,13.2,13.68571429,13.925,14.048,14.025
342,98.4,29.775,9.15,13.6,14.08571429,14.33333333,14.456,14.4375
343,98.4,29.825,9.35,13.9,14.41428571,14.64583333,14.8,14.775
344,98.4,29.725,9.55,14.1,14.62857143,14.85833333,15.004,14.975
345,98.4,29.525,9.725,14.2,14.78571429,15.02083333,15.124,15.125
346,98.3,29.55,9.85,14.4,15.02857143,15.25,15.356,15.2875
347,98.3,29.775,10.15,14.8,15.38571429,15.5875,15.708,15.625
348,98.2,30.05,10.425,15.2,15.78571429,16.00416667,16.112,16.025
349,98.2,30.25,10.65,15.5,16.12857143,16.3375,16.444,16.3875
350,98.1,30.4,10.9,15.9,16.42857143,16.65416667,16.772,16.7125
351,98.1,30.6,11.15,16.2,16.8,17.025,17.144,17.1
352,98.1,30.7,11.45,16.5,17.12857143,17.36666667,17.476,17.4375
353,98,30.8,11.725,16.8,17.41428571,17.64583333,17.78,17.7
354,98,30.825,11.9,17.1,17.71428571,17.94583333,18.06,17.9875
355,97.9,30.975,12.15,17.3,18.04285714,18.25833333,18.38,18.275
356,97.7,31,12.225,17.4,18.21428571,18.40416667,18.528,18.4875
357,97.9,30.9,12.3,17.5,18.27142857,18.4875,18.592,18.5375
358,97.4,31.05,12.6,17.6,18.5,18.69583333,18.812,18.6875
359,97.4,31.35,12.9,18.1,18.95714286,19.17083333,19.296,19.225
360,97.4,31.225,13,18.3,19.08571429,19.32916667,19.42,19.325
361,97.3,30.975,13,18.3,19.07142857,19.29166667,19.368,19.2875
362,97.3,30.7,13,18.1,19.02857143,19.27083333,19.324,19.2625
363,97.3,30.725,13.15,18.1,19.14285714,19.33333333,19.38,19.2625
364,97.3,30.775,13.45,18.5,19.47142857,19.58333333,19.616,19.4875
365,97.6,30.875,13.725,18.8,19.74285714,19.9125,19.928,19.825
366,97.7,30.95,13.925,19,20,20.15416667,20.18,20.05
367,97.7,31.075,14.15,19.2,20.24285714,20.425,20.448,20.3
368,97.8,31.2,14.375,19.6,20.47142857,20.65,20.644,20.525
369,97.8,31.425,14.65,19.9,20.78571429,20.93333333,20.932,20.8125
370,97.8,31.55,14.825,20.1,21.01428571,21.1625,21.196,21.0625
371,97.8,31.575,14.975,20.2,21.2,21.37083333,21.392,21.2625
372,97.8,31.65,15.2,20.4,21.37142857,21.55416667,21.56,21.425
373,97.8,31.725,15.425,20.7,21.6,21.75833333,21.764,21.625
374,97.7,31.8,15.675,21,21.9,22.05833333,22.068,21.95
375,97.7,31.9,15.825,21.1,22.07142857,22.2,22.22,22.1
376,97.8,31.75,15.825,21.1,22.08571429,22.21666667,22.252,22.1125
377,97.8,31.525,15.825,21.1,22.04285714,22.15,22.156,22.05
378,97.8,31.4,15.85,21.1,22.01428571,22.12916667,22.1,21.975
379,97.7,31.375,15.95,21.1,22.07142857,22.2125,22.152,22
380,97.7,31.375,16.225,21.2,22.27142857,22.38333333,22.324,22.1875
381,97.8,31.5,16.45,21.5,22.51428571,22.61666667,22.584,22.4625
382,97.8,31.55,16.6,21.6,22.72857143,22.8125,22.796,22.65
383,97.9,31.525,16.65,21.7,22.77142857,22.8625,22.832,22.6875
384,97.9,31.525,16.85,21.7,22.82857143,22.87916667,22.844,22.7125
385,97.8,31.45,16.925,21.8,22.87142857,23,22.972,22.825
386,97.8,31.45,17,21.9,22.98571429,23.1125,23.056,22.9
387,97.8,31.45,17.125,22.1,23.05714286,23.2,23.136,22.975
388,97.9,31.475,17.25,22.2,23.32857143,23.42083333,23.332,23.175
389,97.8,31.5,17.55,22.4,23.57142857,23.59583333,23.536,23.375
390,97.8,32.3,18.1,23.3,24.28571429,24.42916667,24.352,24.2
391,97.8,32.625,18.35,23.6,24.55714286,24.69583333,24.656,24.4875
392,97.8,32.7,18.525,23.9,24.67142857,24.8125,24.748,24.5625
393,97.7,32.7,18.625,23.9,24.92857143,25.02083333,24.936,24.725
394,97.7,32.65,18.7,24,24.92857143,25.05416667,24.96,24.8
395,97.8,32.65,18.775,24,24.98571429,25.09583333,24.992,24.8125
396,97.8,32.75,19.075,24.1,25.2,25.2375,25.156,24.9875
397,97.8,32.975,19.25,24.3,25.44285714,25.475,25.38,25.2125
398,98.1,32.975,19.425,24.5,25.58571429,25.66666667,25.56,25.375
399,98.1,32.975,19.525,24.6,25.77142857,25.82916667,25.712,25.525
400,98.1,33.075,19.725,24.7,25.85714286,25.9125,25.788,25.6
401,98.1,33.15,19.9,24.9,26,26.08333333,25.94,25.7875
402,98.1,33.225,20.075,25,26.15714286,26.25833333,26.112,25.95
403,98.1,33.25,20.225,25.2,26.31428571,26.39166667,26.248,26.1
404,98.1,33.225,20.25,25.2,26.34285714,26.42916667,26.296,26.125
405,98,33.225,20.325,25.2,26.34285714,26.425,26.296,26.1125
406,98,33.25,20.4,25.2,26.38571429,26.45,26.312,26.125
407,98,33.25,20.525,25.3,26.51428571,26.55416667,26.416,26.2
408,98,33.325,20.625,25.4,26.6,26.6625,26.516,26.2625
409,98,33.375,20.8,25.5,26.75714286,26.775,26.652,26.4125
410,98.1,33.375,20.9,25.6,26.87142857,26.89583333,26.752,26.525
411,98.1,33.325,20.975,25.6,26.91428571,26.95,26.788,26.5875
412,98.1,33.325,21.075,25.8,27,27.0375,26.86,26.675
413,98,33.35,21.225,25.9,27.11428571,27.15,26.972,26.7875
414,98.1,33.425,21.35,26,27.18571429,27.2625,27.088,26.875
415,98.1,33.5,21.45,26.1,27.28571429,27.35,27.164,26.9375
416,98.1,33.55,21.55,26.2,27.44285714,27.47916667,27.288,27.0875
417,98.1,33.6,21.725,26.3,27.52857143,27.5625,27.372,27.175
418,98.1,33.65,21.825,26.5,27.67142857,27.69166667,27.512,27.3125
419,98.1,33.75,22.025,26.6,27.84285714,27.8375,27.64,27.425
420,98.1,33.8,22.125,26.8,27.94285714,27.95,27.772,27.55
421,98.1,33.775,22.225,26.8,27.97142857,28.0125,27.824,27.5875
422,98.1,33.75,22.225,26.8,28.02857143,28.0375,27.832,27.6125
423,98.3,33.725,22.275,26.9,28.14285714,28.11666667,27.888,27.65
424,98.3,33.725,22.4,26.9,28.15714286,28.15,27.924,27.6625
425,98.3,33.75,22.5,26.9,28.2,28.20833333,27.98,27.725
426,98.3,33.75,22.55,27,28.25714286,28.2625,28.012,27.775
427,98.3,33.8,22.6,27,28.32857143,28.30833333,28.068,27.825
428,98.3,33.8,22.675,27,28.4,28.35,28.136,27.8375
429,98.2,33.825,22.775,27.1,28.45714286,28.425,28.204,27.925
430,98.2,33.8,22.875,27.2,28.54285714,28.51666667,28.3,28.0375
431,98.2,33.85,22.95,27.3,28.64285714,28.62916667,28.392,28.1125
432,98.2,33.9,23,27.4,28.75714286,28.73333333,28.496,28.2125
433,98.2,33.925,23.15,27.4,28.84285714,28.79583333,28.564,28.3125
434,98.2,33.925,23.2,27.4,28.91428571,28.90416667,28.664,28.4125
435,98.2,33.95,23.325,27.6,28.97142857,28.95416667,28.716,28.4875
436,98.4,34.025,23.45,27.7,29.02857143,28.9875,28.74,28.5
437,98.3,34.05,23.5,27.8,29.12857143,29.075,28.824,28.55
438,98.3,34.1,23.525,27.9,29.22857143,29.1875,28.928,28.6625
439,98.3,34.15,23.675,28,29.34285714,29.30833333,29.06,28.8
440,98.3,34.225,23.8,28.1,29.45714286,29.4,29.152,28.8625
441,98.2,34.275,23.875,28.1,29.52857143,29.4875,29.236,28.9625
442,98.2,34.275,23.925,28.1,29.58571429,29.5125,29.252,28.975
443,98.2,34.275,23.975,28.2,29.64285714,29.575,29.28,29.0125
444,98.2,34.3,24.05,28.3,29.67142857,29.625,29.352,29.0625
445,98.2,34.4,24.15,28.4,29.78571429,29.72083333,29.444,29.1625
446,98.2,34.525,24.275,28.5,29.9,29.83333333,29.564,29.2875
447,98.2,34.575,24.35,28.5,29.9,29.85833333,29.584,29.325
448,98.3,34.6,24.45,28.6,29.94285714,29.8875,29.604,29.3375
449,98.2,34.65,24.45,28.7,30.01428571,29.925,29.64,29.3625
450,98.2,34.675,24.5,28.7,30.1,30,29.7,29.425
451,98.2,34.75,24.6,28.8,30.21428571,30.11666667,29.828,29.5
452,98.3,34.775,24.625,28.8,30.32857143,30.20416667,29.928,29.6125
453,98.2,34.85,24.775,28.9,30.38571429,30.30416667,30.024,29.725
454,98.2,34.875,24.8,28.9,30.4,30.34583333,30.056,29.75
455,98.2,34.95,24.8,29,30.44285714,30.3625,30.084,29.775
456,98.2,35.025,24.95,29.1,30.52857143,30.45833333,30.176,29.85
457,98.2,35.15,25.05,29.2,30.72857143,30.64166667,30.356,30.05
458,98.2,35.25,25.25,29.4,30.85714286,30.79583333,30.504,30.2
459,98.3,35.35,25.325,29.6,31,30.8875,30.616,30.35
460,98.4,35.35,25.325,29.6,31,30.91666667,30.636,30.35
461,98.3,35.35,25.35,29.6,31.01428571,30.90833333,30.628,30.35
462,98.3,35.35,25.375,29.6,31.07142857,30.95416667,30.648,30.3375
463,98.3,35.4,25.45,29.6,31.12857143,31.00416667,30.672,30.3375
464,98.2,35.5,25.525,29.7,31.24285714,31.1125,30.784,30.4625
465,98.1,35.6,25.625,29.8,31.28571429,31.17916667,30.864,30.525
466,98.2,35.65,25.7,29.9,31.37142857,31.25833333,30.932,30.65
467,98.3,35.65,25.725,30,31.41428571,31.30416667,30.984,30.6875
468,98.3,35.725,25.775,30,31.42857143,31.3375,31.032,30.7
469,98.3,35.75,25.825,30,31.55714286,31.42083333,31.1,30.775
470,98.3,35.75,25.9,30,31.58571429,31.46666667,31.128,30.825
471,98.3,35.95,25.975,30.2,31.68571429,31.57916667,31.228,30.9125
472,98.2,36.05,26.05,30.2,31.77142857,31.64583333,31.312,30.9875
473,98.2,36.075,26.175,30.3,31.85714286,31.72083333,31.396,31.0625
474,98.2,36.25,26.275,30.4,31.97142857,31.84166667,31.532,31.1875
475,98.3,36.35,26.3,30.7,32.08571429,31.95833333,31.636,31.3
476,98.2,36.45,26.375,30.8,32.17142857,32.04166667,31.736,31.4
477,98.2,36.5,26.5,30.8,32.27142857,32.125,31.816,31.4875
478,98.2,36.625,26.525,30.9,32.38571429,32.2375,31.932,31.6125
479,98.2,36.825,26.675,31,32.5,32.3375,32.04,31.725
480,98.2,37,26.8,31.2,32.65714286,32.48333333,32.164,31.85
481,98.2,37.35,27.025,31.5,32.87142857,32.74583333,32.448,32.175
482,98.2,37.725,27.35,31.9,33.12857143,33.02916667,32.756,32.4875
483,98.3,37.875,27.45,32.1,33.31428571,33.225,32.96,32.7125
484,98.4,37.725,27.325,32,33.21428571,33.15,32.872,32.6375
485,98.3,37.45,27.2,31.7,33.02857143,32.94583333,32.632,32.35
486,98.2,37.45,27.225,31.6,33.15714286,33.01666667,32.66,32.325
487,98.2,37.575,27.325,31.8,33.24285714,33.0875,32.736,32.4
488,98.2,37.575,27.325,31.8,33.24285714,33.09166667,32.744,32.425
489,98.2,37.575,27.35,31.8,33.22857143,33.08333333,32.744,32.4125
490,97.9,37.8,27.475,31.9,33.5,33.29166667,32.936,32.575
491,98,37.975,27.6,32.1,33.61428571,33.425,33.088,32.7625
492,98.1,37.875,27.525,32.1,33.58571429,33.4125,33.064,32.725
493,98,37.8,27.475,31.9,33.57142857,33.4,33.032,32.6875
494,97.8,37.825,27.5,32.1,33.7,33.48333333,33.084,32.7
495,98,38.025,27.7,32.2,33.84285714,33.65416667,33.264,32.85
496,98,38.25,27.9,32.4,34.01428571,33.80833333,33.44,33.0875
497,98,38.375,27.9,32.5,34.1,33.875,33.536,33.1875
498,98,38.425,27.9,32.5,34.1,33.9125,33.552,33.2125
499,97.9,38.475,27.975,32.5,34.21428571,34,33.632,33.275
500,98,38.6,28.025,32.7,34.3,34.1,33.752,33.3625
501,97.9,38.725,28.125,32.7,34.4,34.2,33.836,33.4875
502,98,38.875,28.2,32.8,34.48571429,34.28333333,33.924,33.575
503,98,39.075,28.325,33,34.61428571,34.3875,34.056,33.7
504,98,39.2,28.425,33,34.68571429,34.49583333,34.14,33.8
505,98,39.25,28.45,33.1,34.78571429,34.5875,34.248,33.8875
506,98,39.375,28.525,33.2,34.9,34.7125,34.368,34.025
507,98,39.55,28.625,33.3,35.05714286,34.85833333,34.516,34.175
508,98,39.725,28.7,33.4,35.17142857,34.98333333,34.632,34.325
509,98,39.8,28.775,33.6,35.22857143,35.09583333,34.744,34.4375
510,98,39.85,28.85,33.7,35.3,35.1375,34.792,34.4625
511,97.9,39.9,28.875,33.7,35.35714286,35.17916667,34.836,34.5375
512,97.9,39.95,28.925,33.7,35.38571429,35.19166667,34.868,34.5375
513,97.9,40.025,28.925,33.8,35.41428571,35.25833333,34.896,34.5875
514,97.8,40.125,28.95,33.8,35.52857143,35.3125,34.956,34.6375
515,97.9,40.325,29.125,34,35.7,35.49583333,35.152,34.825
516,97.9,40.475,29.275,34.1,35.82857143,35.63333333,35.308,35.0125
517,97.9,40.65,29.325,34.2,35.88571429,35.7,35.392,35.0875
518,97.9,40.6,29.3,34.2,35.88571429,35.70416667,35.392,35.0875
519,97.9,40.575,29.275,34.1,35.87142857,35.6875,35.352,35.025
520,97.9,40.55,29.3,34.1,35.94285714,35.73333333,35.404,35.025
521,97.9,40.7,29.375,34.2,36.07142857,35.875,35.512,35.1375
522,97.9,40.85,29.525,34.5,36.12857143,35.94583333,35.596,35.25
523,97.9,41.15,29.625,34.8,36.31428571,36.13333333,35.796,35.5125
524,97.9,41.375,29.825,35,36.51428571,36.325,36.02,35.725
525,98,41.575,29.9,35.1,36.65714286,36.4625,36.16,35.8625
526,98,41.8,30.05,35.3,36.78571429,36.6125,36.32,36.075
527,98,41.8,30.075,35.3,36.87142857,36.7,36.412,36.1625
528,98.1,41.725,29.9,35.1,36.72857143,36.525,36.232,35.925
529,98.1,41.325,29.725,34.7,36.64285714,36.42083333,36.04,35.6625
530,97.4,41.35,29.725,34.7,36.72857143,36.47083333,36.056,35.65
531,97.4,41.725,29.975,35.1,36.95714286,36.675,36.284,35.9375
532,97.5,41.8,30.025,35.3,37,36.72916667,36.372,36.0625
533,97.5,41.775,30.025,35.3,36.94285714,36.71666667,36.356,36.025
534,97.5,41.775,29.95,35.2,37.01428571,36.76666667,36.384,36.025
535,97.4,41.825,30.025,35.3,37.17142857,36.85833333,36.484,36.1
536,97.5,41.875,30.075,35.3,37.18571429,36.9125,36.532,36.1625
537,97.6,42.075,30.1,35.3,37.24285714,36.97916667,36.608,36.225
538,97.6,42.4,30.325,35.6,37.52857143,37.225,36.88,36.4875
539,97.6,42.725,30.575,35.9,37.71428571,37.46666667,37.152,36.8
540,97.7,42.875,30.625,36.1,37.71428571,37.50416667,37.196,36.9
541,97.7,42.6,30.525,36,37.67142857,37.47916667,37.164,36.85
542,97.7,42.325,30.3,35.9,37.62857143,37.40833333,37.02,36.6625
543,97.6,42.3,30.3,35.7,37.65714286,37.39583333,36.996,36.5375
544,97.6,42.35,30.35,35.8,37.74285714,37.45,37.036,36.625
545,97.6,42.525,30.5,35.9,37.82857143,37.56666667,37.156,36.7625
546,97.6,42.725,30.5,35.9,37.88571429,37.60833333,37.24,36.875
547,97.6,42.75,30.525,35.9,37.88571429,37.5875,37.22,36.8625
548,97.6,42.725,30.525,35.9,37.97142857,37.66666667,37.248,36.85
549,97.5,42.85,30.6,36.1,38.14285714,37.80416667,37.412,36.9875
550,97.5,43.05,30.725,36.2,38.27142857,37.94166667,37.56,37.1625
551,97.5,43.2,30.85,36.4,38.38571429,38.1,37.72,37.35
552,97.7,43.275,30.925,36.5,38.47142857,38.1625,37.82,37.4375
553,97.8,43.325,30.875,36.5,38.44285714,38.1625,37.808,37.4375
554,97.8,43.325,30.875,36.5,38.52857143,38.23333333,37.856,37.4875
555,97.7,43.4,30.95,36.6,38.62857143,38.30416667,37.948,37.575
556,97.7,43.475,30.975,36.7,38.77142857,38.46666667,38.08,37.7375
557,97.7,43.6,31.025,36.8,38.8,38.5125,38.132,37.8
558,97.8,43.775,31.05,36.9,38.94285714,38.675,38.304,37.95
559,97.8,43.925,31.15,37.1,39.04285714,38.77916667,38.404,38.0625
560,98,44.55,31.375,37.4,39.05714286,38.79166667,38.44,38.0875
561,98,44.75,31.475,37.6,39.1,38.77916667,38.444,38.1
562,97.9,44.9,31.575,37.6,39.18571429,38.86666667,38.576,38.3375
563,97.9,45.1,31.65,37.7,39.28571429,39,38.708,38.475
564,98,45.275,31.725,37.9,39.48571429,39.275,39.024,38.8
565,98,45.35,31.75,38,39.54285714,39.29166667,39.036,38.8375
566,98,45.325,31.775,38,39.55714286,39.3375,39.076,38.875
567,97.9,45.35,31.725,38,39.62857143,39.37916667,39.108,38.9
568,97.9,45.4,31.725,38,39.71428571,39.40416667,39.12,38.9125
569,97.9,45.5,31.775,38.2,39.77142857,39.4625,39.172,38.9625
570,97.9,45.65,31.8,38.3,39.9,39.5875,39.304,39.1
571,97.8,45.75,31.8,38.4,39.91428571,39.625,39.328,39.1375
572,97.8,45.75,31.8,38.4,39.95714286,39.675,39.376,39.25
573,97.8,45.75,31.8,38.4,39.95714286,39.68333333,39.404,39.25
574,97.9,45.75,31.8,38.4,39.98571429,39.70416667,39.42,39.2625
575,97.9,45.725,31.8,38.4,40.02857143,39.71666667,39.436,39.275
576,97.9,45.7,31.8,38.4,40.02857143,39.725,39.456,39.3
577,97.9,45.7,31.75,38.5,40.07142857,39.7625,39.468,39.3125
578,97.9,45.725,31.8,38.6,40.22857143,39.87916667,39.568,39.4
579,97.9,45.925,31.8,38.6,40.27142857,39.94583333,39.652,39.475
580,97.9,46.075,31.825,38.8,40.4,40.09583333,39.808,39.6125
581,97.9,46.125,31.825,38.8,40.45714286,40.2,39.92,39.7
582,97.9,46.3,31.875,38.8,40.52857143,40.2375,39.948,39.75
583,98,46.4,31.925,38.9,40.61428571,40.29166667,40.024,39.825
584,98,46.4,31.975,39.1,40.7,40.39583333,40.136,39.95
585,98,46.55,31.975,39.1,40.78571429,40.50833333,40.252,40.075
586,98,46.675,32.05,39.2,40.88571429,40.60416667,40.344,40.15
587,98.1,46.775,32.1,39.3,40.95714286,40.67083333,40.412,40.25
588,98.1,46.85,32.125,39.5,41.05714286,40.75833333,40.5,40.3625
589,98.2,46.9,32.125,39.5,41.08571429,40.80416667,40.54,40.3875
590,98.1,46.925,32.125,39.5,41.11428571,40.8375,40.58,40.4375
591,98,46.925,32.125,39.5,41.2,40.90833333,40.656,40.475
592,98,47.025,32.125,39.7,41.25714286,40.97083333,40.704,40.55
593,98.1,47.225,32.2,39.8,41.41428571,41.08333333,40.86,40.7
594,98.1,47.35,32.3,39.9,41.51428571,41.225,40.996,40.85
595,98,47.525,32.325,40,41.55714286,41.29166667,41.048,40.9375
596,98,47.525,32.325,40,41.55714286,41.31666667,41.068,40.9375
597,98,47.45,32.275,40,41.55714286,41.29583333,41.032,40.8875
598,98,47.275,32.25,40,41.55714286,41.25416667,40.984,40.8
599,97.9,47.3,32.25,40,41.62857143,41.3,41.02,40.8
600,97.9,47.45,32.25,40.1,41.75714286,41.44583333,41.14,40.9625
601,98.1,47.675,32.35,40.3,41.97142857,41.64166667,41.392,41.2125
602,98.1,47.9,32.4,40.5,42.07142857,41.7875,41.564,41.4
603,98.1,48.05,32.475,40.7,42.2,41.92083333,41.676,41.575
604,98.2,48.05,32.475,40.7,42.18571429,41.92083333,41.688,41.5875
605,98.1,48,32.4,40.7,42.18571429,41.90833333,41.672,41.55
606,98,47.9,32.4,40.5,42.17142857,41.9,41.652,41.5
607,98,47.925,32.4,40.6,42.28571429,41.98333333,41.704,41.5375
608,98,48.075,32.45,40.8,42.37142857,42.06666667,41.776,41.6
609,98,48.075,32.45,40.9,42.38571429,42.075,41.792,41.65
610,98,48.075,32.45,40.9,42.38571429,42.1,41.812,41.6625
611,98,48.025,32.45,40.9,42.44285714,42.15,41.84,41.6875
612,98,48.1,32.45,40.9,42.52857143,42.1875,41.856,41.6875
613,98,48.125,32.475,40.9,42.6,42.25833333,41.94,41.7625
614,98,48.2,32.475,41,42.68571429,42.35833333,42.06,41.875
615,98.1,48.3,32.5,41.1,42.81428571,42.475,42.172,41.9875
616,98.1,48.35,32.55,41.3,42.87142857,42.54583333,42.256,42.0625
617,98.2,48.425,32.575,41.4,42.97142857,42.64583333,42.38,42.2
618,98.2,48.45,32.625,41.4,43.02857143,42.725,42.452,42.2875
619,98.2,48.55,32.65,41.5,43.14285714,42.8,42.544,42.3875
620,98.2,48.65,32.675,41.6,43.21428571,42.85833333,42.604,42.4375
621,98.1,48.8,32.725,41.7,43.3,42.97083333,42.696,42.55
622,98.1,48.9,32.775,41.8,43.42857143,43.09583333,42.828,42.675
623,98.1,49,32.85,42,43.48571429,43.16666667,42.892,42.75
624,98.1,49.125,32.85,42.2,43.62857143,43.2875,43.048,42.8875
625,98.1,49.225,32.925,42.3,43.65714286,43.36666667,43.116,42.9375
626,98.2,49.225,32.95,42.3,43.68571429,43.39583333,43.14,43
627,98.2,49.225,32.95,42.3,43.67142857,43.39166667,43.144,43
628,98.1,49.2,32.9,42.3,43.7,43.42083333,43.152,43.025
629,98.1,49.2,32.9,42.3,43.81428571,43.48333333,43.192,43.025
630,98.1,49.2,32.9,42.3,43.9,43.55416667,43.268,43.075
631,98.1,49.275,32.95,42.5,43.98571429,43.65416667,43.34,43.1625
632,98.1,49.425,33.05,42.5,44.08571429,43.75,43.452,43.2875
633,98.2,49.5,33.075,42.6,44.15714286,43.82916667,43.536,43.375
634,98.2,49.525,33.125,42.7,44.18571429,43.87916667,43.604,43.425
635,98.2,49.525,33.125,42.7,44.22857143,43.90416667,43.632,43.475
636,98.2,49.525,33.15,42.7,44.31428571,43.99166667,43.688,43.525
637,98.1,49.6,33.15,42.9,44.37142857,44.0375,43.744,43.5625
638,98.1,49.65,33.15,42.9,44.45714286,44.1125,43.82,43.65
639,98.2,49.7,33.2,43,44.48571429,44.175,43.88,43.7
640,98.2,49.85,33.275,43.1,44.57142857,44.2375,43.94,43.775
641,98.2,49.9,33.275,43.1,44.71428571,44.36666667,44.072,43.8875
642,98.3,50,33.325,43.2,44.74285714,44.44166667,44.128,43.95
643,98.3,50.05,33.375,43.4,44.82857143,44.47916667,44.18,44.0375
644,98.3,50.075,33.425,43.4,44.94285714,44.60833333,44.32,44.125
645,98.3,50.225,33.425,43.5,45.02857143,44.69583333,44.38,44.25
646,98.3,50.25,33.5,43.6,45.07142857,44.74583333,44.428,44.3
647,98.5,50.325,33.575,43.7,45.14285714,44.8125,44.528,44.35
648,98.5,50.375,33.65,43.7,45.21428571,44.89583333,44.616,44.425
649,98.5,50.45,33.675,43.8,45.32857143,44.97916667,44.696,44.525
650,98.4,50.5,33.775,43.8,45.37142857,45.0375,44.752,44.6125
651,98.4,50.55,33.825,43.9,45.44285714,45.07916667,44.812,44.6375
652,98.4,50.575,33.825,44,45.51428571,45.15833333,44.864,44.725
653,98.4,50.6,33.9,44.1,45.6,45.24166667,44.932,44.775
654,98.4,50.65,33.9,44.1,45.67142857,45.32083333,44.98,44.825
655,98.4,50.7,33.975,44.2,45.75714286,45.38333333,45.064,44.9125
656,98.3,50.825,34.075,44.4,45.85714286,45.4875,45.192,45.025
657,98.3,51.05,34.225,44.6,46.01428571,45.65,45.38,45.2
658,98.4,51.15,34.3,44.7,46.12857143,45.7875,45.528,45.3625
659,98.4,51.25,34.325,44.8,46.15714286,45.82916667,45.568,45.425
660,98.4,51.125,34.325,44.8,46.14285714,45.825,45.568,45.425
661,98.3,51.075,34.325,44.7,46.14285714,45.80833333,45.52,45.3625
662,98.3,50.975,34.325,44.7,46.2,45.82916667,45.512,45.35
663,98.2,50.95,34.35,44.7,46.28571429,45.88333333,45.548,45.3875
664,98.2,51,34.425,44.7,46.34285714,45.96666667,45.636,45.425
665,98.2,51.1,34.525,44.8,46.42857143,46.0375,45.708,45.525
666,98.1,51.225,34.6,44.9,46.5,46.10833333,45.776,45.625
667,98.2,51.325,34.725,45,46.58571429,46.225,45.92,45.7375
668,98.2,51.425,34.775,45.2,46.72857143,46.325,46.024,45.85
669,98.2,51.45,34.825,45.3,46.75714286,46.39166667,46.072,45.925
670,98.2,51.475,34.875,45.3,46.82857143,46.44166667,46.132,45.95
671,98.2,51.5,34.9,45.3,46.84285714,46.49583333,46.16,45.9875
672,98.2,51.55,35,45.4,46.9,46.52916667,46.208,46.0125
673,98.2,51.575,35.05,45.4,46.97142857,46.59166667,46.288,46.075
674,98.2,51.6,35.15,45.6,47.01428571,46.69166667,46.36,46.15
675,98.2,51.675,35.225,45.6,47.11428571,46.78333333,46.448,46.2375
676,98.2,51.775,35.325,45.8,47.21428571,46.875,46.552,46.3875
677,98.2,51.85,35.45,45.9,47.32857143,46.97083333,46.664,46.4625
678,98.2,52.1,35.55,46,47.41428571,47.075,46.8,46.6
679,98.2,52.175,35.65,46.1,47.52857143,47.17083333,46.88,46.7375
680,98.2,52.225,35.725,46.1,47.54285714,47.2375,46.944,46.8125
681,98.3,52.2,35.775,46.2,47.58571429,47.26666667,46.964,46.825
682,98.2,52.15,35.775,46.2,47.61428571,47.275,46.968,46.8375
683,98.2,52.175,35.825,46.1,47.67142857,47.33333333,47,46.8375
684,98.2,52.175,35.875,46.2,47.72857143,47.375,47.028,46.8625
685,98.2,52.2,35.95,46.2,47.82857143,47.4375,47.096,46.9
686,98.2,52.25,36.075,46.2,47.9,47.5125,47.184,46.9875
687,98.2,52.325,36.175,46.5,48.01428571,47.62916667,47.28,47.0875
688,98.2,52.425,36.275,46.6,48.04285714,47.70416667,47.38,47.15
689,98.2,52.475,36.375,46.6,48.08571429,47.72916667,47.396,47.225
690,98.2,52.525,36.45,46.6,48.11428571,47.77916667,47.432,47.275
691,98.2,52.575,36.525,46.8,48.18571429,47.8375,47.492,47.3375
692,98.2,52.6,36.625,46.8,48.27142857,47.9125,47.584,47.4125
693,98.2,52.675,36.725,46.9,48.34285714,47.95833333,47.636,47.45
694,98.3,52.75,36.9,47,48.44285714,48.05833333,47.708,47.5625
695,98.3,52.8,36.975,47.1,48.55714286,48.1625,47.808,47.65
696,98.4,52.975,37.125,47.3,48.61428571,48.28333333,47.928,47.7875
697,98.4,53.125,37.375,47.5,48.72857143,48.39583333,48.092,47.9125
698,98.4,53.225,37.475,47.5,48.81428571,48.49166667,48.18,48.075
699,98.4,53.225,37.525,47.6,48.77142857,48.44166667,48.132,48.0375
700,98.4,53.15,37.5,47.6,48.74285714,48.40833333,48.056,47.975
701,98.3,53.125,37.5,47.5,48.74285714,48.375,48.004,47.8375
702,98.3,53.025,37.525,47.4,48.78571429,48.38333333,48,47.8125
703,98.2,53.025,37.6,47.4,48.82857143,48.41666667,48.016,47.825
704,98.2,53.025,37.65,47.5,48.95714286,48.52083333,48.108,47.875
705,98.3,53.1,37.825,47.5,49.02857143,48.575,48.176,47.9625
706,98.3,53.15,37.925,47.6,49.1,48.65833333,48.268,48.05
707,98.3,53.175,38,47.8,49.14285714,48.7,48.328,48.1125
708,98.3,53.275,38.125,47.9,49.15714286,48.74166667,48.396,48.15
709,98.3,53.3,38.275,47.9,49.2,48.77916667,48.468,48.225
710,98.4,53.325,38.375,48,49.25714286,48.86666667,48.54,48.3
711,98.4,53.375,38.475,48.1,49.3,48.93333333,48.592,48.3375
712,98.4,53.4,38.575,48.2,49.35714286,48.96666667,48.616,48.4
713,98.4,53.4,38.675,48.2,49.45714286,49.06666667,48.712,48.5
714,98.4,53.525,38.7,48.3,49.48571429,49.14583333,48.776,48.5875
715,98.4,53.55,38.825,48.3,49.57142857,49.18333333,48.824,48.65
716,98.4,53.55,38.875,48.3,49.58571429,49.20833333,48.832,48.6625
717,98.4,53.6,38.9,48.3,49.58571429,49.22083333,48.844,48.675
718,98.3,53.625,38.975,48.3,49.6,49.2125,48.84,48.625
719,98.4,53.6,39.05,48.3,49.62857143,49.21666667,48.832,48.625
720,98.4,53.625,39.125,48.3,49.64285714,49.21666667,48.836,48.625
721,98.4,53.6,39.225,48.3,49.62857143,49.22916667,48.848,48.6125
722,98.5,53.6,39.35,48.4,49.65714286,49.24583333,48.88,48.65
723,98.5,53.675,39.375,48.5,49.67142857,49.27916667,48.892,48.675
724,98.6,53.7,39.475,48.6,49.7,49.29166667,48.928,48.7125
725,98.6,53.725,39.675,48.6,49.72857143,49.30833333,48.936,48.7875
726,98.7,53.825,39.725,48.8,49.72857143,49.325,48.964,48.8
727,98.7,53.9,39.85,48.8,49.72857143,49.34583333,49.004,48.8375
728,98.7,53.925,40,48.9,49.72857143,49.3625,49.012,48.8625
729,99,53.875,40.05,48.9,49.74285714,49.32916667,48.996,48.825
730,99,53.85,40.125,49,49.74285714,49.30416667,48.96,48.7625
731,99.1,53.85,40.25,49.1,49.82857143,49.34583333,48.968,48.775
732,99,53.875,40.375,49.1,49.85714286,49.35,48.96,48.75
733,99,53.875,40.525,49.2,49.95714286,49.42916667,49.032,48.775
734,99.1,53.95,40.625,49.3,50.02857143,49.475,49.088,48.8375
735,99.1,54,40.75,49.5,50.07142857,49.55416667,49.164,48.8875
736,99.1,54.05,40.875,49.5,50.24285714,49.67083333,49.244,48.9625
737,99.1,54.1,40.975,49.5,50.37142857,49.82083333,49.38,49.075
738,99.1,54.225,41.15,49.7,50.52857143,50,49.52,49.225
739,98.9,54.5,41.2,49.7,50.74285714,50.24166667,49.816,49.5375
740,98.8,54.625,41.35,49.7,50.9,50.425,50.008,49.7625
741,98.7,54.725,41.45,49.8,51.02857143,50.5625,50.14,49.8875
742,98.7,54.775,41.525,49.8,51.07142857,50.58333333,50.16,49.925
743,98.7,54.825,41.7,49.9,51.15714286,50.69583333,50.268,50.025
744,98.7,54.975,41.85,50.1,51.27142857,50.84166667,50.38,50.125
745,98.6,55.075,42,50.1,51.37142857,50.95,50.484,50.2125
746,98.6,55.125,42.05,50.1,51.42857143,50.99583333,50.552,50.2875
747,98.6,55.175,42.2,50.2,51.44285714,51.02916667,50.58,50.35
748,98.6,55.175,42.3,50.2,51.57142857,51.14166667,50.684,50.4375
749,98.6,55.225,42.425,50.3,51.6,51.19166667,50.732,50.4875
750,98.6,55.225,42.575,50.3,51.64285714,51.22916667,50.784,50.525
751,98.6,55.275,42.675,50.3,51.64285714,51.25,50.82,50.5625
752,98.6,55.35,42.75,50.6,51.74285714,51.3125,50.86,50.6375
753,98.6,55.425,42.8,50.6,51.78571429,51.34583333,50.884,50.6875
754,98.6,55.475,42.85,50.8,51.81428571,51.37083333,50.928,50.725
755,98.5,55.525,42.9,50.8,51.8,51.37916667,50.932,50.7625
756,98.6,55.575,43,50.8,51.97142857,51.56666667,51.084,50.95
757,98.6,55.65,43.025,50.8,52.12857143,51.7125,51.212,51.075
758,98.6,55.625,43.05,50.8,52.17142857,51.74583333,51.288,51.0625
759,98.4,55.65,43.075,50.8,52.18571429,51.79166667,51.324,51.1
760,98.5,55.675,43.175,50.9,52.24285714,51.83333333,51.368,51.1625
761,98.6,55.725,43.425,50.9,52.32857143,51.91666667,51.424,51.225
762,98.6,55.7,43.575,50.9,52.37142857,51.97916667,51.464,51.275
763,98.5,55.875,43.725,51.2,52.52857143,52.14166667,51.688,51.45
764,98.4,56.15,43.875,51.5,52.61428571,52.23333333,51.788,51.6
765,98.4,56.15,44.025,51.5,52.61428571,52.23333333,51.808,51.625
766,98.4,56.125,44.025,51.5,52.58571429,52.22083333,51.796,51.6
767,98.4,56.125,44.15,51.5,52.61428571,52.22916667,51.784,51.5875
768,98.4,56.075,44.175,51.5,52.62857143,52.2625,51.776,51.5625
769,98.4,56.1,44.35,51.4,52.68571429,52.275,51.784,51.5375
770,98.5,56.15,44.425,51.4,52.77142857,52.35416667,51.828,51.6375
771,98.4,56.125,44.6,51.4,52.77142857,52.35833333,51.832,51.65
772,98.4,56.2,44.625,51.4,52.77142857,52.3125,51.832,51.65
773,98.4,56.225,44.625,51.4,52.77142857,52.325,51.864,51.625
774,98.3,56.225,44.65,51.4,52.85714286,52.45833333,51.968,51.775
775,98.2,56.225,44.7,51.6,52.85714286,52.48333333,52.004,51.8125
776,98.3,56.325,44.875,51.9,52.9,52.49166667,52.036,51.825
777,98.2,56.575,44.9,51.9,52.88571429,52.475,52.012,51.7875
778,98,56.575,45,51.9,53,52.575,52.076,51.85
779,97.8,56.6,45.075,51.9,53.01428571,52.56666667,52.068,51.8375
780,98,56.65,45.2,51.9,53.04285714,52.65416667,52.172,51.925
781,98,56.675,45.25,51.9,53.24285714,52.77083333,52.316,52.15
782,98,56.725,45.4,51.9,53.28571429,52.8125,52.356,52.15
783,98.1,56.7,45.45,51.9,53.28571429,52.87083333,52.348,52.175
784,98.1,56.675,45.525,52,53.3,52.875,52.328,52.15
785,98.1,56.75,45.8,52,53.32857143,52.8875,52.36,52.175
786,98.2,56.85,45.925,52,53.54285714,53.08333333,52.66,52.3375
787,98.2,56.9,45.95,52.2,53.6,53.11666667,52.664,52.375
788,98,57.1,46.025,52.2,53.75714286,53.24166667,52.748,52.475
789,98.1,57.275,46.175,52.4,53.97142857,53.42083333,52.952,52.6125
790,98.1,57.475,46.2,52.4,54.1,53.55416667,53.084,52.775
791,98.1,57.575,46.325,52.3,54.15714286,53.60833333,53.148,52.8
792,98.1,57.7,46.375,52.3,54.24285714,53.6625,53.192,52.8625
793,98.1,57.725,46.425,52.2,54.3,53.71666667,53.224,52.8625
794,98.1,57.8,46.425,52.2,54.31428571,53.71666667,53.22,52.8625
795,98.1,57.775,46.475,52.2,54.3,53.66666667,53.188,52.8375
796,98.1,57.775,46.55,52.2,54.25714286,53.63333333,53.176,52.825
797,98.2,57.8,46.65,52.3,54.07142857,53.5375,53.06,52.725
798,98.3,57.725,46.7,52.3,54,53.5,53.04,52.725
799,98.3,57.775,46.775,52.5,53.97142857,53.4625,53,52.7125
800,98.3,57.825,46.925,52.5,53.98571429,53.46666667,53.016,52.7125
801,98.4,57.825,47.15,52.7,54.01428571,53.50833333,53.016,52.7
802,98.5,57.925,47.375,52.8,54.07142857,53.55,53.08,52.775
803,98.6,58.075,47.575,52.9,54.21428571,53.69583333,53.212,52.9125
804,98.6,58.175,47.7,53.1,54.24285714,53.725,53.252,52.925
805,98.6,58.3,47.825,53.2,54.32857143,53.80416667,53.344,53.025
806,98.6,58.35,47.975,53.3,54.37142857,53.85416667,53.4,53.0875
807,98.6,58.525,48.1,53.5,54.42857143,53.9375,53.456,53.15
808,98.6,58.55,48.225,53.6,54.48571429,53.99583333,53.548,53.225
809,98.6,58.6,48.3,53.7,54.6,54.11666667,53.64,53.3625
810,98.7,58.675,48.35,53.8,54.68571429,54.1875,53.716,53.4125
811,98.6,58.675,48.475,53.8,54.81428571,54.29166667,53.8,53.5125
812,98.4,58.75,48.575,53.9,54.84285714,54.32916667,53.832,53.525
813,98.5,58.85,48.65,53.9,54.95714286,54.46666667,53.928,53.6
814,98.6,59.05,48.725,53.9,54.94285714,54.49583333,53.98,53.6375
815,98.5,59.05,48.85,53.9,54.94285714,54.4625,53.912,53.6375
816,98.6,59.1,48.975,53.9,54.97142857,54.4625,53.928,53.675
817,98.6,59.125,48.975,54,55.08571429,54.575,54.076,53.8125
818,98.6,59.225,48.975,54.2,55.12857143,54.6375,54.16,53.9
819,98.5,59.3,49.125,54.2,55.2,54.69583333,54.24,53.9625
820,98.5,59.425,49.15,54.2,55.34285714,54.825,54.42,54.15
821,98.5,59.675,49.5,54.5,55.48571429,54.975,54.516,54.2875
822,98.6,60.325,49.975,55.1,55.62857143,55.17916667,54.788,54.6375
823,98.9,60.85,50.65,55.5,55.8,55.45,55.1,55.05
824,98.9,60.525,50.625,55.4,55.85714286,55.575,55.196,55.15
825,98.8,60.25,50.25,54.9,55.5,55.19583333,54.728,54.7625
826,98.1,60.05,50.05,54.8,55.52857143,55.15,54.672,54.6
827,98.1,60.025,49.9,54.7,55.64285714,55.17083333,54.652,54.4625
828,98.1,60.175,50.125,54.6,55.97142857,55.35,54.768,54.4625
829,98.2,60.1,50.2,54.7,55.84285714,55.32083333,54.752,54.425
830,98.7,60.1,50.1,54.6,55.75714286,55.22083333,54.672,54.3125
831,98.7,60.125,50.05,54.5,55.68571429,55.16666667,54.612,54.225
832,98.6,60.15,49.975,54.4,56.11428571,55.37083333,54.732,54.25
833,98.6,60.275,50.05,54.3,56.4,55.6375,54.908,54.4125
834,98.6,60.475,50.4,55,56.48571429,55.81666667,55.156,54.7875
835,98.7,60.575,50.675,55.4,56.42857143,55.83333333,55.284,55
836,98.7,60.45,50.6,55.3,56.05714286,55.5875,55.076,54.8125
837,98.8,60.45,50.55,55.1,55.98571429,55.50833333,54.988,54.7
838,98.8,60.45,50.45,55,56.05714286,55.5125,54.964,54.6125
839,98.7,60.4,50.475,54.7,56.14285714,55.5375,54.952,54.575
840,98.7,60.55,50.475,54.7,56.31428571,55.74583333,55.108,54.7125
841,98.7,60.55,50.575,54.7,56.35714286,55.80833333,55.156,54.775
842,98.7,60.5,50.6,54.7,56.35714286,55.7875,55.176,54.8
843,98.7,60.525,50.625,54.7,56.37142857,55.83333333,55.204,54.8625
844,98.7,60.475,50.725,54.9,56.38571429,55.90416667,55.272,54.925
845,98.1,60.525,50.675,54.9,56.44285714,55.8875,55.248,54.925
846,98.1,60.525,50.725,54.9,56.41428571,55.88333333,55.248,54.95
847,98,60.575,50.75,54.9,56.45714286,55.9125,55.28,54.975
848,98.1,60.6,51.025,54.9,56.45714286,55.975,55.332,55.05
849,98.1,60.6,51.05,54.9,56.54285714,56.1,55.452,55.225
850,98,60.875,51,55,56.68571429,56.14583333,55.508,55.2125
851,98.1,60.775,51.2,55.1,56.61428571,56.12916667,55.524,55.2125
852,98.6,60.85,51.2,55.1,56.7,56.125,55.54,55.2375
853,98.6,60.95,51.25,55.2,56.7,56.12083333,55.552,55.175
854,97.9,60.925,51.05,55.2,56.68571429,56.14166667,55.568,55.2125
855,98,61.05,51.125,55.2,56.87142857,56.2,55.616,55.3
856,98.2,61.1,51.075,55.3,56.91428571,56.2125,55.664,55.4125
857,98.1,61.175,51.15,55.3,56.84285714,56.21666667,55.68,55.4125
858,98.3,61.3,51.15,55.3,56.82857143,56.2125,55.748,55.4125
859,98.3,61.35,51.275,55.4,56.85714286,56.37916667,55.848,55.65
860,98,61.55,51.325,55.6,56.85714286,56.28333333,55.76,55.6125
861,98,61.45,51.575,55.3,56.85714286,56.34583333,55.82,55.6875
862,98,61.475,51.55,55.3,56.85714286,56.38333333,55.852,55.6875
863,98,61.575,51.575,55.5,56.97142857,56.47083333,55.916,55.7625
864,98,61.6,51.65,55.7,56.98571429,56.49166667,55.96,55.8
865,98.1,61.65,51.85,55.9,57.05714286,56.47916667,55.948,55.7875
866,98.3,61.75,51.975,55.9,57.04285714,56.45416667,55.936,55.7375
867,98.8,61.75,52,55.9,57.07142857,56.47916667,55.976,55.75
868,98.5,61.75,52,55.9,57.1,56.51666667,55.98,55.8
869,98.5,61.775,52,55.9,57.12857143,56.55833333,56.04,55.8375
870,98.5,61.925,52.075,55.9,57.2,56.6,56.068,55.8375
871,98.5,61.925,52.1,55.9,57.18571429,56.6125,56.052,55.8375
872,98.5,61.925,52.125,56,57.25714286,56.70416667,56.132,55.85
873,98.8,61.95,52.25,56,57.28571429,56.74583333,56.188,55.875
874,98.8,62.05,52.3,56,57.3,56.82916667,56.24,55.9625
875,98.7,62.225,52.35,56.1,57.37142857,56.92083333,56.34,56.025
876,98.7,62.275,52.575,56.1,57.35714286,56.89583333,56.348,56
877,98.7,62.45,52.55,56.3,57.45714286,56.95416667,56.416,56.15
878,98.7,62.575,52.65,56.3,57.48571429,57.00416667,56.452,56.2125
879,98.7,62.65,52.8,56.4,57.51428571,57.04166667,56.496,56.2625
880,98.9,62.75,52.925,56.4,57.58571429,57.10416667,56.576,56.3625
881,99.1,63.05,53.25,56.5,57.68571429,57.27083333,56.808,56.6125
882,99.6,63.15,53.4,56.9,57.67142857,57.27083333,56.876,56.75
883,99.8,62.375,53.475,57.1,57.61428571,57.25416667,56.852,56.75
884,99.7,62.475,53.475,57.1,57.6,57.26666667,56.844,56.75
885,99.7,62.525,53.5,57,57.55714286,57.23333333,56.752,56.5625
886,99.6,62.575,53.3,57,57.71428571,57.31666667,56.712,56.45
887,98.8,63.15,53.325,56.6,58.38571429,57.55833333,56.768,56.4
888,98.1,63.925,53.3,56.5,58.72857143,57.88333333,57.036,56.45
889,98.3,63.975,53.325,56.6,58.85714286,58.07916667,57.208,56.6125
890,98.3,63.975,53.425,56.7,58.85714286,58.14166667,57.3,56.7
891,98.3,63.9,53.45,56.7,58.67142857,58.00416667,57.232,56.6625
892,98.6,63.925,53.475,56.7,58.64285714,57.99583333,57.244,56.675
893,98.7,63.875,53.5,56.7,58.6,57.97083333,57.24,56.6875
894,98.8,63.85,53.55,56.9,58.6,57.99583333,57.284,56.775
895,99,63.8,53.7,56.9,58.57142857,57.975,57.296,56.8375
896,99,63.825,53.625,57,58.55714286,58.02916667,57.412,56.9375
897,99,63.7,53.725,57.1,58.5,57.97083333,57.392,56.9375
898,99.1,63.675,53.8,57,58.41428571,57.93333333,57.352,56.9125
899,99,63.675,53.775,57,58.54285714,58.1,57.392,57.0125
900,99,63.725,53.775,56.9,58.64285714,58.18333333,57.476,57
901,99,64.075,53.8,56.9,58.98571429,58.34583333,57.576,57
902,98.9,64.25,53.8,56.9,59.02857143,58.3625,57.588,57.025
903,98.9,64.3,53.8,56.9,59.02857143,58.325,57.608,57.0375
904,98.9,64.325,53.85,57.2,58.94285714,58.2875,57.6,57.1
905,98.9,64.175,53.975,57.4,58.81428571,58.20416667,57.648,57.125
906,98.8,64.025,54.05,57.4,58.85714286,58.27083333,57.776,57.275
907,98.9,64.05,53.975,57.4,58.84285714,58.29166667,57.756,57.25
908,98.9,64.15,53.9,57.4,58.61428571,58.17916667,57.604,57.15
909,99,64.2,53.85,57.4,58.64285714,58.1,57.472,56.95
910,98.7,64.6,54.05,57.4,59.12857143,58.30416667,57.528,56.9375
911,98.6,64.7,54.1,57.4,59.28571429,58.47916667,57.648,57.0625
912,98.8,64.675,54.125,57.4,59.28571429,58.49166667,57.68,57.15
913,98.8,64.675,54.225,57.4,59.18571429,58.49166667,57.712,57.1875
914,98.8,64.625,54.3,57.4,59.14285714,58.49583333,57.724,57.25
915,98.9,64.575,54.4,57.5,59.04285714,58.43333333,57.732,57.275
916,98.9,64.6,54.45,57.5,58.95714286,58.38333333,57.768,57.4625
917,98.9,64.45,54.7,57.6,58.84285714,58.36666667,57.784,57.5375
918,99.1,64.525,54.65,57.8,58.92857143,58.52916667,57.972,57.6875
919,99.1,64.75,54.625,58,58.98571429,58.5875,57.996,57.725
920,99.1,64.775,54.55,57.9,58.98571429,58.59583333,57.928,57.5125
921,99.3,64.925,54.6,57.7,59.32857143,58.70416667,57.968,57.4375
922,99,65.525,54.6,57.6,59.81428571,58.94583333,58.076,57.475
923,98.8,65.525,54.625,57.6,59.9,59.04166667,58.16,57.4875
924,98.8,65.475,54.675,57.6,59.84285714,59.0375,58.164,57.5
925,98.9,65.375,54.55,57.6,59.82857143,59.03333333,58.184,57.575
926,98.8,65.375,54.575,57.6,59.7,58.96666667,58.136,57.5625
927,98.9,65.375,54.6,57.6,59.67142857,58.95416667,58.144,57.575
928,98.9,65.275,54.525,57.6,59.64285714,58.91666667,58.148,57.575
929,98.9,65.175,54.525,57.6,59.52857143,58.86666667,58.108,57.5875
930,98.9,65.175,54.525,57.6,59.41428571,58.85416667,58.088,57.6
931,98.8,65.2,54.575,57.6,59.37142857,58.8375,58.1,57.625
932,98.8,65.075,54.675,57.6,59.35714286,58.825,58.12,57.6625
933,98.7,65,54.825,57.7,59.38571429,58.825,58.116,57.675
934,98.7,65,54.8,57.6,59.38571429,58.8375,58.152,57.7625
935,98.8,65.025,54.775,57.6,59.42857143,58.8625,58.172,57.7875
936,98.7,65.05,54.825,57.7,59.47142857,58.90416667,58.22,57.825
937,98.7,65.05,54.875,57.7,59.42857143,58.8875,58.252,57.8625
938,98.7,64.975,54.925,57.8,59.42857143,58.90416667,58.256,57.8875
939,98.8,64.9,54.975,57.9,59.45714286,58.975,58.352,57.9625
940,98.9,64.875,55.025,58,59.57142857,59.02916667,58.404,57.9875
941,98.8,64.975,55.025,58.1,59.64285714,59.1,58.476,58.1
942,98.5,65.125,55.075,58.1,59.77142857,59.1875,58.544,58.175
943,98.5,65.3,55.075,57.9,59.85714286,59.26666667,58.568,58.175
944,98.5,65.5,55.125,57.9,59.91428571,59.31666667,58.604,58.2125
945,98.5,65.5,55.15,58,59.92857143,59.32083333,58.62,58.2
946,98.6,65.575,55.2,58,59.87142857,59.29583333,58.584,58.175
947,98.8,65.65,55.3,58,60,59.47083333,58.768,58.3625
948,98.8,65.65,55.35,58,60.02857143,59.52083333,58.832,58.45
949,98.7,65.625,55.45,58,60.02857143,59.5125,58.816,58.45
950,98.7,64.55,54.225,57,58.71428571,58.00416667,57.328,56.875
951,98.8,63.05,52.75,55.6,57.42857143,56.85,56.16,55.6
952,98.8,62.525,52.35,55.2,57.14285714,56.725,55.976,55.4375
953,98.7,62.325,52.25,55,56.92857143,56.53333333,55.84,55.2375
954,98.7,62.3,52.05,55,56.84285714,56.45,55.692,55.0375
955,98.6,62.225,51.8,54.9,56.68571429,56.30416667,55.576,54.8875
956,98.6,62.15,51.575,54.3,56.54285714,56.06666667,55.368,54.625
957,98.6,61.925,51.125,53.9,56.18571429,55.67916667,54.94,54.1625
958,98.6,61.55,50.9,53.6,55.71428571,55.20833333,54.496,53.75
959,98.8,61.225,50.525,53.4,55.37142857,54.87083333,54.2,53.525
960,98.8,61.025,50.35,53.3,55.15714286,54.65,53.972,53.35
961,99,60.8,50.125,53.1,54.94285714,54.53333333,53.804,53.25
962,99,60.65,49.925,53.1,54.84285714,54.40416667,53.732,53.1
963,99,60.625,49.775,52.9,54.75714286,54.31666667,53.616,53.0375
964,99.1,60.575,49.725,52.8,54.58571429,54.18333333,53.484,52.8625
965,99.1,60.4,49.575,52.5,54.44285714,54,53.344,52.75
966,99,60.125,49.4,52.4,54.27142857,53.82083333,53.112,52.5625
967,99,59.925,49.075,52.3,53.9,53.5,52.816,52.2875
968,99,59.55,48.825,51.9,53.52857143,53.2125,52.548,52.025
969,99,59.1,48.35,51.5,53.05714286,52.78333333,52.152,51.6
970,99.1,58.475,47.875,51,52.5,52.30833333,51.684,51.1625
971,99.2,58.375,47.675,50.7,52.31428571,52.075,51.428,50.9875
972,99.2,58.375,47.65,50.7,52.35714286,52.09166667,51.464,50.9875
973,99.2,58.5,47.725,50.8,52.52857143,52.31666667,51.66,51.0625
974,98.8,58.925,48.125,51.4,52.94285714,52.66666667,51.952,51.375
975,98.8,59.175,48.475,51.5,53.28571429,52.89166667,52.192,51.6
976,98.8,59.25,48.4,51.5,53.3,52.98333333,52.304,51.725
977,98.8,59.4,48.45,51.4,53.3,52.99166667,52.308,51.7
978,99.1,59.525,48.575,51.5,53.35714286,53.04166667,52.368,51.7375
979,98.7,59.85,48.975,51.8,53.61428571,53.24166667,52.616,51.9375
980,98.7,60.8,49.925,53.2,54.11428571,53.77916667,53.164,52.5875
981,98.7,61.25,51.05,54.8,55.32857143,55.29583333,54.54,54.4125
982,98.7,61.95,52.8,55.9,56.11428571,56.125,55.448,55.275
983,98.7,63.775,53.325,55.8,56.64285714,56.55416667,55.808,55.5375
984,98.8,64.05,53.425,55.7,57,56.8,56.06,55.575
985,98.6,63.975,52.925,55.5,57.05714286,56.72083333,55.992,55.3
986,98.6,63.75,51.9,54.4,57.14285714,56.65,55.816,54.8625
987,98.6,62.6,50.45,53.1,55.82857143,55.30416667,54.532,53.5375
988,98.6,61.2,49.675,52.3,54.9,54.29166667,53.512,52.7375
989,98.7,60.725,49.125,51.9,54.28571429,53.80416667,53.044,52.3625
990,98.7,60.475,49.125,52.3,54.22857143,53.75,53,52.325
991,98.8,60.525,49.15,52.2,54.3,53.82083333,53.124,52.5125
992,99,60.6,49.55,52.2,54.41428571,53.95,53.308,52.6625
993,99.1,60.9,50.5,52.6,54.52857143,54.12083333,53.524,52.9
994,99.1,60.975,51.15,53.2,55.1,54.5375,54.072,53.7125
995,99.3,61.775,52.625,54.9,56.01428571,56.0625,55.452,55.1875
996,99.3,63.425,53.225,54.9,57.14285714,56.90416667,56.304,55.975
997,99.7,64.35,53.275,55.4,58.21428571,57.77916667,57.192,56.4375
998,100.1,64.425,53.275,55.7,58.48571429,58.1125,57.432,56.6625
999,99.2,65.075,53.1,55.4,58.52857143,58.025,57.308,56.225
1000,98.9,64.75,52.775,55.1,58.55714286,57.90833333,57.064,56.0625
1001,98.8,64.2,51.975,54.6,57.64285714,56.95,56.14,55.2
1002,98.8,63.4,51.425,54.3,56.82857143,56.23333333,55.332,54.4875
1003,98.8,62.675,51,53.8,56.38571429,55.8,54.976,54.275
1004,98.7,62.625,50.975,53.8,56.24285714,55.72083333,54.908,54.175
1005,98.7,62.5,50.975,53.8,56.18571429,55.67083333,54.876,54.2
1006,99,62.475,51.05,53.8,56.12857143,55.65416667,54.868,54.15
1007,98.9,62.475,51.075,53.7,56.14285714,55.66666667,54.876,54.125
1008,98.9,62.275,51.125,53.7,56.14285714,55.60416667,54.848,54.075
1009,98.8,62.25,51.125,53.6,56.05714286,55.57083333,54.816,54.075
1010,98.9,62.275,51.175,53.5,56.01428571,55.54166667,54.792,54.075
1011,98.9,62.275,51.175,53.6,55.98571429,55.525,54.756,54.0875
1012,98.9,62.3,51.175,53.7,56.01428571,55.55416667,54.824,54.15
1013,98.9,62.575,51.225,53.7,56.04285714,55.70416667,54.996,54.2625
1014,99,62.675,51.65,53.9,56.3,55.90833333,55.148,54.5375
1015,99,62.85,51.75,54.3,56.38571429,55.95,55.208,54.5875
1016,99,62.925,51.775,54.4,56.48571429,56.0875,55.308,54.6375
1017,99.1,63.05,51.625,54.3,56.52857143,56.09583333,55.3,54.65
1018,99,63.025,51.625,54.1,56.58571429,56.0625,55.264,54.625
1019,98.9,62.8,51.35,53.9,56.48571429,55.7875,54.936,54.2375
1020,98.6,62.6,51.2,53.7,56.24285714,55.55416667,54.74,54.1375
1021,98.6,62.5,50.775,53.6,56.04285714,55.425,54.608,54.075
1022,98.6,62.2,50.425,53.4,55.84285714,55.24166667,54.452,53.725
1023,98.6,62.025,50.275,53.1,55.37142857,54.9,54.16,53.3875
1024,98.7,61.675,50,52.8,55.05714286,54.625,53.92,53.175
1025,98.7,61.4,49.7,52.5,54.9,54.43333333,53.664,52.925
1026,98.7,61.3,49.525,52.2,54.72857143,54.21666667,53.46,52.55
1027,98.7,61.125,49.275,52.1,54.54285714,54.05416667,53.324,52.3625
1028,98.8,61.025,49.175,51.9,54.24285714,53.87916667,53.1,52.25
1029,98.8,60.975,49.1,51.7,54.07142857,53.71666667,52.94,52.1125
1030,98.6,60.975,48.975,51.5,54.02857143,53.6625,52.852,52.05
1031,99,60.8,48.975,51.5,54,53.55416667,52.792,51.9875
1032,99,60.775,48.975,51.4,53.95714286,53.48333333,52.688,51.85
1033,99,60.725,48.825,51.2,53.82857143,53.3375,52.568,51.725
1034,99,60.625,48.7,51.2,53.64285714,53.20833333,52.452,51.675
1035,98.9,60.55,48.425,51.2,53.51428571,53.05416667,52.272,51.5125
1036,98.7,60.425,48.05,51.1,53.35714286,52.9125,52.048,51.375
1037,98.7,60.325,47.725,50.7,53.24285714,52.76666667,51.952,51.25
1038,98.7,60.125,47.475,50.5,52.9,52.3875,51.664,50.9875
1039,98.7,59.875,47.05,50.3,52.67142857,52.09583333,51.392,50.7625
1040,98.6,59.675,46.975,49.5,52.4,51.71666667,51.032,50.375
1041,98.7,59.4,46.65,49.6,52.17142857,51.49583333,50.776,50.15
1042,98.6,59.3,46.425,48.8,51.91428571,51.33333333,50.584,49.925
1043,98.6,59.25,46.325,48.8,51.57142857,51.1875,50.368,49.725
1044,98.6,59.25,46.1,48.8,51.35714286,51.0125,50.168,49.475
1045,98.6,59.15,46.025,48.8,51.27142857,50.89166667,50.068,49.3
1046,98.7,58.925,45.775,48.7,51.15714286,50.75416667,49.968,49.2
1047,98.6,58.875,45.7,48.6,51.12857143,50.70416667,49.892,49.175
1048,98.6,58.825,45.625,48.6,51.07142857,50.65416667,49.844,49.175
1049,98.6,58.85,45.575,48.6,51.02857143,50.53333333,49.792,49.0875
1050,98.6,58.825,45.6,48.6,50.92857143,50.52916667,49.76,49.0875
1051,98.6,58.725,45.5,48.6,50.87142857,50.46666667,49.672,49.05
1052,98.6,58.75,45.425,48.6,50.88571429,50.45833333,49.668,49
1053,98.7,58.675,45.45,48.6,50.81428571,50.44166667,49.64,48.9625
1054,98.9,58.55,45.475,48.6,50.7,50.24166667,49.52,48.625
1055,98.9,58.525,45.4,48.6,50.68571429,50.16666667,49.424,48.55
1056,99.3,58.375,45.25,48.4,50.54285714,49.99583333,49.292,48.5125
1057,99.3,58.125,44.6,48.4,50.12857143,49.77083333,48.996,48.2875
1058,99.2,57.925,43.575,47.9,49.6,49.19166667,48.396,47.675
1059,98.9,57.1,42.475,46.3,48.81428571,48.32083333,47.608,47.0375
1060,99,56,41.9,46,47.88571429,47.55416667,46.656,46.075
1061,98.9,55.55,41.4,45.4,47.51428571,47.02916667,46.216,45.4875
1062,98.6,55.325,41.3,45,47.35714286,46.75416667,46.084,45.2875
1063,98.4,55.275,41.3,44.8,47.31428571,46.70833333,46.04,45.175
1064,98.6,55.3,41.3,44.8,47.27142857,46.7375,46.04,45.2
1065,98.6,55.45,41.125,44.8,47.2,46.75416667,46.044,45.1875
1066,98.8,55.45,41.05,44.8,47.21428571,46.73333333,46.016,45.1125
1067,98.1,55.4,40.75,44.8,47.1,46.65833333,45.944,45.0375
1068,98.1,55.3,40.7,44.6,46.87142857,46.51666667,45.784,44.975
1069,98.1,54.675,40.275,44,46.6,46.22083333,45.476,44.825
1070,98.4,54.6,39.975,43.4,46.57142857,46.10416667,45.4,44.75
1071,98.5,54.625,39.75,43.9,46.47142857,45.99583333,45.168,44.45
1072,98.3,54.575,39.6,43.8,46.25714286,45.91666667,45.06,44.2375
1073,98.3,54.525,39.675,43.8,46.14285714,45.86666667,45.044,44.3125
1074,97.6,54.45,39.625,43.8,46.07142857,45.7125,45.036,44.2625
1075,97.7,54.375,39.325,43.7,45.95714286,45.58333333,44.888,44.075
1076,98.3,54.25,38.95,43.5,45.75714286,45.2875,44.432,43.8125
1077,98.4,54.25,38.65,43.5,45.4,44.99166667,44.244,43.625
1078,98.4,54.1,38.65,43.4,45.42857143,44.975,44.14,43.5375
1079,98.2,54.125,38.775,43.3,45.42857143,44.91666667,44.108,43.45
1080,98.2,54.05,38.825,43.2,45.38571429,44.93333333,44.076,43.4875
1081,98.2,54.175,38.9,43.2,45.44285714,44.90416667,44.032,43.3875
1082,98.2,54.125,38.775,43.2,45.18571429,44.925,43.98,43.425
1083,98,54.175,38.5,42.7,45.05714286,44.85,43.908,43.325
1084,97.9,54.075,38.3,42.6,45.05714286,44.7125,43.804,43.2125
1085,98,54.025,38.325,42.9,44.9,44.59166667,43.696,43.0625
1086,98,54.05,38.425,42.9,44.94285714,44.69583333,43.82,43.1125
1087,98.3,54.175,38.625,43,45.17142857,44.8,43.932,43.2125
1088,98.5,54.175,38.5,42.9,45.2,44.89583333,43.972,43.2625
1089,98.5,54.15,38.125,42.4,45.07142857,44.69166667,43.748,42.85
1090,98.5,53.825,37.5,42.4,44.55714286,44.0875,43.236,42.3125
1091,98.5,53.125,37.35,42.2,44.15714286,43.72083333,43.016,42.075
1092,98.3,52.975,37.1,42.2,43.98571429,43.44583333,42.84,41.7125
1093,98.3,52.9,37.15,42.1,43.81428571,43.4875,42.916,41.7
1094,98.3,52.8,37.275,42,43.82857143,43.5375,42.936,41.75
1095,98.4,52.8,37.45,42,43.75714286,43.63333333,42.928,41.775
1096,98.4,52.75,37.475,41.3,43.55714286,43.4,42.724,41.425
1097,98.6,52.975,37.125,41.1,43.64285714,43.32083333,42.572,41.4125
1098,98.7,52.825,36.75,41,43.57142857,43.17916667,42.416,41.275
1099,98.8,52.375,36.55,40.8,43.37142857,43.0125,42.204,41.2375
1100,95.5,77.125,52.225,74.6,53.18571429,55.15,57.008,58.3875
