wavelength,standard,Blank,Pre-Heat 1,Pre-heat 2,Pre-heat 3,Post-Heat 1,Post-Heat 2,Post-Heat 3,Post-Heat 4
190,3.5,89.3,1.9,1.9,1.9,1.6,1.6,1.6,1.6
191,2.8,89.5,1.8,1.8,1.7,1.5,1.5,1.5,1.5
192,2.4,91.3,1.6,1.6,1.7,1.5,1.4,1.4,1.5
193,2.2,91.9,1.6,1.6,1.6,1.4,1.4,1.4,1.4
194,2,93.3,1.6,1.5,1.5,1.4,1.4,1.4,1.3
195,1.9,94.1,1.5,1.5,1.5,1.4,1.4,1.3,1.3
196,1.8,94.5,1.5,1.5,1.5,1.4,1.3,1.3,1.3
197,1.7,94.9,1.5,1.5,1.5,1.3,1.3,1.3,1.3
198,1.7,95.3,1.5,1.5,1.5,1.3,1.3,1.3,1.3
199,1.6,95.4,1.5,1.5,1.5,1.3,1.3,1.3,1.3
200,1.6,95.9,1.6,1.5,1.5,1.3,1.3,1.3,1.3
201,1.6,96.9,1.6,1.6,1.6,1.3,1.3,1.3,1.3
202,1.6,97,1.7,1.6,1.6,1.4,1.3,1.3,1.3
203,1.6,97.2,1.7,1.7,1.7,1.4,1.4,1.4,1.4
204,1.6,97.3,1.8,1.8,1.8,1.5,1.5,1.5,1.4
205,1.7,97.8,1.9,1.9,1.9,1.6,1.5,1.5,1.5
206,1.8,97.8,2.1,2,2,1.7,1.7,1.7,1.6
207,1.9,97.8,2.3,2.3,2.2,1.8,1.8,1.8,1.8
208,2.1,97.7,2.5,2.5,2.5,2,2,2,2
209,2.4,97.6,2.9,2.8,2.8,2.3,2.2,2.2,2.2
210,2.7,97.6,3.2,3.2,3.2,2.5,2.5,2.5,2.5
211,3.2,97.5,3.6,3.6,3.6,2.8,2.8,2.8,2.8
212,3.7,97.5,4.1,4,4,3.2,3.2,3.1,3.1
213,4.4,97.5,4.6,4.6,4.5,3.6,3.5,3.5,3.5
214,5.2,97.6,5.2,5.1,5.1,4,3.9,3.9,3.9
215,5.5,97.9,5.5,5.4,5.4,4.1,4.1,4,4
216,6.2,98.1,6,5.8,5.9,4.4,4.3,4.4,4.3
217,7.2,98.3,6.6,6.5,6.4,4.9,4.8,4.8,4.7
218,8.5,98.2,7.2,7.2,7.1,5.4,5.3,5.3,5.3
219,9.9,98.5,8,7.9,7.8,5.9,5.8,5.8,5.8
220,11.6,98.6,8.6,8.6,8.6,6.4,6.3,6.3,6.3
221,13.3,98.6,9.5,9.4,9.3,7,6.9,6.9,6.8
222,15.2,98.7,10.2,10.1,10,7.5,7.4,7.4,7.3
223,17.7,98.7,11.1,11,10.9,8.1,8.1,8,8
224,19.6,98.6,11.7,11.6,11.6,8.7,8.6,8.6,8.5
225,21.2,98.6,12.2,12.1,12.1,9,9,8.9,8.9
226,22.4,98.6,12.6,12.5,12.5,9.3,9.3,9.2,9.2
227,23.3,98.7,12.9,12.8,12.8,9.5,9.5,9.4,9.5
228,23.9,98.8,12.9,12.9,12.8,9.5,9.5,9.5,9.5
229,23.9,98.8,12.8,12.7,12.7,9.3,9.3,9.3,9.3
230,23.9,98.9,12.5,12.5,12.5,9.2,9.1,9.1,9.1
231,23.8,99,12.3,12.3,12.2,9,8.9,8.9,8.9
232,23.5,99,12.1,12.1,12,8.8,8.8,8.7,8.8
233,22.8,98.9,11.8,11.8,11.7,8.7,8.6,8.6,8.6
234,22.1,98.8,11.5,11.5,11.4,8.5,8.4,8.4,8.4
235,21.2,98.8,11.3,11.2,11.1,8.3,8.2,8.1,8.2
236,20.3,98.8,11,10.9,10.9,8,8,7.9,7.9
237,19.4,98.6,10.7,10.6,10.6,7.8,7.8,7.7,7.7
238,18.6,98.5,10.4,10.4,10.3,7.7,7.6,7.5,7.6
239,17.9,98.5,10.3,10.2,10.2,7.6,7.5,7.4,7.4
240,17.4,98.5,10.2,10.2,10.1,7.5,7.4,7.4,7.4
241,17,98.6,10.2,10.2,10.1,7.5,7.4,7.4,7.4
242,16.8,98.7,10.2,10.1,10.1,7.4,7.4,7.4,7.4
243,16.7,99,10.1,10.1,10.1,7.4,7.3,7.3,7.3
244,16.7,98.9,10.1,10.1,10.1,7.4,7.4,7.3,7.3
245,16.8,98.9,10.4,10.3,10.3,7.6,7.6,7.6,7.5
246,17.5,98.9,10.9,10.8,10.8,8.1,8,8,7.9
247,18.4,98.9,11.3,11.2,11.2,8.4,8.3,8.3,8.3
248,19.4,99,11.6,11.6,11.6,8.6,8.5,8.6,8.5
249,20.3,99.1,11.9,11.8,11.9,8.8,8.8,8.7,8.7
250,21.4,99.1,12.4,12.3,12.3,9.2,9.1,9.1,9.1
251,23,99,13.1,13.1,13.1,9.7,9.6,9.6,9.6
252,25.1,98.8,14,13.9,13.9,10.3,10.2,10.2,10.2
253,27.4,98.8,14.7,14.7,14.7,10.9,10.8,10.8,10.8
254,29.6,98.8,15.5,15.3,15.4,11.4,11.3,11.3,11.3
255,31.8,98.8,16.2,16.1,16.1,12,11.9,11.9,11.9
256,34.3,98.8,17.1,17,16.9,12.6,12.5,12.5,12.5
257,37,98.7,18,17.9,17.8,13.3,13.2,13.2,13.2
258,39.6,98.6,19,18.9,18.8,14.1,13.9,13.9,13.9
259,42.3,98.6,19.9,19.8,19.7,14.8,14.7,14.6,14.6
260,44.9,98.6,20.7,20.6,20.4,15.3,15.3,15.2,15.2
261,46.9,98.7,21,20.9,20.9,15.6,15.5,15.5,15.5
262,48.3,98.8,21.1,21,20.9,15.7,15.7,15.6,15.7
263,50,98.8,21.3,21.3,21.2,16,15.9,15.8,15.9
264,51.3,98.7,21.8,21.7,21.7,16.3,16.2,16.1,16.1
265,52.2,98.7,22.4,22.2,22.2,16.7,16.6,16.5,16.5
266,53.9,98.7,22.9,22.7,22.7,17.1,17,16.9,16.9
267,55.4,98.5,23.3,23.1,23.1,17.5,17.3,17.3,17.2
268,56.4,98.5,23.6,23.4,23.3,17.7,17.5,17.5,17.4
269,57.2,98.5,23.7,23.6,23.4,17.9,17.6,17.6,17.6
270,57.9,98.4,24,23.8,23.7,18.1,17.9,17.8,17.8
271,58.6,98.2,24.3,24.1,24,18.4,18.2,18.1,18.1
272,59.3,98.2,24.5,24.3,24.2,18.5,18.3,18.3,18.2
273,59.4,98.2,24.5,24.3,24.2,18.5,18.3,18.2,18.2
274,59.5,98.2,24.4,24.2,24.1,18.4,18.2,18.2,18.1
275,59.5,98.2,24.4,24.2,24.1,18.5,18.2,18.2,18.1
276,59.8,98.2,24.6,24.4,24.2,18.6,18.4,18.3,18.3
277,60.1,98.2,24.7,24.5,24.3,18.8,18.6,18.4,18.3
278,60.3,98.2,24.9,24.5,24.4,18.8,18.6,18.4,18.4
279,60.3,98.1,24.9,24.6,24.4,18.9,18.6,18.5,18.4
280,60.5,98.1,25,24.6,24.4,19,18.7,18.6,18.4
281,60.7,98.1,25.1,24.8,24.6,19.1,19,18.9,18.7
282,61.2,98.1,25.2,24.9,24.7,19.3,19.2,18.9,18.9
283,61.2,97.9,25.2,24.9,24.7,19.3,19.2,18.9,19
284,61.3,97.9,25.2,24.9,24.8,19.3,19.2,18.9,18.9
285,61.3,97.9,25.3,25,24.9,19.4,19.3,19,18.9
286,61.3,97.9,25.4,25.2,25,19.5,19.3,19,19
287,61.3,97.9,25.4,25.2,24.9,19.5,19.4,19,19
288,61.3,97.9,25.4,25.2,24.9,19.5,19.4,19.1,19.1
289,61.3,97.9,25.4,25.3,25,19.6,19.3,19.2,19.1
290,61.4,97.9,25.6,25.4,25.1,19.8,19.5,19.3,19.2
291,61.6,97.9,25.7,25.6,25.3,19.9,19.6,19.5,19.4
292,61.9,98,25.7,25.6,25.3,19.9,19.6,19.5,19.4
293,61.9,98,25.8,25.6,25.3,19.9,19.7,19.5,19.4
294,61.9,98,26,25.6,25.3,20,19.8,19.6,19.5
295,62.5,97.9,26.2,25.9,25.6,20.4,20,19.8,19.6
296,62.9,98,26.3,25.9,25.6,20.4,20.1,19.9,19.9
297,62.9,98.2,26.3,25.9,25.6,20.5,20.1,20,19.9
298,62.8,98.1,26.3,25.9,25.6,20.5,20.1,20,19.9
299,62.7,98.1,26.3,25.9,25.6,20.4,20.1,20,19.9
300,62.7,98.1,26.3,25.9,25.6,20.4,20.1,20,19.9
301,62.6,98.1,26.3,26,25.7,20.4,20.1,20,20
302,62.6,98.1,26.3,26,25.7,20.6,20.3,20.1,20
303,62.6,98.1,26.3,26,25.8,20.6,20.4,20.2,20.1
304,62.5,98.1,26.4,26.1,25.9,20.7,20.5,20.2,20.2
305,62.5,98,26.5,26.3,26.2,20.8,20.6,20.4,20.4
306,62.6,98,26.7,26.5,26.4,21,20.8,20.7,20.5
307,62.9,98,26.8,26.6,26.4,21.3,21.1,20.9,20.8
308,63,98,27.1,26.9,26.8,21.4,21.1,21,21
309,63.1,98.1,27.2,26.9,26.9,21.5,21.2,21.1,21.1
310,63.2,98.1,27.2,26.9,26.9,21.6,21.3,21.1,21.2
311,63.2,98.2,27.3,26.9,26.9,21.6,21.3,21.2,21.2
312,63.3,98.2,27.3,27,26.9,21.6,21.4,21.3,21.3
313,63.3,98.1,27.4,27.2,27.1,21.8,21.6,21.5,21.5
314,63.4,98.1,27.5,27.3,27.2,22,21.7,21.7,21.6
315,63.5,98,27.5,27.2,27,22,21.7,21.5,21.5
316,63.5,98,27.4,27.2,26.9,22,21.6,21.5,21.4
317,63.3,97.9,27.4,27.3,27,22,21.8,21.6,21.5
318,63.3,97.9,27.7,27.5,27.3,22.3,22,21.9,21.8
319,63.5,97.9,27.8,27.6,27.4,22.3,22,22,21.9
320,63.6,97.9,27.8,27.6,27.4,22.3,22.1,22,21.9
321,63.6,97.9,28.2,27.9,27.7,22.7,22.5,22.2,22.2
322,63.7,98,28.6,28.3,28.1,23.1,22.9,22.7,22.7
323,64.2,98,28.7,28.4,28.2,23.2,23,22.8,22.8
324,64.6,98,28.5,28.3,28.1,23,22.8,22.7,22.6
325,64.5,98,28.4,28.2,28,22.9,22.7,22.6,22.4
326,64.2,98.1,28.3,28.1,27.9,22.9,22.7,22.5,22.4
327,64.1,98.1,28.3,28.1,27.9,22.9,22.8,22.6,22.5
328,64,98,28.4,28.2,28,23.2,22.9,22.8,22.7
329,64.1,98,28.6,28.4,28.2,23.4,23.2,23.1,23
330,64.4,98,28.9,28.7,28.5,23.7,23.5,23.3,23.3
331,64.7,98,29.1,28.9,28.7,23.9,23.6,23.5,23.5
332,64.9,98,29.2,28.9,28.7,23.9,23.6,23.5,23.5
333,65.1,98,29,28.8,28.7,23.9,23.6,23.4,23.5
334,65.1,97.9,29,28.8,28.7,23.9,23.6,23.4,23.4
335,65,98,29.1,28.8,28.7,24,23.8,23.6,23.5
336,65,98,29.2,29,28.9,24.2,23.9,23.8,23.7
337,65.1,98.1,29.3,29.1,28.9,24.2,24,23.9,23.8
338,65.3,98.1,29.3,29.1,29,24.3,24,23.9,23.9
339,65.4,98.1,29.4,29.3,29.1,24.4,24.2,24,24
340,65.4,98.1,29.7,29.5,29.3,24.6,24.4,24.2,24.2
341,65.5,98.1,29.9,29.7,29.6,24.9,24.6,24.5,24.5
342,65.8,98.1,30.1,29.8,29.7,25.1,24.8,24.7,24.7
343,66.1,98,30.1,29.8,29.7,25,24.8,24.6,24.5
344,66.2,98,29.8,29.7,29.3,24.9,24.6,24.5,24.3
345,66.1,97.9,29.6,29.4,29.2,24.8,24.5,24.3,24.2
346,65.8,97.9,29.6,29.5,29.2,24.8,24.5,24.3,24.3
347,65.7,97.9,29.9,29.8,29.4,25.1,24.7,24.5,24.5
348,65.7,97.9,30.1,29.8,29.6,25.2,24.9,24.7,24.7
349,65.9,97.9,30.2,29.9,29.6,25.3,25,24.8,24.8
350,65.9,97.8,30.4,30,29.7,25.6,25.3,25.1,25
351,66,97.9,30.7,30.3,30.1,25.7,25.3,25.2,25
352,66,97.9,30.7,30.4,30.1,25.8,25.4,25.2,25
353,66,97.9,30.8,30.5,30.1,25.8,25.4,25.2,25.1
354,66.1,97.9,30.8,30.6,30.2,26,25.5,25.5,25.1
355,66,97.4,30.8,30.5,30.2,26,25.5,25.4,25.1
356,66.1,97.4,30.8,30.4,30.1,25.9,25.5,25.3,25.1
357,66.1,97.4,30.8,30.4,30.1,25.9,25.4,25.3,25
358,65.9,97.4,30.9,30.5,30.2,26,25.6,25.3,25.2
359,65.8,97.5,31,30.6,30.2,26.1,25.8,25.6,25.3
360,65.9,97.4,30.6,30.3,30,25.8,25.4,25.2,25
361,65.9,97.4,30.2,29.7,29.6,25.2,24.7,24.6,24.3
362,65.6,97.4,30,29.6,29.3,25,24.6,24.5,24.3
363,65.5,97.4,30,29.6,29.3,25.1,24.7,24.5,24.3
364,65.1,97.3,30,29.6,29.5,25.2,24.9,24.8,24.6
365,65.3,97.3,30,29.8,29.5,25.4,25.1,25,24.7
366,65.3,97.3,30.2,29.9,29.6,25.5,25.2,25,24.9
367,65.3,97.5,30.3,30,29.7,25.7,25.3,25.2,25.1
368,65.3,97.5,30.5,30.2,29.8,25.9,25.4,25.3,25.2
369,65.3,97.4,30.5,30.2,30,26,25.6,25.4,25.4
370,65.2,97.4,30.6,30.3,30.1,26,25.6,25.5,25.5
371,65.2,97.5,30.6,30.3,30.1,26,25.7,25.5,25.5
372,65.1,97.6,30.7,30.4,30.2,26.1,25.7,25.6,25.5
373,65,97.6,30.8,30.6,30.4,26.2,25.9,25.7,25.6
374,64.9,97.6,30.9,30.6,30.4,26.3,26,25.7,25.7
375,64.8,97.5,30.9,30.6,30.4,26.3,26,25.8,25.7
376,64.8,97.2,30.6,30.3,30,26,25.5,25.5,25.3
377,64.4,97.2,30.3,29.8,29.7,25.7,25.4,25.3,25
378,64.2,97.2,29.9,29.6,29.5,25.6,25.2,25.1,24.9
379,63.6,97.2,29.9,29.6,29.5,25.6,25.3,25.1,25
380,63.2,97.2,30,29.7,29.6,25.8,25.3,25.3,25.1
381,63.3,97.1,30.1,29.8,29.7,25.9,25.4,25.3,25.2
382,63.3,97.1,30.1,29.8,29.7,25.9,25.4,25.3,25.2
383,63.2,97.1,30.1,29.8,29.7,25.8,25.4,25.3,25.2
384,63.2,97.1,30.1,29.8,29.6,25.8,25.4,25.3,25.2
385,63.1,97.1,30.1,29.8,29.6,25.8,25.4,25.3,25.2
386,63.1,97.1,30.1,29.8,29.5,25.8,25.4,25.2,25.2
387,63.1,97.2,30.1,29.8,29.5,25.8,25.4,25.2,25.1
388,63.1,97.2,30.1,29.8,29.5,25.8,25.5,25.3,25.1
389,63,97.2,30,29.8,29.5,25.9,25.5,25.4,25.3
390,64.3,97.1,30.6,30.3,30,26.6,26,25.9,25.9
391,65.2,97.1,30.9,30.4,30.4,26.8,26.2,26,25.9
392,65.4,96.8,31,30.7,30.4,27,26.4,26.2,26
393,65.4,96.9,31,30.8,30.5,26.9,26.4,26.2,26.1
394,65.5,97.4,31,30.8,30.5,26.9,26.4,26.2,26.1
395,65.5,97.5,31.1,30.8,30.5,26.9,26.5,26.3,26.2
396,65.6,97.6,31.2,31,30.6,27,26.6,26.3,26.3
397,65.6,97.6,31.2,31,30.6,27,26.8,26.5,26.4
398,65.6,97.5,31.2,31,30.7,27,26.8,26.5,26.4
399,65.8,97.5,31.3,31,30.8,27.1,26.8,26.6,26.4
400,65.8,97.5,31.4,31.1,30.9,27.1,26.8,26.6,26.6
401,65.8,97.4,31.4,31.2,31,27.3,27,26.8,26.7
402,65.9,97.3,31.6,31.3,31.1,27.3,27.1,26.8,26.7
403,65.9,97.3,31.6,31.3,31.1,27.3,27,26.8,26.7
404,65.9,97.3,31.6,31.3,31.1,27.3,26.9,26.7,26.7
405,65.9,97.4,31.5,31.2,31.1,27.2,26.9,26.6,26.6
406,65.9,97.4,31.5,31.2,31,27.2,26.9,26.7,26.6
407,65.9,97.7,31.5,31.2,31,27.4,27,26.8,26.7
408,65.8,97.7,31.5,31.2,31,27.4,27.1,26.8,26.8
409,65.8,97.7,31.5,31.2,31,27.4,27.1,26.8,26.8
410,65.7,97.7,31.5,31.2,31,27.4,27.1,26.8,26.8
411,65.7,97.7,31.5,31.2,31,27.4,27.1,26.8,26.7
412,65.7,97.7,31.5,31.2,31,27.4,27.1,26.8,26.8
413,65.7,97.7,31.5,31.2,31.1,27.5,27.1,26.8,26.8
414,65.7,97.7,31.5,31.2,31.1,27.5,27.1,26.9,26.8
415,65.8,97.7,31.5,31.3,31.1,27.5,27.2,27,26.9
416,65.8,97.7,31.5,31.3,31.1,27.5,27.3,27.1,27
417,65.7,97.8,31.6,31.4,31.3,27.7,27.4,27.3,27.2
418,65.7,97.8,31.7,31.4,31.3,27.8,27.5,27.3,27.3
419,65.7,97.8,31.8,31.5,31.4,27.9,27.6,27.4,27.4
420,65.7,98,31.9,31.5,31.4,27.9,27.6,27.4,27.4
421,65.7,98,31.8,31.5,31.4,27.9,27.6,27.4,27.4
422,65.7,98,31.7,31.5,31.3,27.9,27.6,27.4,27.3
423,65.7,98,31.7,31.5,31.3,27.8,27.5,27.4,27.3
424,65.7,97.9,31.7,31.4,31.3,27.8,27.5,27.4,27.3
425,65.7,98,31.6,31.4,31.3,27.8,27.5,27.3,27.3
426,65.7,97.9,31.5,31.4,31.2,27.8,27.5,27.3,27.3
427,65.7,98,31.5,31.4,31.1,27.8,27.5,27.3,27.3
428,65.7,97.9,31.5,31.4,31.1,27.8,27.5,27.3,27.3
429,65.7,98,31.5,31.4,31.1,27.8,27.5,27.3,27.3
430,65.7,97.9,31.5,31.3,31.1,27.8,27.5,27.4,27.3
431,65.7,97.9,31.5,31.3,31.1,27.9,27.5,27.4,27.4
432,65.7,97.9,31.5,31.3,31.2,28,27.7,27.4,27.4
433,65.6,97.7,31.5,31.3,31.2,28,27.8,27.5,27.5
434,65.6,97.8,31.6,31.4,31.2,28,27.8,27.5,27.5
435,65.6,98,31.6,31.4,31.3,28.1,27.8,27.6,27.5
436,65.7,98,31.6,31.4,31.3,28.1,27.8,27.6,27.6
437,65.7,97.9,31.7,31.4,31.3,28.2,27.9,27.7,27.6
438,65.7,97.9,31.8,31.5,31.4,28.3,28,27.8,27.7
439,65.7,98.1,31.8,31.6,31.4,28.3,28,27.8,27.8
440,65.7,98.1,31.8,31.6,31.5,28.4,28.1,27.9,27.9
441,65.8,98.1,31.9,31.6,31.5,28.4,28.2,28,27.9
442,65.9,98,31.8,31.6,31.4,28.4,28.2,28,27.9
443,65.9,98,31.8,31.6,31.4,28.5,28.2,28,27.9
444,65.9,98,31.8,31.7,31.5,28.6,28.3,28.1,28
445,66,97.9,31.9,31.7,31.5,28.6,28.4,28.2,28.1
446,66,98,32,31.8,31.6,28.7,28.4,28.2,28.1
447,66,98,32,31.8,31.6,28.7,28.4,28.2,28.1
448,66,98,32,31.8,31.6,28.7,28.4,28.2,28.1
449,66,98,32,31.8,31.6,28.7,28.4,28.2,28.2
450,66,98,32,31.8,31.6,28.8,28.5,28.3,28.2
451,66.1,98,32.1,31.9,31.7,28.8,28.5,28.4,28.3
452,66.2,98,32.1,31.9,31.7,28.9,28.5,28.4,28.3
453,66.2,98,32.1,31.9,31.7,28.9,28.5,28.4,28.3
454,66.2,98,32.1,31.9,31.7,28.9,28.5,28.4,28.3
455,66.4,98,32.1,31.9,31.7,29,28.7,28.5,28.4
456,66.4,98,32.3,32,31.8,29.1,28.8,28.7,28.6
457,66.5,98,32.4,32.1,31.9,29.3,29,28.8,28.7
458,66.6,98,32.6,32.3,32.2,29.4,29.1,29,28.9
459,66.6,98,32.6,32.4,32.3,29.6,29.2,29.1,29
460,66.7,98.1,32.6,32.4,32.2,29.5,29.2,29.1,29
461,66.8,98,32.5,32.3,32.1,29.5,29.1,29,28.9
462,66.8,98,32.5,32.3,32.2,29.4,29.1,29,28.9
463,66.8,97.9,32.6,32.3,32.2,29.5,29.2,29,28.9
464,66.9,97.9,32.6,32.4,32.2,29.5,29.2,29.1,29
465,66.9,97.9,32.8,32.4,32.3,29.6,29.3,29.2,29.1
466,67,97.8,32.8,32.5,32.4,29.7,29.3,29.2,29.1
467,67.1,97.8,32.8,32.6,32.4,29.8,29.4,29.2,29.1
468,67.1,97.8,32.9,32.6,32.5,29.8,29.4,29.2,29.2
469,67.3,97.8,32.9,32.7,32.5,29.9,29.5,29.3,29.3
470,67.4,97.8,33,32.7,32.6,30,29.7,29.4,29.3
471,67.5,97.8,33.1,32.9,32.6,30.1,29.8,29.6,29.5
472,67.5,97.8,33.3,33,32.9,30.3,29.9,29.7,29.5
473,67.8,97.9,33.5,33.1,33,30.3,30,29.8,29.7
474,67.9,97.9,33.5,33.1,33,30.3,30,29.8,29.8
475,68.1,97.9,33.6,33.3,33.1,30.5,30.1,29.9,29.8
476,68.1,97.9,33.7,33.5,33.2,30.7,30.3,30.1,30
477,68.3,97.9,33.8,33.6,33.3,30.7,30.4,30.2,30.1
478,68.4,97.9,33.9,33.6,33.4,30.8,30.5,30.3,30.3
479,68.4,97.9,34.1,33.8,33.6,31,30.6,30.4,30.4
480,68.6,97.9,34.4,34.1,33.8,31.3,31,30.8,30.7
481,68.9,98,34.8,34.5,34.3,31.7,31.4,31.2,31.1
482,69.2,97.9,35.1,34.8,34.7,32.1,31.8,31.7,31.6
483,69.7,98,35.2,34.8,34.7,32.1,31.9,31.7,31.7
484,69.7,98.1,34.8,34.6,34.5,31.8,31.5,31.3,31.3
485,69.5,98.1,34.6,34.4,34.2,31.5,31.3,31.1,31
486,69.5,98,34.7,34.5,34.2,31.6,31.4,31.2,31.1
487,69.6,98,34.8,34.6,34.3,31.7,31.4,31.3,31.2
488,69.7,98,34.8,34.6,34.3,31.7,31.4,31.3,31.2
489,69.7,98,34.9,34.6,34.4,31.8,31.5,31.4,31.3
490,69.7,97.9,35.1,34.9,34.7,32.2,31.7,31.6,31.6
491,70.2,97.9,35.2,35,34.7,32.3,31.9,31.7,31.7
492,70.4,97.9,35.1,34.9,34.6,32.1,31.7,31.5,31.4
493,70.3,97.9,35,34.8,34.6,32,31.7,31.5,31.4
494,70.3,97.9,35.2,35.1,34.8,32.3,31.9,31.7,31.5
495,70.6,97.8,35.5,35.2,35.1,32.6,32.2,32,31.9
496,70.9,97.8,35.7,35.3,35.2,32.7,32.3,32.2,32
497,71.1,97.8,35.7,35.5,35.2,32.7,32.4,32.2,32.1
498,71.2,97.8,35.8,35.5,35.3,32.8,32.4,32.2,32.1
499,71.4,97.8,35.9,35.5,35.4,32.9,32.5,32.3,32.1
500,71.5,97.8,36,35.7,35.4,33.1,32.7,32.5,32.3
501,71.5,97.8,36.1,35.9,35.6,33.2,32.8,32.7,32.5
502,71.7,97.8,36.3,36,35.8,33.4,33,32.9,32.7
503,71.8,97.8,36.4,36.1,35.9,33.5,33.1,33,32.8
504,72,97.8,36.5,36.2,35.9,33.6,33.3,33.1,33
505,72.1,97.8,36.6,36.4,36,33.7,33.4,33.2,33.1
506,72.2,97.8,36.8,36.6,36.3,33.9,33.6,33.3,33.3
507,72.4,97.9,37,36.7,36.4,34.1,33.8,33.5,33.5
508,72.7,97.9,37.1,36.8,36.6,34.3,33.9,33.6,33.6
509,72.9,97.9,37.2,36.9,36.6,34.4,34,33.7,33.7
510,72.9,97.8,37.3,37,36.8,34.4,34.1,33.9,33.8
511,73,97.8,37.4,37.1,36.9,34.5,34.2,33.9,33.8
512,73,97.8,37.4,37.1,36.9,34.5,34.2,34,33.8
513,73,97.7,37.5,37.1,37,34.6,34.2,34,34
514,73.2,97.8,37.7,37.3,37.2,34.8,34.4,34.2,34.2
515,73.5,97.8,37.9,37.7,37.5,35.1,34.7,34.5,34.5
516,73.5,97.8,38.1,37.9,37.6,35.2,34.9,34.6,34.6
517,73.8,97.9,38.2,37.9,37.6,35.3,34.9,34.7,34.6
518,73.8,97.9,38.2,37.9,37.6,35.2,34.8,34.6,34.6
519,73.8,97.8,38.1,37.8,37.4,35.3,34.8,34.6,34.6
520,73.8,97.8,38.1,37.8,37.5,35.3,34.9,34.7,34.6
521,74,97.8,38.4,38.1,37.7,35.5,35.1,34.8,34.8
522,74,97.8,38.7,38.4,38.1,35.8,35.4,35.2,35.1
523,74.3,97.8,39,38.6,38.4,36.1,35.8,35.5,35.4
524,74.6,97.7,39.2,38.8,38.6,36.3,36,35.7,35.7
525,74.7,97.9,39.4,39.2,38.9,36.6,36.2,36,36
526,75,97.9,39.5,39.2,39,36.6,36.4,36,36
527,75,97.9,39.5,39.2,38.9,36.6,36.3,36,36
528,74.9,97.8,39,38.6,38.4,36,35.8,35.5,35.4
529,74.6,97.8,38.8,38.4,38.1,35.7,35.5,35.2,35.1
530,74.7,97.8,39,38.6,38.4,36.2,35.8,35.5,35.4
531,74.9,97.7,39.4,39,38.7,36.6,36.2,35.9,35.8
532,75,97.7,39.4,39.1,38.8,36.6,36.2,36,35.9
533,75,97.7,39.3,39.1,38.8,36.5,36.2,35.9,35.7
534,75,97.8,39.4,39.1,38.8,36.6,36.2,35.9,35.7
535,75.1,97.8,39.5,39.2,38.9,36.8,36.4,36.1,36
536,75.1,97.7,39.5,39.3,38.9,36.8,36.4,36.2,36.1
537,75.2,97.7,39.9,39.5,39.2,37,36.6,36.3,36.3
538,75.6,97.6,40.1,39.9,39.6,37.5,37.1,36.9,36.8
539,75.9,97.6,40.6,40.3,40.1,37.9,37.6,37.3,37.2
540,75.9,97.6,40.6,40.2,40.1,37.9,37.6,37.3,37.2
541,75.8,97.6,40.3,40,39.7,37.4,37.2,36.8,36.8
542,75.3,97.6,40.1,39.8,39.5,37.2,36.9,36.6,36.5
543,75.4,97.7,40.1,39.8,39.5,37.3,37,36.6,36.5
544,75.6,97.7,40.2,39.9,39.6,37.5,37.1,36.8,36.6
545,75.6,97.7,40.5,40.2,39.7,37.7,37.3,37.1,36.8
546,75.8,97.7,40.5,40.2,39.9,37.7,37.3,37,36.9
547,75.8,97.7,40.5,40.2,39.8,37.7,37.3,37,36.9
548,75.9,97.6,40.5,40.1,39.8,37.8,37.3,37.1,37
549,75.9,97.6,40.6,40.4,40,38,37.6,37.4,37.3
550,76.2,97.6,41,40.6,40.3,38.3,37.9,37.6,37.5
551,76.3,97.7,41.2,40.8,40.5,38.4,38.1,37.8,37.7
552,76.3,97.7,41.2,40.9,40.7,38.5,38.1,37.8,37.7
553,76.4,97.8,41.2,40.9,40.7,38.5,38.1,37.9,37.7
554,76.4,97.8,41.3,41,40.7,38.6,38.2,38,37.8
555,76.4,97.8,41.4,41.1,40.8,38.8,38.4,38.1,38.1
556,76.6,97.9,41.6,41.3,40.9,38.9,38.5,38.3,38.2
557,76.7,98,41.7,41.4,41,39,38.7,38.4,38.3
558,76.7,97.9,41.9,41.5,41.2,39.2,38.9,38.6,38.4
559,76.7,97.9,42,41.7,41.4,39.4,39,38.8,38.6
560,76.8,97.9,42.6,42.3,41.8,39.8,39.4,39.1,39
561,77.1,98,42.8,42.5,42.1,39.9,39.5,39.3,39.2
562,77.1,98,43,42.6,42.2,40.1,39.6,39.4,39.4
563,77.2,98,43.3,43,42.6,40.3,39.8,39.5,39.6
564,77.4,97.9,43.4,43,42.7,40.4,39.9,39.7,39.7
565,77.7,98,43.4,43.1,42.7,40.4,40,39.8,39.8
566,77.7,98,43.3,43,42.7,40.4,40,39.8,39.8
567,77.6,98,43.3,43,42.7,40.5,40,39.9,39.9
568,77.8,98,43.4,43.2,42.8,40.6,40.2,40,40.1
569,77.8,98,43.7,43.4,43.1,40.8,40.4,40.2,40.2
570,78,98,43.8,43.5,43.1,40.9,40.4,40.3,40.2
571,78,97.9,43.8,43.5,43.1,40.9,40.5,40.3,40.3
572,78,98,43.8,43.5,43.1,40.9,40.5,40.3,40.3
573,78,98,43.7,43.5,43.1,40.9,40.5,40.3,40.3
574,78,98,43.7,43.5,43.1,40.9,40.5,40.3,40.3
575,78,98,43.7,43.5,43.1,40.9,40.5,40.3,40.3
576,78,98,43.7,43.4,43.1,40.9,40.5,40.3,40.3
577,78.1,98,43.7,43.5,43.1,41,40.6,40.4,40.4
578,78.4,97.9,43.8,43.5,43.2,41,40.6,40.5,40.5
579,78.4,97.9,44,43.6,43.3,41.2,40.7,40.6,40.6
580,78.6,98,44.1,43.8,43.5,41.3,40.9,40.7,40.8
581,78.7,98,44.2,44,43.6,41.3,41.1,40.8,41
582,78.8,98,44.3,44,43.7,41.5,41.2,41,41.1
583,78.9,98.1,44.4,44.1,43.8,41.6,41.2,41.1,41.2
584,79,98.2,44.4,44.2,43.9,41.7,41.4,41.2,41.2
585,79.2,98.2,44.6,44.3,44,41.9,41.5,41.3,41.4
586,79.4,98.2,44.8,44.5,44.2,42,41.7,41.4,41.6
587,79.5,98.1,44.9,44.6,44.2,42.2,41.8,41.6,41.7
588,79.6,98,44.9,44.6,44.3,42.2,41.8,41.7,41.7
589,79.6,98.1,45,44.7,44.4,42.2,41.8,41.7,41.8
590,79.6,98.1,45,44.7,44.4,42.2,41.9,41.7,41.8
591,79.9,98.1,45.1,44.8,44.4,42.2,41.9,41.8,41.8
592,79.9,98.1,45.2,44.9,44.6,42.5,42.2,41.9,42
593,80.2,98.1,45.4,45.1,44.8,42.6,42.3,42.1,42.3
594,80.4,98.1,45.5,45.2,44.9,42.8,42.5,42.3,42.4
595,80.5,98.1,45.6,45.2,45,43,42.6,42.4,42.4
596,80.5,98.2,45.5,45.2,45,42.9,42.6,42.3,42.4
597,80.4,98.1,45.2,45.1,44.8,42.9,42.4,42.1,42.3
598,80.4,98.1,45.2,45,44.7,42.8,42.4,42.1,42.3
599,80.4,98,45.3,45,44.7,42.8,42.4,42.2,42.4
600,80.7,98,45.5,45.3,45.1,43.1,42.7,42.5,42.5
601,81.3,98.1,45.9,45.6,45.3,43.2,42.9,42.7,42.7
602,81.4,98.1,46.1,45.9,45.5,43.5,43.3,43,43.1
603,81.4,98.2,46.1,46,45.7,43.6,43.3,43.1,43.1
604,81.4,98.1,46.1,45.9,45.5,43.6,43.2,43,43.1
605,81.2,98,45.9,45.6,45.4,43.4,43.1,42.8,43
606,81.2,98,45.9,45.5,45.2,43.4,43,42.7,43
607,81.2,98,46.1,45.6,45.4,43.5,43,42.9,43
608,81.2,98,46.2,45.8,45.5,43.7,43.3,43.1,43.2
609,81.4,98,46.3,45.8,45.5,43.7,43.3,43.1,43.2
610,81.4,98,46.2,45.8,45.5,43.7,43.2,43.1,43.2
611,81.4,98,46.1,45.7,45.4,43.6,43.2,43,43
612,81.6,97.9,46.1,45.8,45.4,43.6,43.2,43,43.1
613,81.8,98,46.2,45.9,45.6,43.7,43.3,43.1,43.2
614,82,98,46.3,46,45.7,43.8,43.5,43.2,43.3
615,82.3,98.1,46.4,46.2,45.8,43.9,43.6,43.4,43.5
616,82.3,98.1,46.6,46.3,45.9,44,43.7,43.5,43.7
617,82.6,98.1,46.6,46.4,46,44.1,43.7,43.6,43.7
618,82.6,98.1,46.7,46.4,46.1,44.2,43.8,43.7,43.8
619,82.8,98.2,46.8,46.5,46.2,44.3,43.9,43.7,43.9
620,83,98.2,46.8,46.5,46.3,44.3,44,43.8,44
621,83,98.1,46.9,46.6,46.3,44.5,44.1,43.9,44
622,83,98.2,47,46.7,46.4,44.6,44.2,44,44.1
623,83.4,98.2,47.1,46.9,46.6,44.7,44.4,44.2,44.3
624,83.7,98.2,47.3,47,46.7,44.8,44.6,44.4,44.4
625,83.8,98.2,47.4,47.1,46.8,45,44.7,44.5,44.6
626,83.9,98.2,47.4,47.1,46.8,45,44.7,44.4,44.5
627,83.9,98.2,47.3,47.1,46.8,44.8,44.5,44.4,44.4
628,83.9,98.2,47.3,47,46.7,44.8,44.5,44.3,44.4
629,83.9,98.1,47.3,47,46.7,44.8,44.5,44.3,44.4
630,84,98.1,47.3,47,46.7,44.9,44.5,44.4,44.5
631,84.1,98.1,47.5,47.2,46.9,45.1,44.7,44.5,44.6
632,84.3,98.1,47.6,47.3,47,45.1,44.9,44.6,44.7
633,84.6,98.1,47.6,47.4,47,45.2,44.9,44.7,44.8
634,84.6,98.1,47.7,47.4,47,45.2,44.9,44.7,44.8
635,84.7,98.2,47.7,47.4,47.1,45.3,44.9,44.7,44.8
636,84.8,98.2,47.7,47.4,47.1,45.3,44.9,44.8,44.8
637,84.8,98.2,47.8,47.5,47.2,45.4,45,44.9,44.9
638,85,98.2,47.8,47.6,47.2,45.4,45.1,45,45
639,85.1,98.2,47.9,47.6,47.3,45.5,45.1,45,45.1
640,85.6,98.2,48.1,47.8,47.4,45.7,45.3,45.1,45.2
641,85.7,98.3,48.1,47.9,47.6,45.7,45.5,45.2,45.3
642,85.8,98.3,48.2,47.9,47.6,45.7,45.5,45.2,45.4
643,86,98.3,48.2,48,47.7,45.8,45.6,45.4,45.6
644,86.2,98.4,48.3,48.1,47.8,45.9,45.7,45.5,45.6
645,86.5,98.3,48.4,48.1,47.8,46.1,45.8,45.5,45.7
646,86.5,98.3,48.4,48.2,47.9,46.2,45.8,45.6,45.8
647,86.6,98.3,48.5,48.3,48,46.2,45.9,45.7,45.9
648,86.6,98.3,48.5,48.3,48,46.3,45.9,45.8,46
649,86.9,98.3,48.6,48.4,48.1,46.4,46,45.8,46
650,87,98.3,48.6,48.4,48.2,46.4,46.2,46,46.1
651,87.2,98.3,48.7,48.5,48.2,46.5,46.2,46,46.2
652,87.4,98.4,48.8,48.5,48.3,46.5,46.2,46,46.2
653,87.5,98.4,48.8,48.5,48.3,46.5,46.2,46,46.2
654,87.5,98.4,48.8,48.6,48.3,46.6,46.3,46.1,46.3
655,87.7,98.4,49,48.7,48.5,46.7,46.5,46.2,46.4
656,87.8,98.4,49.2,48.9,48.6,46.9,46.6,46.4,46.6
657,88,98.4,49.4,49.1,48.8,47.1,46.8,46.6,46.8
658,88.3,98.4,49.4,49.1,48.9,47.2,46.9,46.8,46.9
659,88.4,98.4,49.4,49.1,48.9,47.2,46.9,46.8,46.9
660,88.4,98.4,49.3,49,48.8,47.1,46.7,46.6,46.7
661,88.4,98.4,49.2,48.8,48.7,46.9,46.6,46.4,46.5
662,88.4,98.3,49.1,48.8,48.6,46.9,46.6,46.4,46.5
663,88.4,98.3,49.1,48.8,48.6,46.9,46.7,46.4,46.5
664,88.6,98.3,49.3,49,48.7,47,46.7,46.5,46.7
665,88.8,98.3,49.3,49,48.7,47.1,46.9,46.6,46.8
666,89,98.3,49.4,49.2,48.9,47.3,47,46.8,46.9
667,89.1,98.3,49.5,49.2,49,47.3,47.1,46.9,47
668,89.3,98.3,49.5,49.3,49.1,47.4,47.2,47,47.1
669,89.4,98.4,49.6,49.4,49.1,47.5,47.2,47.1,47.1
670,89.6,98.4,49.6,49.4,49.1,47.5,47.2,47.1,47.2
671,89.7,98.4,49.7,49.4,49.2,47.5,47.3,47.1,47.2
672,89.7,98.3,49.7,49.4,49.2,47.6,47.3,47.1,47.2
673,89.9,98.3,49.7,49.4,49.2,47.6,47.3,47.1,47.2
674,90,98.3,49.8,49.5,49.2,47.7,47.4,47.3,47.3
675,90.2,98.3,49.9,49.6,49.3,47.7,47.5,47.3,47.5
676,90.4,98.3,50,49.7,49.4,47.8,47.6,47.4,47.5
677,90.5,98.3,50.1,49.8,49.6,48,47.7,47.5,47.8
678,90.7,98.3,50.2,50,49.7,48.2,47.8,47.7,47.9
679,90.8,98.3,50.3,50,49.8,48.3,48,47.8,48
680,90.9,98.3,50.3,50,49.8,48.3,48,47.8,48
681,90.9,98.3,50.3,50,49.8,48.2,47.9,47.8,48
682,91,98.3,50.2,50,49.7,48.2,47.8,47.7,47.9
683,91.1,98.3,50.2,49.9,49.7,48.2,47.8,47.7,47.9
684,91.2,98.3,50.2,49.9,49.7,48.2,47.8,47.7,47.9
685,91.2,98.2,50.2,49.9,49.7,48.2,47.9,47.7,47.9
686,91.4,98.3,50.4,50.1,49.8,48.3,48,47.8,48
687,91.5,98.3,50.5,50.2,49.8,48.4,48.1,47.9,48
688,91.6,98.3,50.5,50.2,49.9,48.4,48.1,47.9,48.1
689,91.7,98.3,50.6,50.3,50,48.5,48.3,48,48.2
690,91.8,98.3,50.6,50.3,50,48.5,48.3,48.1,48.2
691,91.9,98.2,50.6,50.3,50.1,48.6,48.3,48.1,48.3
692,92.1,98.2,50.7,50.4,50.1,48.7,48.4,48.1,48.3
693,92.2,98.3,50.8,50.5,50.2,48.8,48.5,48.2,48.5
694,92.3,98.3,50.9,50.5,50.3,48.9,48.6,48.5,48.6
695,92.6,98.3,51.1,50.7,50.4,49.1,48.8,48.6,48.8
696,92.8,98.4,51.3,50.9,50.7,49.3,48.9,48.9,49
697,92.9,98.4,51.4,51.1,50.9,49.6,49.2,49.1,49.3
698,93,98.4,51.4,51.2,50.9,49.6,49.2,49.2,49.3
699,93,98.4,51.4,51.1,50.9,49.4,49.2,49,49.1
700,93,98.4,51.3,51.1,50.8,49.3,49,48.8,49
701,93,98.4,51.2,50.8,50.5,49.1,48.8,48.6,48.6
702,93,98.4,51.1,50.8,50.5,49.1,48.7,48.6,48.6
703,93.2,98.3,51.1,50.7,50.5,49.2,48.9,48.7,48.7
704,93.2,98.5,51.2,50.9,50.6,49.2,49,48.7,48.9
705,93.4,98.5,51.3,51,50.7,49.4,49,48.7,48.9
706,93.4,98.5,51.4,51.1,50.8,49.4,49.1,48.9,49.1
707,93.5,98.5,51.4,51.2,50.8,49.5,49.2,49,49.2
708,93.5,98.6,51.5,51.2,50.9,49.6,49.3,49.2,49.2
709,93.6,98.6,51.5,51.3,51,49.6,49.3,49.2,49.3
710,93.6,98.6,51.5,51.4,51.1,49.7,49.3,49.2,49.4
711,93.8,98.6,51.6,51.4,51.1,49.7,49.4,49.2,49.4
712,93.9,98.6,51.6,51.4,51.1,49.8,49.4,49.2,49.4
713,93.9,98.6,51.6,51.4,51.1,49.8,49.4,49.4,49.5
714,93.9,98.5,51.6,51.4,51.2,49.8,49.5,49.4,49.5
715,94,98.5,51.7,51.6,51.2,49.8,49.5,49.5,49.5
716,94,98.6,51.8,51.6,51.2,49.9,49.5,49.5,49.6
717,94,98.6,51.8,51.6,51.2,50,49.5,49.5,49.6
718,94,98.6,51.8,51.6,51.2,50,49.6,49.5,49.6
719,94,98.6,51.8,51.6,51.2,50,49.6,49.5,49.6
720,94,98.6,51.8,51.6,51.3,50,49.7,49.6,49.7
721,94,98.6,51.9,51.6,51.4,50,49.7,49.7,49.7
722,94,98.6,51.9,51.8,51.5,50,49.7,49.7,49.8
723,94,98.6,52,51.9,51.6,50.2,49.7,49.8,49.9
724,93.9,98.6,52.1,52,51.7,50.2,50,49.8,49.9
725,93.9,98.6,52.2,52,51.7,50.2,50,49.9,50
726,93.9,98.6,52.3,52,51.8,50.3,50.1,50,50.1
727,93.9,98.6,52.4,52.2,52,50.4,50.1,50,50.2
728,93.9,99,52.4,52.4,52.1,50.4,50.3,50.1,50.2
729,94.1,99.2,52.5,52.5,52.3,50.5,50.3,50.2,50.2
730,94.2,99.5,52.7,52.6,52.3,50.6,50.5,50.3,50.2
731,94.5,99.5,52.7,52.6,52.3,50.7,50.6,50.4,50.2
732,94.7,99.6,52.7,52.7,52.4,50.7,50.6,50.5,50.2
733,94.8,99.6,52.8,52.7,52.4,50.8,50.6,50.5,50.1
734,94.9,99.7,52.8,52.7,52.4,50.8,50.6,50.5,50.1
735,95.1,99.7,52.8,52.7,52.4,51,50.6,50.5,50.1
736,95.4,99.7,52.8,52.7,52.4,51,50.6,50.6,50.2
737,95.6,99.6,52.8,52.7,52.4,51,50.7,50.6,50.3
738,95.7,99.5,52.8,52.7,52.4,51,50.7,50.6,50.5
739,95.6,98.9,52.8,52.7,52.4,51.1,50.7,50.7,50.6
740,95.6,98.8,52.8,52.7,52.3,51.1,50.7,50.7,50.6
741,95.7,98.7,52.8,52.7,52.4,51.2,50.7,50.7,50.6
742,95.8,98.7,52.9,52.7,52.4,51.2,50.9,50.7,50.7
743,95.9,98.8,52.9,52.7,52.4,51.2,50.9,50.8,50.8
744,95.9,98.6,52.9,52.7,52.4,51.2,50.9,50.9,50.9
745,95.9,98.7,52.9,52.7,52.4,51.4,50.9,50.9,50.9
746,95.9,98.7,53,52.7,52.4,51.4,51,50.9,50.9
747,96,98.7,53.1,52.8,52.5,51.4,51,50.9,51.1
748,96,98.7,53.1,52.8,52.6,51.5,51.2,51.1,51.1
749,96,98.6,53,52.8,52.7,51.5,51.2,51.2,51.1
750,96,98.6,53.1,52.8,52.6,51.6,51.2,51.2,51.1
751,96,98.6,53.2,52.9,52.6,51.6,51.2,51.1,51.1
752,96,98.6,53.4,53,52.7,51.6,51.2,51.1,51.1
753,96.1,98.4,53.3,53,52.7,51.6,51.2,51.2,51.2
754,96.1,98.4,53.3,53,52.7,51.6,51.2,51.2,51.2
755,96.1,98.5,53.3,53.1,52.7,51.5,51.2,51.1,51.1
756,96.1,98.5,53.3,53,52.7,51.6,51.3,51.2,51.2
757,96.2,98.4,53.3,53.1,52.7,51.5,51.1,51.1,51.3
758,96.2,98.3,53.2,53,52.7,51.5,51.3,51.2,51.3
759,96.2,98.2,53.2,53,52.7,51.8,51.3,51.2,51.4
760,96.2,98.2,53.2,53.1,52.7,51.8,51.3,51.2,51.4
761,96.3,98.2,53.3,53.1,52.8,51.8,51.3,51.3,51.5
762,96.3,98.3,53.6,53.2,53,51.9,51.5,51.3,51.5
763,96.3,98.4,53.8,53.5,53.2,52.4,51.9,51.7,51.8
764,96.3,98.4,53.9,53.7,53.4,52.5,52,51.8,52
765,96.4,98.4,53.9,53.6,53.3,52.4,51.9,51.8,51.9
766,96.4,98.4,53.8,53.6,53.2,52.3,51.8,51.8,51.7
767,96.4,98.5,53.8,53.6,53.2,52.2,51.8,51.7,51.7
768,96.5,98.2,53.7,53.6,53,52.3,51.8,51.7,51.7
769,96.6,98.4,53.7,53.5,53.1,52.3,51.8,51.6,51.6
770,96.5,98.4,53.8,53.5,53,52,51.8,51.7,51.6
771,96.9,98.5,53.8,53.5,53.1,52.1,51.8,51.6,51.7
772,96.9,98.7,53.8,53.5,53.2,52.1,51.9,51.6,51.8
773,96.6,98.7,53.8,53.6,53.2,52.1,51.9,51.6,51.9
774,96.7,98.6,53.8,53.6,53.2,52.1,51.9,51.7,52
775,96.6,98.6,53.9,53.6,53.2,52.1,51.9,51.7,51.9
776,96.5,98.3,53.8,53.5,53.2,52.3,51.9,51.9,52
777,96.5,98.2,53.8,53.5,53.3,52.3,51.9,51.9,52
778,96.5,98.2,53.9,53.5,53.2,52.3,52.2,51.8,52
779,96.5,98.6,54,53.6,53.2,52.1,52,51.8,52
780,96.5,98.8,54,53.6,53.3,52.3,52.1,51.9,52
781,96.5,98.8,54.1,53.7,53.3,52.4,52.1,51.9,52
782,96.3,98.6,54.1,53.7,53.3,52.4,52.1,51.9,52
783,96.3,98.7,54.2,53.8,53.4,52.4,52,51.8,52
784,96.2,98.7,54.2,53.8,53.4,52.5,52.1,51.9,52.1
785,96.2,98.8,54.2,53.9,53.5,52.4,52.1,52.1,52.2
786,96.2,98.8,54.3,53.9,53.5,52.9,52.3,52.1,52.3
787,96.1,98.8,54.7,54,53.7,52.9,52.5,52.2,52.4
788,96.7,98.8,54.7,54.2,53.8,53.1,52.5,52.2,52.5
789,97,98.6,54.7,54.2,53.8,53.1,52.6,52.3,52.6
790,97.6,98.4,54.7,54.3,54.1,53.1,52.7,52.4,52.5
791,98.2,98.4,54.7,54.3,54.1,53.2,52.6,52.4,52.5
792,98.4,98.4,54.8,54.3,54.1,53.2,52.6,52.4,52.5
793,99.1,98.4,54.7,54.3,54.1,53,52.6,52.4,52.5
794,99.1,98.4,54.7,54.3,54.1,53,52.6,52.4,52.5
795,99.1,98.4,54.6,54.3,54.1,53,52.6,52.4,52.5
796,98.9,98.4,54.7,54.3,53.9,53,52.6,52.4,52.5
797,98.4,98.4,54.7,54.3,53.9,53.1,52.6,52.4,52.5
798,98.1,98.4,54.7,54.3,53.9,53.1,52.6,52.4,52.5
799,97.4,98.6,54.7,54.4,54,53,52.7,52.5,52.6
800,97.1,98.6,54.7,54.6,54.1,53.1,52.8,52.7,52.7
801,96.8,98.6,54.8,54.6,54.2,53.3,53.1,52.7,52.9
802,96.6,98.7,55,54.7,54.4,53.4,53.2,53,53.1
803,96.6,98.7,55,54.9,54.6,53.6,53.4,53,53.3
804,96.6,98.7,55.2,55.1,54.7,53.9,53.5,53.4,53.6
805,96.5,98.7,55.3,55.1,54.8,53.9,53.6,53.4,53.6
806,96.5,98.7,55.4,55.1,54.9,54,53.6,53.5,53.7
807,96.5,98.7,55.5,55.2,55,54.1,53.8,53.5,53.7
808,96.4,98.7,55.7,55.3,55,54.2,53.9,53.6,53.8
809,96.4,98.7,55.7,55.2,55,54.2,53.9,53.7,53.9
810,96.5,98.7,55.8,55.2,55,54.4,53.9,53.8,53.9
811,96.4,98.7,55.8,55.3,55,54.4,53.9,53.8,54
812,96.3,99,55.8,55.6,55.1,54.4,54.1,54,54.1
813,96.3,98.9,55.7,55.6,55.1,54.4,54.1,54,54.2
814,96.4,98.8,55.6,55.6,55.1,54.4,54.1,53.9,54.2
815,96.4,98.7,55.6,55.6,55.1,54.5,54.1,53.9,54.1
816,96.4,98.5,55.6,55.8,55.1,54.7,54.1,53.9,54.1
817,96.5,98.7,55.7,55.7,55.2,54.6,54.1,54.3,54.1
818,96.5,98.7,55.8,55.7,55.2,54.6,54.1,54.3,54.1
819,96.4,98.7,55.9,55.8,55.4,54.5,54.1,54.3,54.1
820,96.4,98.7,55.9,55.8,55.5,54.7,54.4,54.4,54.5
821,96.3,98.7,56.5,56.5,56.1,55.3,55.2,54.9,55.1
822,95.5,98.8,57.3,57.2,57,56.3,56.2,56,56.1
823,95.3,98.8,57.6,57.9,57.4,56.9,56.8,56.9,56.4
824,95,99,57.4,57.8,56.8,56.6,56.6,56.5,56.3
825,95.2,99,57.1,57.2,56.6,55.3,55.5,55.4,55.1
826,96.9,99.1,56.9,56.6,56,54.9,55,54.9,54.6
827,97.9,98.9,56.5,56.6,55.7,55,54.7,54.7,54.7
828,97.9,98.9,56.5,56.6,56,55,54.8,54.7,54.8
829,97.4,98.9,56.1,56.4,55.9,54.9,54.8,54.7,54.7
830,97.5,99,56.1,56.4,55.9,54.8,54.7,54.5,54.6
831,97.9,99,56.1,56.2,55.7,54.6,54.5,54.2,54.4
832,98.5,98.7,56.1,56.1,55.5,54.7,54.5,54.2,54.4
833,97.8,98.7,56.4,56.5,55.9,55,54.8,54.5,54.8
834,96.6,98.8,56.9,56.8,56.3,55.8,55.5,55.1,55.3
835,96.2,98.8,56.9,56.8,56.4,55.8,55.5,55.3,55.4
836,96.3,98.9,56.8,56.7,56.3,55.5,55.2,54.9,54.9
837,96.5,98.9,56.6,56.4,56.1,55.2,54.9,54.6,54.7
838,97.1,98.8,56.5,56.4,56,55.2,54.8,54.6,54.6
839,97.2,98.8,56.5,56.4,56,54.9,54.6,54.6,54.6
840,97.5,98.8,56.6,56.4,56,55,54.6,54.6,54.7
841,97.1,98.8,56.5,56.4,55.9,55.5,55,54.7,54.7
842,96.9,98.8,56.6,56.4,56,55.4,55,54.8,54.7
843,96.4,98.7,56.6,56.4,55.9,55.4,55,54.8,54.7
844,96.5,98.8,56.6,56.4,55.9,55.4,55.1,54.9,54.9
845,96.5,98.4,56.6,56.2,55.8,55.5,55.1,54.9,55
846,96.6,98.4,56.7,56.3,55.8,55.4,55.1,54.8,54.9
847,96.4,98.6,56.5,56.3,56,55.3,55,54.8,54.7
848,96.5,98.5,56.6,56.3,55.9,55.4,55,54.9,54.7
849,96.2,98.5,57,56.4,56,55.3,55,54.8,54.7
850,96.2,98.5,57,56.5,56,55.5,55,54.9,54.8
851,96.1,98.5,56.9,56.4,56,55.5,55.1,55.1,54.9
852,96.2,98.8,57.1,56.7,56.2,55.6,55.1,55.1,54.9
853,96.1,98.9,57.1,56.5,56.2,55.6,55.5,55.1,54.9
854,96.1,99.2,57.1,56.5,56.2,55.6,55.5,55.1,55.1
855,96.2,99.1,57.1,56.5,56,55.7,55.4,55.3,55.2
856,96.3,99.1,57.1,56.6,56.2,55.7,55.6,55.2,55.4
857,96.3,99.2,57.1,56.7,56.2,55.6,55.5,55.2,55.4
858,96.3,99.2,57.1,56.5,56.1,55.6,55.3,55.1,55.4
859,96.3,99.1,57.1,56.5,56.1,55.7,55.4,55.3,55.4
860,96.2,99.1,57.2,56.6,56.2,55.7,55.4,55.3,55.4
861,96.2,98.7,56.8,56.6,56.2,55.9,55.8,55.5,55.6
862,96.1,98.5,56.7,56.6,56.2,56,55.8,55.5,55.4
863,96.2,98.5,57.1,56.7,56.3,56,55.6,55.5,55.4
864,96.2,98.5,57.2,56.7,56.4,56,55.7,55.6,55.5
865,95.6,98.7,57.2,56.8,56.5,56,55.7,55.5,55.5
866,95.6,99.1,57.2,56.8,57,56,55.7,55.6,55.5
867,95.8,99.2,57.2,56.9,57,56.1,55.8,55.5,55.5
868,95.8,99,57.3,57,57,56.1,55.6,55.5,55.5
869,95.8,98.6,57.3,57.2,57,56.2,55.6,55.5,55.5
870,95.7,98.6,57.3,57.2,57,56.2,55.6,55.5,55.5
871,95.7,99.1,57.5,57.3,57.2,56.2,55.6,55.6,55.5
872,95.8,99.1,57.5,57.2,57.1,56.2,55.7,55.6,55.6
873,95.8,99,57.5,57.2,57.1,56.2,55.6,55.6,55.7
874,95.7,99.1,57.6,57.4,57.1,56.4,55.9,55.8,55.8
875,95.7,98.8,57.5,57.4,57.1,56.7,56.1,55.9,56
876,95.8,98.9,57.6,57.4,57.2,56.7,56.2,55.9,56
877,95.8,99,57.7,57.5,57.3,56.6,56.1,56,56
878,95.5,99,57.9,57.5,57.3,56.6,56.4,56.2,56.1
879,95.3,98.9,57.9,57.6,57.4,56.7,56.5,56.3,56.2
880,94.9,99.2,58.3,58.1,57.6,56.9,56.9,56.6,56.7
881,93.6,99.4,58.4,58.5,58.3,57.6,57.7,57.5,57.6
882,93.5,99.4,59,59.2,59,57.6,57.9,57.6,57.7
883,93.4,99.4,58.9,59.1,58.4,57.5,57.5,57.3,57.6
884,93.5,99.2,58.8,58.7,58.4,57.4,57.4,57.3,57.6
885,95.2,99.3,58.6,58.7,58.4,57.4,57.2,57.3,57.5
886,98.3,99.2,58.1,58.1,58.3,56.4,56.2,56.4,56.4
887,98.5,99.1,58,58.1,57.8,56.3,55.9,55.7,56.3
888,98,99.1,58,58,57.7,56.4,56,55.8,56.3
889,97.5,99.2,58.1,58,57.7,56.7,56.4,56.3,56.4
890,97.2,99.3,58.2,58,57.7,56.5,56.5,56.3,56.5
891,96.5,99.3,58.2,58,57.7,56.6,56.5,56.3,56.5
892,96.3,99.3,58.2,58,57.7,56.8,56.6,56.5,56.6
893,95.9,99.2,58.2,58.1,57.7,57,56.9,56.8,56.7
894,95,99.2,58.3,58.1,57.9,57.1,57,57,56.8
895,94.1,99.2,58.6,58.2,58.2,57.5,57.3,57.1,57.1
896,94.1,99.3,58.8,58.3,58.4,57.5,57.3,57.1,57.1
897,94.1,99.4,58.8,58.4,58.6,56.9,57.2,57,57.1
898,94.8,99.4,58.8,58.4,58.6,56.9,57.2,57,57
899,96,99.3,58.5,58.3,58.3,56.9,57.1,56.9,57
900,97.4,99.2,58.4,58.3,58,56.9,57.1,56.9,56.9
901,97.2,99.2,58.4,58.2,57.9,57,57.1,56.7,56.9
902,96.7,99.2,58.4,58.2,57.9,57,57.1,56.7,56.9
903,96.2,99.2,58.4,58.4,57.9,57.2,57.2,56.9,57
904,94.9,99.2,58.8,58.5,58.4,57.6,57.3,57.5,57.5
905,94.6,99.1,58.9,58.5,58.5,57.7,57.6,57.9,57.7
906,94.2,99,58.8,58.5,58.4,57.5,57.6,57.9,57.7
907,94.4,99.1,58.5,58.5,58.4,57.2,57.6,57.7,57.5
908,95,99,58.5,58.5,57.9,57.1,57.4,57.3,57.2
909,96.1,99,58.2,58.1,57.2,57.1,57.4,57,57
910,97.3,99,58.3,58.2,57.4,57.1,57.3,56.9,57
911,97.1,99.1,58.4,58.2,57.8,57.1,57.3,56.9,57.1
912,96.8,99.1,58.5,58.4,57.9,57.1,57.4,57,57.1
913,96,99.1,58.6,58.4,58,57.3,57.4,57.2,57.1
914,95.4,99.1,58.6,58.5,58,57.6,57.4,57.2,57.1
915,95,99.2,58.7,58.7,58.1,57.8,57.8,57.4,57.5
916,93,99.2,59,58.8,58.2,58.2,58.2,57.9,57.8
917,92.6,99.4,59,59.2,58.5,58.5,58.3,58.1,58
918,92.2,99.3,59,59.1,58.4,58.4,58,58,58.2
919,93.8,99.5,59.2,59.1,58.4,58,57.9,57.8,58.2
920,94.5,99.7,58.6,58.7,58.2,57.8,57.5,57.3,57.6
921,95.7,99.6,58.5,58.5,57.8,57.6,57.3,56.9,57.2
922,97,99.6,58.7,58.6,58,57.6,57.3,56.9,57.2
923,97,99.5,58.9,58.7,58.2,57.6,57.4,56.9,57.3
924,96.4,99.4,58.9,58.7,58.2,57.6,57.4,56.9,57.3
925,95.6,99.4,58.9,58.7,58.2,57.6,57.4,56.9,57.3
926,95.6,99.3,58.9,58.7,58.2,57.6,57.5,57.3,57.3
927,95.6,99.1,58.8,58.7,58.2,57.6,57.5,57.3,57.3
928,95.5,99.2,58.9,58.7,58.3,57.5,57.5,57.3,57.3
929,95.5,99.3,59,58.7,58.4,57.6,57.5,57.4,57.3
930,95.5,99.2,59,58.7,58.4,57.6,57.5,57.4,57.3
931,95.4,99.2,59.1,58.7,58.4,57.7,57.5,57.4,57.4
932,95,99.2,59.1,58.7,58.4,57.7,57.5,57.4,57.4
933,94.9,99.2,59.1,58.7,58.4,57.7,57.5,57.4,57.3
934,94.6,99.2,59.1,58.7,58.4,57.9,57.7,57.4,57.3
935,94.6,99.3,59.2,58.8,58.5,57.9,57.7,57.4,57.5
936,94.4,99.4,59.3,58.8,58.5,58.1,57.9,57.4,57.8
937,94.3,99.4,59.3,58.8,58.6,58.1,57.9,57.5,57.8
938,94,99,59.3,58.8,58.6,58.2,58,57.7,57.8
939,93.7,99,59.3,58.8,58.6,58.5,58,57.9,57.8
940,93.6,99,59.6,58.9,58.6,58.5,58,57.8,57.8
941,93.7,98.9,59.5,58.9,58.6,58.4,58.1,57.8,57.8
942,94.3,98.7,59.3,58.9,58.6,58.4,58,57.8,57.8
943,94.5,98.7,59.3,58.9,58.6,58.3,58,57.7,57.8
944,94.8,98.8,59.4,58.9,58.7,58.2,58.1,57.7,57.8
945,94.8,98.9,59.4,59,58.7,58.2,58.1,57.7,57.9
946,94.7,99.2,59.4,59,58.7,58.3,58.1,57.7,57.9
947,94.7,99.2,59.4,59.1,58.8,58.3,58.1,57.8,58.1
948,94.6,99.2,59.4,59.1,58.8,58.3,58.2,57.8,58
949,94.5,99.2,59.5,59.1,58.8,58.3,58.2,57.8,58
950,93.7,99.2,58.4,58.2,58.1,57.5,57,57,57.1
951,92.8,99.1,57.4,57.2,56.8,56.4,56,55.7,55.9
952,92.6,98.9,57,57.1,56.8,56.2,55.9,55.5,55.7
953,92.1,98.9,57,56.9,56.6,55.8,55.6,55.2,55.2
954,92,98.9,57,56.7,56.4,55.5,55,55,54.9
955,92,98.9,56.6,56,56.1,55.2,54.8,54.6,54.7
956,92,98.9,56.4,56,55.8,55,54.7,54.6,54.7
957,92,98.9,56.3,56,55.7,54.6,54.4,54.1,54.4
958,91.8,98.9,55.9,55.8,55.5,54.4,54.3,53.9,54
959,91.6,98.9,55.7,55.4,55.2,54.3,54,53.7,53.8
960,91.3,98.9,55.6,55.2,55.1,54.2,54,53.7,53.7
961,91,98.9,55.4,55.2,54.8,54,53.9,53.6,53.6
962,90.8,98.9,55.2,55.1,54.8,53.9,53.8,53.4,53.5
963,90.8,98.9,55.2,54.9,54.8,53.9,53.6,53.4,53.4
964,90.8,98.9,55.1,54.7,54.7,53.6,53.5,53.1,53.3
965,90.7,98.9,55.1,54.7,54.4,53.5,53.3,53,53
966,90.3,98.9,54.8,54.6,54.3,53.3,53.1,53,53
967,90.2,98.9,54.6,54.2,54.2,53,52.9,52.7,52.8
968,89.7,98.9,54.3,54,54.1,52.8,52.7,52.5,52.5
969,89.3,98.9,53.9,53.7,53.5,52.5,52.3,52.1,52
970,88.6,98.9,53.7,53.4,53.1,52.3,51.7,51.7,51.7
971,88.6,98.9,53.5,53.4,53.1,52,51.7,51.6,51.6
972,88.6,98.8,53.5,53.4,53.1,52.1,51.9,51.6,51.6
973,88.7,98.9,53.7,53.7,53.1,52.1,51.9,51.7,51.7
974,88.9,98.9,54,53.8,53.2,52.4,52.1,51.7,51.9
975,89.2,99,54.2,54,53.5,52.5,52.5,52.1,52.2
976,89.1,99,54.2,54,53.7,52.7,52.5,52.2,52.2
977,89.3,98.8,54.1,53.9,53.7,52.7,52.5,52.2,52.3
978,89.3,99.4,54.7,54.4,54.3,53,52.9,52.6,52.5
979,89.4,99.6,54.9,55.5,54.5,53.5,53.2,53.1,53.2
980,89.4,99.5,55.8,56.4,55.2,55.2,55,54.3,53.8
981,89.1,99.2,55.9,56.5,55.2,55.6,56.1,55,54.9
982,91.3,100,57.3,57.8,57.6,56.3,56.1,55.3,56
983,91.6,100,57.6,58.2,58.1,56.3,56.2,55.5,56
984,92.7,99.9,57.6,57.9,57.9,56.1,56.2,55.4,55.9
985,92.9,99.1,56.7,56.6,55.9,55.4,55.3,54.7,54.5
986,92.9,99.1,56.4,55.9,55.5,54.3,54.8,54.4,54.1
987,91.8,99.3,56,55.2,54.7,53.5,53.7,53.3,53.2
988,91.1,99.5,55.4,54.7,54.5,53.4,53.3,53,53.1
989,90.2,99.4,55,54.5,54.5,53.4,53.2,53,53
990,89.9,99.4,55.1,54.5,54.3,53.4,53.3,53,53.1
991,89.9,99.1,55.1,54.7,54.6,53.6,53.6,53.2,53.3
992,89.8,99.2,55.6,55.1,55.2,54.1,54.1,53.4,53.8
993,88.7,99,55.8,56,56,54.4,55.2,54.3,54.4
994,89,98.6,55.7,56,55.8,58,57.5,57.5,57.1
995,91.3,98.9,57.7,57.4,57.1,57.7,57.9,58,57.4
996,91.6,99.1,58.2,57.9,57.3,57.7,57.7,57.9,57
997,91.9,99.1,58.4,57.9,57.4,57.6,57.6,56.8,57
998,94,99,58.3,57.5,57.4,57.5,57.5,56.1,56.9
999,94.4,98.9,57.9,57.3,57,56.6,56.7,55.9,56.4
1000,93.3,98.8,57.4,57,56.7,56.1,55.8,55.3,56
1001,92.4,98.8,57.3,56.9,56.2,55.5,55.4,55,55.6
1002,92.1,98.8,56.7,56.4,56.2,55.5,55.4,54.8,55.4
1003,92,98.8,56.2,56.1,55.9,55.3,55.3,54.5,55.1
1004,91.9,98.9,56.3,56.1,55.8,55.1,55.2,54.5,55.1
1005,91.9,99,56.3,56.1,55.8,55.1,55.3,54.5,55
1006,91.9,99.4,56.3,56.1,55.9,55.2,55.3,54.5,54.9
1007,91.6,99.3,56.3,56.1,55.8,55.2,55.3,54.5,54.9
1008,91.5,99.3,56.3,56.1,55.9,55,55.2,54.5,54.8
1009,91.5,99.2,56.4,56.1,55.9,55,55,54.5,54.8
1010,91.5,99.2,56.2,56.1,55.8,55,55.1,54.5,54.8
1011,91.4,99.2,56.2,56.2,55.8,55,55.1,54.5,54.7
1012,90.9,99.1,56.2,56.5,55.8,55.1,55.1,54.5,54.8
1013,90.8,99.1,56.4,56.6,55.8,55.6,55.4,54.8,55.2
1014,91.3,99.1,56.5,56.6,56.6,55.9,55.4,55.9,55.1
1015,91.4,99.7,56.5,56.8,57.1,55.6,55.4,55.8,55
1016,91.4,99.1,56.7,56.7,56.6,55.6,55.5,55.7,55
1017,92.1,98.8,56.6,56.7,56.3,55.6,55.6,55.6,55.3
1018,92.1,98.9,56.6,56.6,56.3,55.6,55.6,55.5,55.3
1019,91.9,99.2,56.6,56.4,56.2,55.1,55.2,55.2,55
1020,91.9,99.3,56.6,56.4,56.2,55,55.1,54.3,54.9
1021,91.4,98.9,56.6,56.2,56,54.9,54.5,54.3,54.5
1022,91.3,99,55.9,56,55.8,54.9,54.4,53.9,54.3
1023,91.3,98.9,55.7,55.6,55.1,54.9,54.3,53.9,54.3
1024,91.3,98.9,55.7,55.6,55,54.3,54,53.5,54.2
1025,91.3,98.9,55.6,55.2,54.9,54.2,53.9,53.5,54.1
1026,91.3,98.9,55.3,55,54.9,54,53.8,53.2,53.7
1027,91.1,99,55.2,55,54.8,54,53.7,53,53.6
1028,91.1,98.9,55.2,55,54.7,53.6,53.3,53,53.4
1029,91.1,98.9,55.2,55,54.7,53.6,53.3,53,53.1
1030,91.1,98.9,55.2,55,54.6,53.5,53.3,53,53.1
1031,91,99,55.1,54.9,54.6,53.4,53.3,52.9,53.1
1032,90.8,99,55.1,54.9,54.5,53.3,53.2,52.8,53
1033,90.8,98.8,54.7,54.2,54,53.3,53,52.7,52.9
1034,90.8,98.8,54.6,54.2,54,53.4,53,52.7,52.8
1035,90.6,98.8,54.4,54.2,53.8,53.3,52.9,52.7,52.8
1036,90.6,98.6,54.3,53.8,53.8,53.2,52.8,52.6,52.5
1037,90.8,98.6,54.2,53.6,53.5,53.2,52.8,52.3,52.3
1038,90.8,98.6,54.1,53.6,53.5,52.1,52.6,51.6,52.2
1039,90.8,98.6,53.7,53.2,53,52.2,52.3,51.6,52.1
1040,90.8,98.6,53.7,53.2,52.9,52.1,51.7,51.5,52.1
1041,90.7,98.6,53.5,53.2,52.7,52.1,51.4,51.2,51.9
1042,90.5,98.5,53.3,53,52.7,51.7,51.2,51.1,51.7
1043,90.4,98.5,53.3,52.9,52.6,51.6,51.1,51,51.5
1044,90.4,98.4,53.3,52.5,52.6,51.6,51.2,51,51.5
1045,90.4,98.4,53.2,52.4,52.6,51.6,51.1,51,51.3
1046,90.4,98.4,53.1,52.4,52.6,51.6,51.6,50.9,51.3
1047,90.3,98.5,53.1,52.4,52.4,51.3,51.3,51,51.3
1048,90.4,98.6,53.2,52.4,52.4,51.2,51.3,51,51.4
1049,90.4,98.6,53.1,52.4,52.3,51.2,51.3,50.9,51.4
1050,90.2,98.6,53.1,52.4,52.4,51.7,51.3,51,51.4
1051,90.3,98.6,53.2,52.4,51.9,51.9,51.3,51,51.4
1052,90.4,98.6,53.2,52.3,51.9,51.9,50.9,51,51.2
1053,90.3,98.7,53,52.1,52,51.8,50.8,51,51.1
1054,90.3,98.9,52.9,52.3,51.9,51.4,50.8,50.5,51.1
1055,90.3,98.7,52.9,52.1,51.9,51.1,50.9,50.4,50.8
1056,90.3,98.7,52.8,52.2,51.9,51,50.8,50.3,50.8
1057,90.7,98.7,52.4,52,51.4,50.8,50.2,49.9,50.4
1058,90.6,98.7,52.1,51.4,50.3,49.5,50.1,49.6,49.2
1059,90.1,98.7,51.7,50.8,50.2,48.9,48.5,48.9,48
1060,90,98.8,51.4,50.8,50.2,48.5,48.2,47.9,47.6
1061,90,98.6,50.9,50.1,49.5,48.4,48.1,47.8,47.5
1062,90,98.7,50.9,49.7,49.5,48.5,47.5,47.8,47.6
1063,90,98.7,50.8,49.7,49.4,48.5,47.6,47.9,47.6
1064,90,98.8,50.3,49.7,49.4,48.4,47.6,47.9,47.6
1065,90,98.8,50.3,49.7,49.4,48.4,47.7,47.9,47.7
1066,90,98.7,50.2,49.7,49.5,48.5,47.6,47.9,47.7
1067,90.1,98.8,50.2,49.5,49.5,48.5,47.5,48,47.8
1068,89.9,98.9,50.1,49.5,49.4,48.4,47.5,47.9,47.7
1069,89.9,98.8,49.9,49.1,49.1,48.1,47.3,47.9,46.8
1070,89.8,98.8,49.5,48.9,49.5,47.9,46.9,46.9,46.8
1071,89.8,98.8,49.2,48.9,49.3,47.4,46.8,46.8,46.8
1072,89.8,98.8,49.8,49,49,47.3,46.8,46.7,46.8
1073,89.9,98.7,49.5,49.2,49,47.2,46.9,47,46.8
1074,89.9,98.4,49.1,49,49,47,46.7,46.8,47.1
1075,89.9,98.3,48.9,48.7,48.8,47.3,46.6,46.8,47
1076,89.7,97.8,48.6,48.6,48.1,47.1,46.5,45.8,46.9
1077,89.8,97.9,48.6,48.7,47.8,47.1,46.6,46.6,46.8
1078,89.7,97.9,48.5,48.7,47.9,46.9,46.3,46,46.8
1079,89.8,98,48.5,48.7,48.2,46.9,46.2,46,46.7
1080,90,98.4,48.5,48.8,48.5,47,46.2,46,46.7
1081,89.8,98.3,48.3,48.8,48.5,47.1,46.2,46,46.7
1082,89.1,98.4,48.4,48.7,48.4,47,46.2,46,46.5
1083,89.5,98.4,48.4,48.6,48.4,46.6,46.2,46,46.4
1084,89.4,98.4,48.5,48.5,48.3,46.8,46.2,46,46.4
1085,89.6,98.5,48.8,48.5,48.3,46.8,46.3,46.8,46.5
1086,89.5,98.4,49.1,48.6,48.4,46.8,46.3,46.8,46.5
1087,89.5,98.4,49.1,48.6,48.4,46.4,46.3,46.6,46.7
1088,89.7,98.4,49.1,48.6,47.7,46.4,46.3,46.1,46.6
1089,90.2,98.5,49.1,48.1,47.7,46.2,46.2,46,45.8
1090,90,98.6,48.5,48.1,47.7,45.8,46.1,45.8,45.5
1091,89.4,98.5,47.8,47.9,47.5,45.8,45.9,45.6,45.5
1092,89.4,98.6,47.8,47.9,47.5,45.8,45.8,45.5,45.5
1093,89.1,98.7,48,48,47.8,45.8,46,45.7,45.3
1094,89.2,98.9,48.2,47.9,48.3,45.7,46,45.8,44.9
1095,90.2,98.5,48.3,47.9,48.3,45.7,46,45.9,44.9
1096,90.1,98.6,48.2,47.8,48,45.6,46,45.8,44.9
1097,90.1,98.6,48.2,47,48,45.6,45.9,45.6,44.8
1098,90.1,98.6,48.2,46.5,47.8,45.5,46,45.5,44.8
1099,90.2,99.1,47.9,46.6,47.8,45.3,45.8,45.6,44.9
1100,93.2,99.4,68.5,56.5,53.6,66.2,64.9,65.4,63.6
