wavelength,Tim Quartz Clear 1,Tim Quartz Clear 2,Tim Quartz Clear 3,Tim Quartz Clear 4,Tim Quartz Dark 1,Tim Quartz Dark 2,Tim Quartz Dark 3,Tim Quartz Dark 4
190,7.1,6.8,6.9,6.8,2,1.9,1.9,1.9
191,6.8,6.6,6.7,6.6,1.9,1.9,1.9,1.9
192,6.6,6.5,6.5,6.5,1.9,1.9,1.8,1.9
193,6.5,6.4,6.4,6.4,1.9,1.9,1.8,1.9
194,6.4,6.3,6.3,6.3,1.8,1.8,1.8,1.8
195,6.4,6.3,6.3,6.3,1.8,1.8,1.8,1.8
196,6.3,6.2,6.2,6.3,1.8,1.8,1.8,1.8
197,6.3,6.2,6.2,6.2,1.8,1.8,1.8,1.8
198,6.2,6.1,6.1,6.2,1.8,1.8,1.8,1.8
199,6.2,6.1,6.1,6.2,1.8,1.8,1.8,1.8
200,6.2,6.1,6.2,6.2,1.8,1.8,1.8,1.8
201,6.2,6.2,6.2,6.3,1.9,1.9,1.9,1.9
202,6.3,6.3,6.3,6.4,1.9,1.9,1.9,1.9
203,6.5,6.4,6.4,6.5,1.9,1.9,1.9,1.9
204,6.6,6.5,6.6,6.6,1.9,1.9,1.9,1.9
205,6.8,6.8,6.8,6.8,1.9,1.9,1.9,1.9
206,7.1,7.1,7.1,7.1,1.9,1.9,1.9,1.9
207,7.5,7.4,7.4,7.5,1.9,1.9,1.9,1.9
208,8,7.9,7.9,8,1.9,2,2,2
209,8.6,8.5,8.5,8.6,2,2,2,2
210,9.3,9.2,9.2,9.2,2,2,2,2
211,10,9.9,9.9,10,2,2.1,2,2
212,10.8,10.7,10.7,10.8,2.1,2.1,2.1,2.1
213,11.7,11.6,11.5,11.6,2.1,2.1,2.1,2.1
214,12.6,12.4,12.3,12.4,2.1,2.1,2.2,2.1
215,13.1,12.9,12.9,12.8,2,1.9,2,1.9
216,13.7,13.5,13.5,13.5,1.9,1.8,1.8,1.8
217,14.4,14.3,14.3,14.3,1.9,1.8,1.8,1.8
218,15.3,15.2,15.2,15.2,1.9,1.8,1.8,1.8
219,16.1,16,15.9,15.9,1.9,1.9,1.8,1.8
220,16.9,16.7,16.7,16.7,1.9,1.9,1.9,1.9
221,17.7,17.5,17.5,17.5,2,2,2,1.9
222,18.4,18.3,18.2,18.2,2,2.1,2,2.1
223,19.4,19.2,19.2,19.3,2.3,2.4,2.3,2.4
224,20.2,20,19.9,20,2.5,2.6,2.5,2.6
225,20.8,20.6,20.6,20.6,2.7,2.7,2.7,2.7
226,21.3,21.1,21.1,21.1,2.9,2.9,2.9,2.9
227,21.7,21.6,21.6,21.6,3,3.1,3,3.1
228,22,21.8,21.9,21.9,3.1,3.1,3.2,3.1
229,22,22,22,22,3.1,3.2,3.2,3.2
230,22.1,22,22.1,22.2,3.1,3.2,3.2,3.2
231,22.2,22.1,22.1,22.2,3.2,3.2,3.2,3.2
232,22.2,22.1,22.1,22.2,3.3,3.3,3.3,3.3
233,22.3,22.1,22.1,22.2,3.4,3.4,3.4,3.4
234,22.4,22.1,22.1,22.2,3.6,3.6,3.6,3.6
235,22.4,22.1,22.1,22.2,3.8,3.8,3.7,3.7
236,22.4,22.2,22.1,22.2,3.9,3.9,3.9,3.9
237,22.4,22.1,22.1,22.2,4.1,4.1,4.1,4.1
238,22.4,22.1,22.1,22.1,4.3,4.3,4.2,4.2
239,22.4,22.1,22.1,22.2,4.5,4.5,4.5,4.5
240,22.5,22.2,22.2,22.3,4.8,4.8,4.8,4.7
241,22.7,22.5,22.4,22.6,5.1,5.1,5,5
242,23,22.6,22.6,22.7,5.4,5.4,5.3,5.3
243,23.1,22.9,22.8,23,5.5,5.5,5.5,5.5
244,23.3,23.2,22.9,23.4,5.7,5.7,5.7,5.7
245,23.9,23.7,23.5,23.8,5.9,5.9,5.9,5.9
246,24.6,24.4,24.3,24.4,6.4,6.4,6.3,6.3
247,25.3,25,25.1,25.2,6.8,6.8,6.8,6.7
248,26,25.7,25.5,25.9,7,7,7,7
249,26.4,26.3,26.1,26.4,7.2,7.2,7.2,7.1
250,26.9,26.8,26.6,27,7.5,7.4,7.4,7.4
251,27.8,27.5,27.4,27.6,7.8,7.8,7.7,7.7
252,28.8,28.5,28.3,28.5,8.2,8.2,8.2,8.1
253,29.7,29.5,29.4,29.5,8.6,8.6,8.5,8.5
254,30.6,30.3,30.2,30.3,9,8.9,8.9,8.8
255,31.4,31.1,30.9,31.2,9.2,9.2,9.1,9.1
256,32.2,31.9,31.7,32,9.6,9.5,9.5,9.5
257,33.2,32.7,32.5,32.9,10,9.9,9.8,9.9
258,34,33.6,33.4,33.8,10.4,10.3,10.2,10.2
259,35,34.6,34.5,34.8,10.8,10.7,10.6,10.6
260,35.8,35.2,35,35.4,11.1,11,11,11
261,36.2,35.8,35.5,35.8,11.2,11.3,11.2,11.1
262,36.4,36.1,36.1,36.1,11.3,11.3,11.2,11.2
263,36.7,36.4,36.4,36.5,11.4,11.4,11.3,11.2
264,37.2,36.8,36.8,37,11.5,11.5,11.5,11.4
265,37.7,37.1,37.2,37.4,11.7,11.7,11.6,11.6
266,38.2,37.6,37.6,37.8,11.9,11.8,11.7,11.7
267,38.6,38,38,38.2,12.1,12,11.9,11.9
268,38.9,38.3,38.3,38.5,12.3,12.2,12.1,12
269,39.1,38.5,38.5,38.7,12.3,12.2,12.1,12.1
270,39.3,38.7,38.7,38.9,12.3,12.2,12.2,12.1
271,39.5,39,38.8,39.1,12.4,12.3,12.3,12.2
272,39.7,39.2,39,39.3,12.5,12.4,12.3,12.3
273,39.8,39.3,39.2,39.4,12.5,12.5,12.4,12.3
274,39.8,39.3,39.2,39.4,12.5,12.5,12.3,12.3
275,39.8,39.3,39.1,39.4,12.4,12.4,12.3,12.2
276,39.8,39.2,39.1,39.4,12.4,12.4,12.3,12.2
277,39.8,39.4,39.2,39.4,12.4,12.4,12.3,12.2
278,40,39.5,39.3,39.5,12.4,12.4,12.3,12.2
279,40,39.5,39.4,39.5,12.4,12.4,12.3,12.2
280,40,39.5,39.4,39.5,12.4,12.4,12.2,12.2
281,40.1,39.5,39.4,39.8,12.4,12.4,12.2,12.2
282,40.3,39.6,39.5,39.9,12.4,12.4,12.2,12.2
283,40.4,39.9,39.7,40,12.4,12.4,12.2,12.2
284,40.6,40,39.9,40,12.4,12.3,12.2,12.2
285,40.6,40,39.9,40.1,12.4,12.3,12.2,12.2
286,40.6,40.2,40,40.1,12.4,12.3,12.2,12.2
287,40.9,40.4,40.3,40.4,12.4,12.3,12.2,12.2
288,41.1,40.5,40.6,40.7,12.4,12.3,12.2,12.2
289,41.3,40.9,40.8,41,12.4,12.3,12.2,12.2
290,41.7,41.3,41.2,41.3,12.5,12.4,12.2,12.2
291,42.2,41.6,41.5,41.5,12.5,12.5,12.3,12.3
292,42.5,41.9,41.8,42,12.6,12.6,12.4,12.4
293,42.7,42.1,41.9,42.1,12.6,12.6,12.4,12.4
294,43.1,42.4,42.3,42.6,12.7,12.6,12.4,12.4
295,43.5,43,42.6,43,12.8,12.7,12.6,12.5
296,43.6,43.1,42.7,43.1,12.9,12.8,12.6,12.6
297,43.7,43.4,42.9,43.4,12.9,12.8,12.6,12.6
298,44,43.5,43,43.4,12.9,12.8,12.7,12.6
299,44,43.5,43,43.4,12.9,12.8,12.8,12.6
300,44,43.5,43.1,43.4,12.9,12.9,12.8,12.6
301,44,43.5,43.2,43.4,12.9,12.9,12.8,12.6
302,44,43.5,43.2,43.5,13,12.9,12.8,12.6
303,44.3,43.5,43.4,43.6,13.1,13,12.8,12.7
304,44.5,43.6,43.6,43.9,13.2,13.1,12.9,12.9
305,44.6,43.6,43.7,43.9,13.2,13.2,13,13
306,44.8,44,43.9,44.1,13.3,13.3,13.1,13.1
307,45,44.1,44,44.3,13.5,13.4,13.3,13.2
308,45.1,44.5,44.4,44.6,13.7,13.6,13.4,13.4
309,45.3,44.6,44.5,44.8,13.8,13.8,13.6,13.6
310,45.4,44.7,44.6,45,13.9,13.9,13.7,13.7
311,45.4,44.9,44.6,45,14,14,13.8,13.8
312,45.4,44.9,44.7,45,14.2,14.1,14,13.9
313,45.5,44.9,44.7,45.1,14.3,14.2,14.1,14.1
314,45.7,45.1,45,45.2,14.5,14.5,14.3,14.3
315,45.9,45.3,45.2,45.3,14.7,14.6,14.5,14.5
316,45.9,45.3,45.2,45.4,14.7,14.7,14.6,14.5
317,45.9,45.2,45.2,45.3,14.8,14.7,14.6,14.5
318,45.9,45.2,45.2,45.3,15.1,15,14.8,14.7
319,45.9,45.3,45.2,45.6,15.3,15.2,15.1,15
320,46,45.4,45.3,45.6,15.5,15.4,15.3,15.2
321,46.1,45.4,45.4,45.6,15.7,15.6,15.4,15.3
322,46.4,45.7,45.6,45.8,16,15.9,15.8,15.7
323,46.7,46.1,46,46.3,16.3,16.2,16,16
324,46.8,46.2,46.1,46.4,16.5,16.4,16.2,16.2
325,46.7,46.1,46,46.3,16.5,16.4,16.3,16.2
326,46.4,46,45.9,46,16.6,16.5,16.4,16.4
327,46.4,45.9,45.8,46,16.8,16.7,16.6,16.5
328,46.4,46,45.7,46.1,17,16.9,16.8,16.7
329,46.6,46,45.8,46.1,17.3,17.2,17,16.9
330,46.7,46.1,45.9,46.3,17.5,17.4,17.3,17.2
331,46.9,46.3,46.1,46.5,17.7,17.7,17.5,17.5
332,47.1,46.5,46.3,46.6,18,17.9,17.7,17.7
333,47.1,46.5,46.3,46.7,18.1,18,17.9,17.8
334,47.1,46.5,46.3,46.7,18.2,18.1,18,17.9
335,47.1,46.5,46.3,46.7,18.4,18.3,18.1,18
336,47.1,46.5,46.3,46.7,18.6,18.5,18.3,18.3
337,47.1,46.5,46.4,46.7,18.8,18.7,18.5,18.5
338,47.1,46.6,46.5,46.7,18.9,18.8,18.7,18.7
339,47.1,46.6,46.5,46.8,19.1,19,18.8,18.8
340,47.2,46.6,46.6,46.8,19.3,19.2,19,19
341,47.4,46.8,46.7,46.9,19.5,19.4,19.3,19.2
342,47.6,47,46.9,47.1,19.8,19.7,19.5,19.5
343,47.7,47,47,47.2,20,19.9,19.7,19.6
344,47.7,47,47,47.2,20.1,19.9,19.7,19.7
345,47.4,46.8,46.7,46.8,20.1,19.9,19.7,19.7
346,47.2,46.5,46.5,46.7,20.1,19.9,19.7,19.7
347,47.2,46.5,46.5,46.7,20.1,20,19.8,19.8
348,47.3,46.8,46.6,46.8,20.4,20.3,20.1,20
349,47.3,46.8,46.7,47,20.5,20.4,20.2,20.2
350,47.3,46.8,46.7,47,20.7,20.6,20.4,20.3
351,47.5,46.9,46.8,47.1,20.9,20.8,20.6,20.5
352,47.6,46.9,46.9,47.1,21.1,20.9,20.7,20.6
353,47.6,46.9,46.9,47.1,21.3,21.1,20.8,20.8
354,47.6,46.9,46.9,47.1,21.3,21.2,20.8,20.8
355,47.7,47.2,46.9,47.2,21.4,21.3,20.9,20.9
356,47.7,47.2,46.9,47.2,21.4,21.3,21,20.9
357,47.5,47.1,46.9,47.2,21.5,21.4,21.1,20.9
358,47.3,46.9,46.8,47,21.5,21.3,21.1,21
359,47.4,46.9,46.9,47,21.5,21.5,21.2,21
360,47.4,46.9,46.9,47,21.6,21.6,21.3,21
361,47.3,46.5,46.7,46.7,21.6,21.4,21.2,21.1
362,47,46.1,46.2,46,21.2,21.1,20.9,21
363,46.7,46.1,45.7,45.7,21.2,21.1,20.8,20.9
364,46.6,46.1,45.7,45.7,21.2,21.1,20.8,20.9
365,46.5,46.1,45.6,45.7,21.3,21.1,20.9,20.9
366,46.6,46.1,45.7,45.9,21.3,21.2,21.1,20.9
367,46.6,46.1,45.7,46,21.3,21.2,21.1,20.9
368,46.6,46.1,45.7,46,21.4,21.2,21.1,21
369,46.6,46.1,45.8,46,21.4,21.3,21.1,21
370,46.8,46.2,46,46.2,21.5,21.3,21.2,21
371,46.8,46.2,46,46.2,21.5,21.4,21.3,21.1
372,46.7,46.1,46,46.2,21.5,21.4,21.2,21.2
373,46.7,46.1,46,46.2,21.5,21.4,21.3,21.2
374,46.7,46.2,46.1,46.3,21.6,21.5,21.3,21.2
375,46.7,46.3,46,46.3,21.6,21.5,21.3,21.2
376,46.8,46.3,46,46.3,21.7,21.5,21.3,21.3
377,46.4,45.8,46,46.2,21.5,21.4,21.2,21.1
378,46.2,45.6,45.9,46,21.3,21.1,21.1,20.8
379,45.9,45.4,45.3,45.7,21.2,21.1,20.9,20.7
380,45.8,45.4,45.3,45.7,21.2,21.1,20.9,20.7
381,45.9,45.4,45.4,45.7,21.3,21.1,20.9,20.8
382,45.9,45.4,45.6,45.7,21.3,21.2,20.9,20.9
383,45.9,45.5,45.5,45.7,21.3,21.2,20.9,20.9
384,45.9,45.3,45.4,45.5,21.3,21.2,20.9,20.9
385,46,45.2,45.4,45.5,21.3,21.2,20.9,20.9
386,46,45.2,45.4,45.5,21.3,21.2,20.9,20.9
387,46,45.2,45.4,45.4,21.2,21.1,20.9,20.9
388,45.7,45.2,45.3,45.4,21.2,21.1,20.8,20.8
389,45.7,45.2,45.1,45.3,21.3,21.1,20.8,20.8
390,46.8,46.4,46.2,46.6,21.9,21.6,21.3,21.3
391,47.6,46.8,46.8,47.2,22,21.7,21.5,21.5
392,47.8,46.9,46.9,47.2,22,21.8,21.6,21.5
393,47.8,46.8,46.9,47.2,22,21.8,21.6,21.5
394,47.8,46.9,47,47.2,22,21.8,21.6,21.5
395,47.8,46.9,46.9,47.2,21.9,21.8,21.6,21.4
396,47.7,46.9,46.9,47.2,21.9,21.7,21.5,21.4
397,47.8,47,46.9,47.2,21.9,21.7,21.5,21.4
398,47.8,47.2,47,47.3,21.9,21.7,21.5,21.4
399,47.8,47.2,47.2,47.3,21.9,21.7,21.5,21.4
400,48,47.3,47.3,47.5,21.9,21.7,21.5,21.4
401,48.1,47.5,47.4,47.6,21.9,21.7,21.5,21.4
402,48.2,47.7,47.4,47.6,21.9,21.7,21.5,21.4
403,48.4,47.8,47.5,47.8,21.9,21.7,21.5,21.4
404,48.4,47.7,47.5,48,21.9,21.6,21.5,21.4
405,48.3,47.6,47.5,48,21.7,21.6,21.4,21.3
406,48.2,47.5,47.3,47.8,21.6,21.5,21.3,21.2
407,48.2,47.6,47.3,47.7,21.6,21.4,21.2,21.1
408,48.2,47.6,47.3,47.7,21.6,21.4,21.2,21.1
409,48.3,47.6,47.6,47.8,21.6,21.5,21.2,21.1
410,48.4,47.7,47.7,47.9,21.6,21.5,21.2,21.1
411,48.3,47.7,47.7,47.9,21.5,21.4,21.2,21.1
412,48.4,47.7,47.7,47.9,21.4,21.3,21.1,21.1
413,48.5,47.8,48,47.9,21.4,21.3,21.1,21
414,48.7,48,48.1,48,21.4,21.3,21.1,21
415,48.6,48.1,48.1,48.1,21.4,21.3,21.1,21
416,48.7,48.1,48.1,48.2,21.4,21.3,21.1,21
417,48.8,48.3,48.2,48.3,21.3,21.2,21.1,21
418,49,48.6,48.3,48.5,21.3,21.2,21.1,21
419,49.2,48.7,48.6,48.8,21.3,21.2,21.1,21
420,49.4,48.8,48.7,49,21.3,21.2,21,21
421,49.5,49,48.9,49.1,21.3,21.2,21,21
422,49.5,48.9,48.8,49.1,21.1,21,20.9,20.8
423,49.4,48.9,48.7,48.9,21,20.9,20.8,20.7
424,49.4,48.9,48.7,49,21,20.9,20.8,20.7
425,49.4,48.9,48.7,49,20.9,20.9,20.7,20.6
426,49.4,48.9,48.6,49,20.9,20.7,20.5,20.5
427,49.4,48.8,48.6,48.9,20.8,20.6,20.4,20.4
428,49.4,48.8,48.7,48.8,20.7,20.6,20.4,20.4
429,49.4,48.8,48.6,48.8,20.6,20.6,20.4,20.3
430,49.4,48.8,48.7,48.9,20.6,20.5,20.3,20.3
431,49.4,48.8,48.7,48.9,20.6,20.5,20.3,20.3
432,49.4,49,48.7,49,20.6,20.5,20.3,20.2
433,49.4,49,48.7,49,20.5,20.5,20.3,20.2
434,49.5,49,48.8,49,20.5,20.5,20.3,20.2
435,49.5,49,48.8,49.1,20.5,20.4,20.2,20.1
436,49.5,49,48.9,49.1,20.5,20.3,20.2,20.1
437,49.6,49,48.9,49.2,20.4,20.3,20.1,20.1
438,49.7,49.1,49.2,49.3,20.4,20.2,20.1,20
439,49.8,49.3,49.2,49.4,20.4,20.3,20.1,20
440,49.9,49.4,49.3,49.5,20.4,20.2,20.1,20
441,50.1,49.5,49.5,49.7,20.4,20.2,20.1,20
442,50.1,49.5,49.5,49.7,20.3,20.2,20,20
443,50,49.4,49.5,49.7,20.2,20.1,20,19.9
444,49.9,49.4,49.4,49.6,20.2,20,19.9,19.8
445,50,49.5,49.4,49.6,20.2,20,19.8,19.8
446,50,49.6,49.5,49.6,20.2,20,19.8,19.8
447,50,49.7,49.6,49.7,20.1,20,19.8,19.8
448,50.1,49.7,49.6,49.7,20.1,20,19.8,19.7
449,50.1,49.6,49.6,49.7,20,19.9,19.8,19.7
450,50.1,49.6,49.5,49.7,20,19.9,19.7,19.7
451,50.1,49.6,49.5,49.7,19.9,19.8,19.6,19.6
452,50.1,49.6,49.5,49.8,19.9,19.8,19.6,19.6
453,50.1,49.7,49.6,49.8,19.9,19.8,19.6,19.6
454,50.2,49.7,49.6,49.8,19.8,19.7,19.5,19.5
455,50.2,49.6,49.5,49.8,19.8,19.6,19.4,19.4
456,50.2,49.6,49.5,49.8,19.7,19.6,19.4,19.4
457,50.3,49.8,49.6,49.9,19.7,19.6,19.4,19.4
458,50.4,50,49.6,50.1,19.8,19.6,19.4,19.4
459,50.7,50.2,50.1,50.4,19.9,19.7,19.5,19.5
460,50.8,50.4,50.2,50.5,19.9,19.7,19.6,19.5
461,50.6,50.2,50.1,50.3,19.7,19.6,19.4,19.4
462,50.2,49.7,49.7,49.8,19.5,19.4,19.2,19.1
463,50.1,49.6,49.5,49.7,19.5,19.3,19.2,19.1
464,50.1,49.7,49.6,49.7,19.5,19.3,19.2,19.1
465,50.3,49.7,49.6,49.9,19.5,19.4,19.2,19.1
466,50.5,49.8,49.8,49.9,19.5,19.4,19.2,19.1
467,50.6,49.9,49.8,50,19.5,19.4,19.2,19.1
468,50.6,49.9,49.8,50.1,19.5,19.4,19.2,19.1
469,50.5,49.9,49.8,50.1,19.5,19.4,19.2,19.1
470,50.4,49.8,49.8,50.1,19.4,19.4,19.1,19.1
471,50.4,49.8,49.8,50.1,19.4,19.3,19.1,19.1
472,50.4,49.9,49.8,50.1,19.4,19.3,19.1,19
473,50.5,50,49.9,50.1,19.4,19.3,19.1,19
474,50.6,50,50,50.2,19.4,19.3,19.1,19
475,50.6,50,50,50.2,19.4,19.2,19.1,19
476,50.6,50.1,50,50.2,19.4,19.2,19.1,19
477,50.8,50.3,50.1,50.5,19.4,19.3,19.1,19
478,50.8,50.3,50.1,50.5,19.4,19.3,19.1,19
479,50.9,50.4,50.3,50.5,19.4,19.3,19.1,19
480,50.9,50.4,50.3,50.5,19.4,19.3,19.1,19
481,51.1,50.7,50.5,50.8,19.5,19.4,19.2,19.1
482,51.6,51.2,51.1,51.4,19.7,19.6,19.4,19.3
483,52.2,51.7,51.6,51.9,19.9,19.8,19.6,19.5
484,52.5,52,52,52.2,19.9,19.8,19.6,19.6
485,51.7,51.3,51.2,51.5,19.5,19.4,19.3,19.2
486,50.9,50.4,50.4,50.7,19.2,19.1,18.9,18.8
487,51.2,50.5,50.6,50.9,19.3,19.1,19,18.9
488,51.5,50.9,51,51.2,19.4,19.2,19,19
489,51.4,50.7,50.7,51.1,19.2,19.1,18.9,18.8
490,51.3,50.6,50.6,50.9,19.2,19,18.8,18.8
491,51.6,50.9,50.9,51.3,19.3,19.2,19,18.9
492,51.7,51.1,51.1,51.4,19.3,19.2,19,18.9
493,50.9,50.3,50.3,50.6,19,18.8,18.6,18.6
494,50.6,50,49.8,50.3,18.8,18.7,18.5,18.4
495,50.6,50,49.9,50.3,18.8,18.7,18.5,18.4
496,50.8,50.3,50.3,50.5,18.9,18.8,18.6,18.5
497,51,50.4,50.4,50.6,19,18.8,18.6,18.5
498,50.9,50.2,50.2,50.6,18.9,18.8,18.6,18.5
499,50.9,50.2,50.1,50.4,18.9,18.7,18.5,18.4
500,50.8,50,50.1,50.4,18.9,18.6,18.5,18.4
501,50.8,50,50.1,50.3,18.9,18.6,18.5,18.4
502,50.9,50.2,50.2,50.5,18.9,18.7,18.5,18.4
503,51,50.3,50.4,50.6,18.9,18.7,18.5,18.4
504,51.1,50.5,50.5,50.7,18.9,18.8,18.5,18.4
505,51.2,50.5,50.5,50.8,18.9,18.8,18.6,18.4
506,51.3,50.7,50.6,50.9,18.9,18.8,18.6,18.5
507,51.5,50.7,50.8,51.1,19,18.8,18.6,18.5
508,51.7,51,50.9,51.2,19,18.9,18.6,18.6
509,51.7,51.1,51,51.3,19,18.9,18.7,18.6
510,51.8,51.2,51.1,51.4,19,18.9,18.7,18.6
511,51.9,51.2,51.2,51.5,19,18.9,18.7,18.6
512,51.9,51.2,51.2,51.5,19,18.9,18.7,18.6
513,51.9,51.3,51.2,51.5,19,18.8,18.6,18.6
514,51.8,51.2,51.1,51.4,19,18.8,18.6,18.5
515,51.8,51.3,51.3,51.6,19,18.8,18.6,18.6
516,52,51.4,51.4,51.7,19,18.9,18.7,18.6
517,52.2,51.6,51.7,51.8,19.1,19,18.7,18.6
518,52.2,51.7,51.7,51.8,19.1,18.9,18.7,18.6
519,52,51.3,51.3,51.6,18.9,18.7,18.5,18.4
520,51.8,51,51,51.3,18.8,18.6,18.5,18.3
521,51.7,51.1,51,51.3,18.8,18.7,18.5,18.3
522,51.9,51.3,51.1,51.4,18.9,18.7,18.5,18.4
523,52.2,51.6,51.4,51.7,18.9,18.8,18.6,18.5
524,52.5,51.9,51.7,52.1,19.1,18.9,18.7,18.6
525,52.6,52.2,52.1,52.5,19.1,19,18.8,18.6
526,52.7,52.3,52.2,52.5,19.1,19,18.8,18.7
527,53,52.4,52.5,52.8,19.2,19,18.8,18.7
528,53,52.6,52.6,52.9,19.1,19,18.8,18.7
529,51.9,51.4,51.4,51.6,18.7,18.6,18.4,18.3
530,51.4,50.7,50.8,51,18.5,18.4,18.2,18.1
531,51.6,51,51,51.2,18.7,18.6,18.3,18.1
532,52.2,51.6,51.5,51.8,18.9,18.7,18.5,18.4
533,52.2,51.6,51.5,51.8,18.8,18.7,18.4,18.3
534,51.7,51,51,51.3,18.6,18.5,18.2,18.2
535,51.9,51.1,51.1,51.4,18.6,18.5,18.2,18.2
536,52,51.2,51.3,51.6,18.7,18.6,18.3,18.2
537,51.9,51.1,51.3,51.5,18.7,18.5,18.3,18.2
538,51.9,51.2,51.4,51.5,18.8,18.6,18.3,18.2
539,52.4,51.7,51.7,51.9,19,18.8,18.6,18.5
540,52.9,52.4,52.1,52.4,19.1,19,18.8,18.7
541,52.9,52.2,52.2,52.4,19.1,19,18.7,18.6
542,52.1,51.5,51.5,51.7,18.8,18.7,18.4,18.3
543,51.6,51,51,51.2,18.7,18.6,18.3,18.2
544,51.4,50.9,50.9,51.1,18.6,18.5,18.2,18.1
545,51.6,51,50.9,51.2,18.7,18.5,18.3,18.1
546,51.9,51.2,51.2,51.4,18.8,18.6,18.3,18.2
547,51.8,51,51.1,51.3,18.8,18.6,18.3,18.2
548,51.5,50.8,50.9,51.2,18.7,18.5,18.3,18.2
549,51.4,50.8,50.8,51.1,18.7,18.5,18.3,18.2
550,51.7,51.1,51,51.3,18.8,18.6,18.4,18.3
551,52,51.4,51.2,51.6,18.9,18.7,18.5,18.4
552,52.2,51.5,51.4,51.7,18.9,18.8,18.5,18.5
553,52.2,51.4,51.4,51.7,18.9,18.8,18.6,18.5
554,52,51.3,51.3,51.5,18.9,18.7,18.5,18.4
555,52,51.3,51.3,51.5,18.9,18.8,18.5,18.4
556,52.1,51.4,51.5,51.6,18.9,18.8,18.6,18.5
557,52.2,51.5,51.5,51.6,19,18.8,18.6,18.5
558,52.2,51.5,51.5,51.8,19,18.8,18.7,18.6
559,52.3,51.7,51.7,51.9,19.1,19,18.8,18.7
560,54,53.4,53.4,53.7,19.4,19.3,19.2,19.1
561,55,54.5,54.5,54.7,19.6,19.5,19.4,19.3
562,55.2,54.7,54.7,54.9,19.6,19.6,19.4,19.4
563,55.4,55,54.8,55.1,19.7,19.6,19.5,19.4
564,55.5,55,54.9,55.1,19.8,19.7,19.6,19.5
565,55.8,55.3,55.2,55.3,20,19.8,19.7,19.6
566,55.6,55.2,55.1,55.3,20,19.9,19.7,19.6
567,55.4,54.9,54.9,55.1,19.9,19.8,19.7,19.6
568,55.4,54.9,54.9,55.1,19.9,19.8,19.7,19.6
569,55.5,55,55,55.2,20,19.9,19.7,19.7
570,55.6,55.1,55.1,55.2,20.1,20,19.8,19.8
571,55.6,55.2,55.2,55.5,20.2,20.1,19.9,19.9
572,55.6,55.2,55.3,55.5,20.2,20.1,20,19.9
573,55.5,55.1,55.1,55.3,20.2,20.1,19.9,19.9
574,55.5,55.1,55.1,55.3,20.2,20.1,19.9,19.9
575,55.4,55.1,55.1,55.3,20.2,20.1,19.9,19.9
576,55.4,55,55.1,55,20.2,20.1,20,19.9
577,55.4,54.8,54.8,55,20.2,20.1,20,19.9
578,55.3,54.7,54.8,55,20.2,20.1,20,19.9
579,55.3,54.7,54.8,55,20.3,20.1,20,19.9
580,55.3,54.8,54.8,55,20.4,20.3,20.1,20.1
581,55.3,54.8,54.8,55,20.5,20.3,20.2,20.2
582,55.3,54.9,54.9,55.1,20.5,20.4,20.2,20.2
583,55.4,55,55,55.2,20.6,20.5,20.3,20.3
584,55.5,55,55,55.2,20.7,20.6,20.4,20.4
585,55.5,55,55.1,55.3,20.8,20.7,20.5,20.5
586,55.6,55.1,55.1,55.4,20.8,20.7,20.5,20.6
587,55.6,55.2,55.2,55.5,20.9,20.8,20.6,20.7
588,55.8,55.3,55.4,55.6,21,20.9,20.8,20.7
589,55.8,55.3,55.5,55.6,21,21,20.8,20.8
590,55.9,55.4,55.5,55.6,21.1,21.1,20.9,20.8
591,55.8,55.3,55.4,55.5,21.1,21.1,20.9,20.9
592,55.8,55.3,55.4,55.5,21.2,21.2,20.9,20.9
593,55.8,55.4,55.4,55.7,21.4,21.3,21.1,21.1
594,56,55.5,55.5,55.7,21.6,21.5,21.3,21.2
595,56.1,55.8,55.8,55.9,21.7,21.6,21.5,21.4
596,56.1,55.8,55.8,55.9,21.7,21.7,21.5,21.5
597,56.1,55.8,55.7,55.9,21.7,21.7,21.6,21.5
598,55.9,55.4,55.4,55.7,21.7,21.7,21.5,21.5
599,55.7,55.2,55.1,55.5,21.7,21.6,21.5,21.5
600,55.7,55.2,55.3,55.5,21.8,21.7,21.6,21.5
601,55.7,55.3,55.4,55.5,22,21.9,21.8,21.7
602,56.1,55.7,55.8,55.9,22.2,22.1,22,22
603,56.4,56.1,56.1,56.3,22.5,22.4,22.3,22.2
604,56.5,56.2,56.1,56.3,22.5,22.4,22.3,22.2
605,56.5,56,56,56.1,22.5,22.4,22.3,22.2
606,56.1,55.6,55.7,55.9,22.5,22.4,22.1,22.1
607,56,55.5,55.5,55.7,22.5,22.4,22.2,22.2
608,56,55.7,55.6,55.8,22.7,22.5,22.4,22.4
609,56.3,55.9,55.8,56.1,22.9,22.7,22.6,22.6
610,56.2,55.9,55.8,56.1,22.9,22.7,22.6,22.6
611,56,55.7,55.5,55.7,22.8,22.7,22.6,22.5
612,55.9,55.5,55.4,55.6,22.8,22.7,22.6,22.5
613,55.9,55.4,55.4,55.6,22.9,22.8,22.7,22.6
614,55.9,55.4,55.4,55.7,23.1,23,22.9,22.8
615,56,55.5,55.5,55.8,23.2,23.1,23,23
616,56,55.6,55.7,55.9,23.3,23.3,23.2,23.1
617,56.1,55.7,55.7,55.9,23.5,23.4,23.3,23.2
618,56.2,55.7,55.8,55.9,23.6,23.5,23.4,23.3
619,56.2,55.8,55.8,55.9,23.7,23.7,23.5,23.5
620,56.2,55.8,55.8,55.9,23.9,23.8,23.6,23.6
621,56.2,55.8,55.8,55.9,24,23.8,23.7,23.7
622,56.3,55.9,55.9,56.1,24.1,24,23.9,23.9
623,56.4,56,56,56.2,24.3,24.2,24.1,24
624,56.5,56.2,56.2,56.4,24.5,24.3,24.2,24.2
625,56.7,56.3,56.3,56.5,24.7,24.5,24.4,24.4
626,56.7,56.4,56.4,56.6,24.8,24.7,24.5,24.5
627,56.7,56.4,56.4,56.6,24.8,24.7,24.5,24.5
628,56.7,56.2,56.3,56.5,24.8,24.7,24.5,24.5
629,56.5,56.1,56.1,56.3,24.9,24.8,24.6,24.5
630,56.5,56.1,56,56.3,25,24.9,24.8,24.7
631,56.5,56.1,56,56.3,25.1,25.1,24.9,24.9
632,56.5,56.1,56.1,56.3,25.3,25.3,25.1,25.1
633,56.5,56.1,56.2,56.3,25.5,25.5,25.2,25.2
634,56.7,56.3,56.3,56.4,25.7,25.6,25.4,25.4
635,56.6,56.2,56.3,56.4,25.7,25.6,25.5,25.4
636,56.6,56.2,56.2,56.4,25.8,25.7,25.5,25.5
637,56.6,56.1,56.2,56.4,25.9,25.8,25.7,25.6
638,56.6,56.1,56.2,56.4,26.1,26,25.8,25.7
639,56.6,56.2,56.2,56.4,26.2,26.1,25.9,25.8
640,56.6,56.2,56.2,56.4,26.3,26.3,26,26
641,56.7,56.2,56.3,56.4,26.5,26.4,26.2,26.2
642,56.7,56.3,56.3,56.4,26.7,26.5,26.4,26.3
643,56.7,56.3,56.3,56.5,26.8,26.7,26.6,26.4
644,56.7,56.3,56.4,56.6,26.9,26.9,26.7,26.6
645,56.7,56.4,56.5,56.6,27.1,27.1,26.9,26.8
646,56.9,56.5,56.5,56.7,27.2,27.1,27,26.9
647,56.9,56.5,56.6,56.8,27.3,27.3,27.1,27
648,57,56.5,56.6,56.8,27.5,27.5,27.3,27.2
649,57,56.6,56.6,56.8,27.7,27.7,27.5,27.4
650,57,56.7,56.7,56.8,27.9,27.8,27.6,27.6
651,57.1,56.7,56.7,56.9,28.1,28,27.9,27.8
652,57.1,56.7,56.7,56.9,28.2,28.1,27.9,27.9
653,57.1,56.7,56.8,56.9,28.3,28.2,28.1,28.1
654,57.1,56.7,56.8,56.9,28.4,28.4,28.1,28.1
655,57.1,56.7,56.8,56.9,28.5,28.5,28.3,28.3
656,57.1,56.7,56.8,56.9,28.8,28.7,28.5,28.5
657,57.3,56.9,57,57.1,29.1,28.9,28.8,28.8
658,57.5,57,57.2,57.3,29.3,29.2,29.1,29.1
659,57.7,57.3,57.4,57.5,29.6,29.4,29.3,29.3
660,57.7,57.3,57.4,57.6,29.7,29.6,29.5,29.3
661,57.3,57,57,57.2,29.7,29.5,29.3,29.3
662,57,56.6,56.7,56.8,29.6,29.5,29.3,29.2
663,56.9,56.5,56.6,56.7,29.7,29.5,29.3,29.3
664,56.9,56.5,56.6,56.7,29.8,29.7,29.4,29.5
665,57,56.6,56.7,56.8,30,29.9,29.7,29.6
666,57.2,56.8,56.7,56.9,30.3,30.1,29.9,29.9
667,57.2,56.8,56.9,57,30.5,30.3,30.1,30.1
668,57.3,56.9,57,57.1,30.7,30.5,30.3,30.3
669,57.4,57.1,57.1,57.2,30.9,30.7,30.5,30.5
670,57.5,57.1,57.2,57.3,31,30.9,30.7,30.7
671,57.5,57.1,57.1,57.2,31.1,31,30.8,30.8
672,57.4,57,57.1,57.2,31.1,31.1,30.9,30.9
673,57.4,57,57.1,57.2,31.4,31.3,31.1,31
674,57.4,57,57.1,57.2,31.6,31.4,31.3,31.2
675,57.5,57,57.1,57.2,31.7,31.6,31.3,31.4
676,57.5,57,57.1,57.3,31.9,31.8,31.6,31.7
677,57.6,57.1,57.2,57.4,32.2,32.1,31.8,31.8
678,57.6,57.2,57.3,57.4,32.5,32.4,32.1,32.1
679,57.7,57.4,57.4,57.6,32.7,32.6,32.4,32.4
680,57.8,57.5,57.5,57.8,32.9,32.9,32.7,32.7
681,57.9,57.5,57.6,57.8,33,32.9,32.7,32.7
682,57.7,57.4,57.5,57.6,33,32.9,32.7,32.8
683,57.6,57.2,57.2,57.4,33,32.9,32.8,32.7
684,57.5,57.1,57.2,57.4,33.1,33,32.9,32.8
685,57.5,57.1,57.1,57.3,33.3,33.2,33,32.8
686,57.5,57.1,57.1,57.3,33.5,33.4,33.1,33.1
687,57.5,57.1,57.2,57.3,33.7,33.6,33.4,33.3
688,57.6,57.2,57.3,57.4,33.8,33.8,33.6,33.6
689,57.6,57.2,57.4,57.4,34,33.8,33.7,33.7
690,57.7,57.3,57.4,57.5,34.2,34,33.9,33.9
691,57.7,57.3,57.4,57.5,34.4,34.3,34.2,34.1
692,57.7,57.3,57.4,57.5,34.6,34.4,34.3,34.3
693,57.7,57.3,57.4,57.5,34.9,34.6,34.5,34.5
694,57.7,57.4,57.4,57.5,34.9,34.9,34.6,34.6
695,57.8,57.5,57.5,57.6,35.2,35.1,34.9,34.9
696,57.9,57.6,57.8,57.9,35.5,35.4,35.2,35.2
697,58.1,57.9,58.1,58.2,35.9,35.8,35.6,35.6
698,58.6,58.1,58.4,58.5,36.3,36.2,36,36
699,58.7,58.3,58.5,58.6,36.4,36.4,36.2,36.2
700,58.5,58.3,58.5,58.5,36.4,36.3,36.2,36.1
701,57.9,57.6,57.9,57.9,36.2,36.1,35.9,35.8
702,57.5,57.1,57.3,57.3,36,35.9,35.6,35.7
703,57.4,57,57.2,57.3,36,36,35.7,35.7
704,57.6,57.2,57.3,57.3,36.2,36.2,35.9,35.9
705,57.6,57.3,57.3,57.3,36.5,36.4,36.2,36.2
706,57.8,57.3,57.5,57.5,36.8,36.6,36.5,36.4
707,57.9,57.5,57.6,57.6,37,37,36.8,36.6
708,58,57.5,57.6,57.8,37.3,37.2,36.9,36.9
709,58,57.6,57.6,57.9,37.6,37.3,37.1,37.1
710,58,57.7,57.7,57.9,37.6,37.5,37.3,37.3
711,58,57.7,57.7,57.9,37.7,37.7,37.5,37.4
712,58,57.7,57.7,57.9,38,37.7,37.6,37.4
713,58,57.7,57.7,57.9,38.1,37.8,37.7,37.7
714,58,57.7,57.7,57.9,38.2,38,37.9,37.8
715,58,57.7,57.7,57.9,38.4,38.3,38.1,38.1
716,58,57.7,57.7,57.9,38.6,38.4,38.3,38.2
717,57.9,57.6,57.7,57.9,38.7,38.4,38.3,38.3
718,57.9,57.5,57.6,57.7,38.6,38.4,38.3,38.3
719,57.7,57.3,57.3,57.4,38.6,38.4,38.2,38.2
720,57.4,57.2,57.2,57.4,38.6,38.5,38.2,38.2
721,57.4,57.2,57.2,57.4,38.7,38.6,38.4,38.4
722,57.5,57.2,57.3,57.4,38.8,38.7,38.6,38.5
723,57.6,57.2,57.3,57.4,39.1,39,38.7,38.7
724,57.6,57.3,57.5,57.5,39.2,39.1,38.9,38.9
725,57.7,57.5,57.6,57.7,39.4,39.3,39.1,39.1
726,57.9,57.8,57.8,57.9,39.6,39.4,39.4,39.3
727,58.2,58,58,58.1,39.8,39.8,39.6,39.5
728,58.5,58.3,58.3,58.4,40.2,40.1,39.9,39.8
729,58.6,58.5,58.5,58.6,40.3,40.3,40,40.1
730,58.7,58.6,58.5,58.7,40.5,40.5,40.4,40.4
731,58.8,58.7,58.7,58.8,40.8,40.7,40.7,40.8
732,58.9,58.8,58.7,59,41.1,41.1,41,41
733,59,58.8,58.9,59.1,41.3,41.3,41.1,41.1
734,59,58.8,58.8,59.1,41.4,41.3,41.3,41.3
735,58.9,58.7,58.8,59,41.5,41.4,41.4,41.3
736,58.7,58.7,58.5,58.8,41.6,41.4,41.3,41.3
737,58.6,58.5,58.4,58.6,41.6,41.5,41.4,41.5
738,58.5,58.3,58.3,58.5,41.9,41.8,41.6,41.5
739,58.5,58.3,58.4,58.5,42,41.9,41.7,41.8
740,58.5,58.2,58.4,58.5,42.3,42.4,41.9,42
741,58.6,58.4,58.4,58.6,42.6,42.5,42.2,42.2
742,58.6,58.5,58.5,58.6,42.8,42.6,42.2,42.3
743,58.6,58.4,58.4,58.6,42.8,42.6,42.5,42.3
744,58.6,58.4,58.4,58.5,43,42.7,42.6,42.5
745,58.6,58.4,58.4,58.5,43.1,42.9,42.7,42.8
746,58.6,58.4,58.4,58.4,43.5,43.1,43,43.1
747,58.7,58.4,58.4,58.6,43.6,43.3,43.2,43.2
748,58.7,58.4,58.5,58.6,43.7,43.6,43.4,43.3
749,58.7,58.4,58.5,58.6,43.8,43.6,43.5,43.3
750,58.7,58.5,58.5,58.6,44.1,43.9,43.7,43.6
751,58.7,58.5,58.5,58.6,44.2,44,43.8,43.6
752,59,58.5,58.5,58.6,44.3,44.1,44,43.8
753,59,58.5,58.5,58.6,44.3,44.1,44,43.8
754,59,58.5,58.5,58.7,44.4,44.3,44,43.9
755,58.9,58.5,58.7,58.7,44.4,44.3,44.1,44.2
756,59,58.5,58.7,58.7,44.6,44.5,44.2,44.2
757,58.9,58.4,58.6,58.7,44.6,44.6,44.3,44.2
758,58.9,58.5,58.6,58.7,45.2,44.7,44.7,44.5
759,59.1,58.5,58.6,58.9,45.3,44.8,44.7,44.6
760,59.1,58.5,58.6,58.9,45.3,44.9,44.7,44.7
761,59.1,58.5,58.7,58.9,45.6,45.4,44.8,44.9
762,59.2,58.6,58.7,58.9,45.6,45.4,45,45.2
763,59.2,58.8,58.8,59,45.9,45.8,45.5,45.4
764,59.6,59.3,59.3,59.4,46.5,46.5,46.2,46.1
765,60,59.7,59.8,59.9,46.9,46.9,46.8,46.6
766,59.9,59.6,59.8,59.9,46.9,46.9,46.7,46.6
767,59.1,58.8,58.7,58.9,46.5,46.6,46,46.3
768,58.6,58.6,58.4,58.3,46.3,46.1,45.8,46
769,58.6,58.5,58.2,58.4,46.3,46.2,45.9,45.9
770,58.6,58.5,58.1,58.4,46.2,46.1,45.9,46.1
771,58.8,58.6,58.6,58.4,46.6,46.1,45.9,46.1
772,58.8,58.5,58.6,58.4,46.6,46.5,46,46.2
773,58.8,58.5,58.6,58.5,46.7,46.9,46.3,46.4
774,58.7,58.5,58.5,58.5,46.7,46.9,46.3,46.4
775,59,58.5,58.6,58.6,46.9,46.9,46.6,46.6
776,59.2,58.5,58.7,58.7,47.3,47,46.8,46.8
777,59.3,58.7,58.9,58.7,47.3,47.1,46.8,46.8
778,59.3,58.7,58.9,58.7,47.3,47.1,46.8,46.9
779,59.3,58.8,58.9,58.8,47.6,47.8,47.1,47.1
780,59.3,58.8,58.9,58.9,47.6,47.8,47.2,47.4
781,59.4,58.9,59,59,47.8,47.8,47.9,47.6
782,59.4,58.9,59,59,48,47.8,47.9,47.6
783,59.4,58.9,59.4,59.3,48.1,48.2,47.9,47.7
784,59.4,58.9,59.3,59.3,48.9,48.7,48.4,47.8
785,59.4,58.9,59.4,59.3,49,48.7,48.4,47.8
786,59.2,58.7,59.3,59.2,49,48.7,48.5,48.1
787,59.1,58.6,59,58.9,48.9,48.7,48.4,48.3
788,58.4,58,58.2,58.3,48.3,48.5,48.3,48.1
789,58.1,57.7,57.7,58,48.2,48.3,47.8,47.8
790,57.8,57.3,57.3,57.8,48.2,48,47.8,47.4
791,57.4,57,57.1,57.4,47.6,47.6,47.5,47.1
792,57.3,56.8,56.8,57.1,47.4,47.4,47.2,46.8
793,57.2,56.8,56.8,57,47.4,47.3,47,46.8
794,57.2,56.8,56.9,57.1,47.5,47.4,47.1,46.9
795,57.6,57.3,57.3,57.5,47.9,47.6,47.5,47.4
796,58.2,57.9,57.9,58,48.5,48.3,48.2,48
797,58.5,58.6,58.6,58.7,49.2,49,48.8,48.7
798,59.2,59.1,59,59.3,49.8,49.6,49.3,49.4
799,59.9,59.5,59.5,59.5,50.2,50.1,49.8,49.9
800,60,59.7,59.8,59.7,50.6,50.5,50.1,50.2
801,60,59.8,59.8,59.9,51.1,50.8,50.6,50.6
802,60.1,60,60,60.1,51.3,51.2,51,50.9
803,60.4,60,60.2,60.3,51.6,51.5,51.3,51.3
804,60.5,60.2,60.3,60.6,52,51.9,51.7,51.6
805,60.6,60.3,60.4,60.6,52.2,52,51.7,51.8
806,60.8,60.4,60.6,60.7,52.3,52.2,52,52.1
807,60.9,60.6,60.6,60.8,52.6,52.4,52.2,52.2
808,60.9,60.6,60.6,60.8,52.7,52.6,52.4,52.2
809,60.9,60.6,60.6,60.8,52.9,52.7,52.4,52.2
810,60.9,60.6,60.6,60.8,52.9,52.8,52.5,52.4
811,60.9,60.6,60.7,60.8,52.9,52.8,52.6,52.5
812,61,60.6,60.7,60.7,52.9,52.8,52.6,52.6
813,60.9,60.6,60.7,60.7,53,52.9,52.7,52.6
814,60.9,60.6,60.8,60.7,53,52.9,52.8,52.8
815,60.8,60.6,60.6,60.8,53.2,53.1,52.9,53
816,60.8,60.6,60.7,61,53.2,53.1,53.1,53
817,60.8,60.6,60.8,61,53.2,53,53.2,53
818,61,60.7,60.8,61,53.6,53.2,53.5,53.2
819,61.2,60.8,60.8,61,54.2,53.9,53.6,53.3
820,61.5,60.9,60.9,61.1,54.3,54,53.7,53.7
821,61.7,61.4,61.3,61.3,55.2,54.5,54.4,54.4
822,62.4,62.3,62.2,62.3,56.2,55.8,55.8,55.7
823,64.1,63.7,63.7,63.8,57.9,57.7,57.7,57.4
824,65,64.6,64.4,64.1,58.7,58,58.8,58.3
825,65,64.6,64.4,64.6,58,57.7,58.8,58.1
826,62.5,61.8,61.9,62.2,56.2,54.8,55.6,55.3
827,59.4,58.9,59.1,59.3,53.3,52.4,52.5,52.6
828,58.7,58.5,58.5,58.8,52.9,52.2,52.3,52.4
829,59.9,60,60.1,60.3,54.2,53.9,54,54.1
830,60.7,60.5,60.7,60.7,54.5,54.2,54.3,54.4
831,59.7,59.4,59.6,59.6,53,52.8,52.8,52.9
832,58.4,58,58,58.2,52,51.6,51.8,51.5
833,58,57.7,57.7,58.1,52.6,52.3,52.1,52
834,59.6,59.1,59.5,59.5,54.2,54,53.8,53.8
835,61.5,61,61.1,61.3,56.1,55.9,55.7,55.7
836,62.3,62,62,62.1,56.6,56.4,56.3,56.1
837,61.7,61.5,61.4,61.5,55.5,55.3,55.2,55
838,59.9,59.8,59.7,59.7,53.7,53.5,53.3,53.4
839,59,58.4,58.4,58.5,52.6,52.6,52.4,52.7
840,58.7,58.4,58,58.4,52.7,52.7,52.6,52.7
841,59.3,58.9,58.5,58.9,53.5,53.7,53.6,53.6
842,60,59.8,59.6,60.1,54.7,54.5,54.4,54.2
843,60.6,60,60,60.4,55,54.7,54.6,54.4
844,60.4,59.7,59.9,60.3,55,54.6,54.6,54.4
845,60.1,59.3,59.8,59.6,54.8,54.5,54.3,54.2
846,60.1,59.3,59.7,59.6,54.9,54.4,53.9,53.9
847,60.1,59.4,59.8,59.6,54.8,54.5,54,54.1
848,60.1,59.7,59.8,59.7,54.9,54.6,54,54.2
849,60.2,59.7,59.8,59.8,54.9,55,54.4,54.1
850,60.3,59.8,59.8,59.8,54.9,55.1,54.6,54.4
851,60.6,60.1,60,59.7,55.2,55.3,55,54.5
852,60.8,60.2,60.1,59.8,55.6,55.5,55.9,54.5
853,60.8,60.2,60.1,60.2,55.6,55.5,55.8,54.8
854,60.8,60.2,60.2,60.2,56,55.8,55.7,55.3
855,60.6,60.2,60.2,60.2,56.4,55.8,55.8,55.3
856,60.6,60.2,60.2,60.1,56.4,55.9,55.8,55.3
857,60.7,60.3,60.6,60.2,56.4,56,55.7,55.3
858,60.7,60.5,60.6,60.4,56.3,56,55.7,55.4
859,60.7,60.4,60.5,60.4,56,56,55.8,55.4
860,60.7,60.7,60.9,60.5,55.9,56.1,56.1,55.4
861,60.9,60.7,61,60.6,55.9,56.5,56.1,55.9
862,61.1,60.7,61,60.8,56,56.5,56.3,56.1
863,61.1,60.7,61,60.8,56.5,56.7,56.6,56.5
864,61.2,60.7,61,60.8,57.5,57,56.8,56.6
865,61.2,60.9,61,60.9,57.7,57,56.8,56.6
866,61.3,60.9,61,60.9,57.6,57,56.8,56.6
867,61.3,61.1,61,61.1,57.6,57.2,56.8,56.7
868,61.3,61.2,61.1,61.1,57.6,57.3,56.8,56.8
869,61.3,61.2,61.1,61.2,57.6,57.3,56.9,56.8
870,61.3,61.3,61.1,61.3,57.6,57.3,56.9,56.8
871,61.3,61.4,61.2,61.5,57.7,57.4,57.1,57.2
872,61.5,61.5,61.3,61.5,57.7,57.7,57.2,57.2
873,61.6,61.5,61.4,61.5,57.9,57.8,57.5,57.3
874,61.6,61.8,61.7,61.6,57.9,57.8,57.5,57.5
875,61.7,61.7,61.8,61.7,58.1,57.9,57.7,57.8
876,61.8,61.7,61.8,61.9,58.1,58,57.8,57.8
877,61.8,61.7,61.8,61.9,58.2,58.1,57.8,57.9
878,61.9,61.8,61.8,61.9,58.5,58.2,58.1,57.9
879,62.2,61.9,62,62,58.8,58.7,58.5,58.3
880,62.3,62.4,62.3,62.4,59.5,59.4,59.4,59.2
881,63.4,63.4,63.4,63.4,60.5,60.4,60.6,60.5
882,65.2,64.9,65.3,65,61.8,62.6,62.5,62.9
883,66,67.3,66,66,64,63.8,62.7,63.7
884,66.2,68,66.6,66.1,64,63.7,63.2,63.5
885,65.3,66.4,65.2,65.4,61,60.6,60.7,60.9
886,60.7,61.7,61,61.2,56.9,56.9,57.1,57
887,57.6,58.4,58,58.2,54.2,53.9,54.2,54
888,56.8,57.3,57.1,57.5,54.1,53.8,53.9,53.8
889,57.9,57.9,57.9,58.2,54.9,54.8,54.8,54.9
890,58.9,58.8,59,59,56,55.6,55.9,55.9
891,59.5,59.4,59.5,59.8,56.6,56.5,56.6,56.7
892,60.1,60,60,60.2,57.2,57,57.1,57.1
893,60.4,60.3,60.2,60.4,57.6,57.4,57.4,57.4
894,60.8,60.8,60.7,60.9,58,57.7,57.7,57.8
895,61.7,61.7,61.3,61.5,58.9,58.5,58.7,58.9
896,62.8,63,62.1,62.8,60.6,60.4,60.5,60.4
897,64.3,64.2,63.5,64.3,60.7,60.6,60.9,60.6
898,64.1,63.9,63.4,64.3,60.5,60.2,60.4,60.3
899,61.8,61.7,61.4,61.8,58.6,58.4,58.6,58.5
900,59.8,59.7,59.5,60,56.8,56.5,56.5,56.6
901,59.1,58.8,58.9,59.1,56.5,56.3,56.3,56.4
902,59.2,59.1,59.1,59.4,56.9,56.8,56.7,56.7
903,59.9,59.7,59.9,60.1,57.6,57.5,57.6,57.6
904,61.1,61,61,61.2,58.9,58.7,58.8,58.7
905,63.3,63.2,62.9,63.6,61.8,61.2,61.2,61
906,63.7,64,64,64.6,62.6,62.5,62.5,62.5
907,64.1,64,64.1,64.7,62.5,62,61.8,61.8
908,62.1,62.1,62.6,62.5,59.2,59.1,59,59
909,59,59.1,59.3,59.4,56.5,56.5,56.1,56.3
910,57.9,57.8,58,58,55.8,55.8,55.6,55.5
911,58.6,58.3,58.7,58.6,56.7,56.5,56.3,56.2
912,59.7,59.5,59.7,59.7,57.4,57.7,57.4,57.3
913,60.6,60.5,60.6,60.7,58.4,58.5,58.3,58.4
914,61.3,61.4,61.3,61.4,59.3,59.2,59.3,59.2
915,62.2,62,62.1,62.2,60.1,59.9,60.1,60.1
916,63.5,63.3,63.7,63.6,61.4,61.3,61.7,61.5
917,65.5,65.2,65.2,65.7,62.9,62.5,62.7,62.7
918,65.7,65.4,65.4,65.9,63.3,63.4,63.1,63.9
919,65.3,64.8,64.9,65.5,62.1,62.3,62.1,62.3
920,62.2,61.8,61.9,62.2,58.7,58.7,58.7,58.9
921,59.1,58.8,58.9,59.1,56.2,56.2,56,55.9
922,58,57.8,57.9,58.1,55.8,55.7,55.5,55.4
923,58.5,58.4,58.4,58.6,56.8,56.7,56.6,56.5
924,59.5,59.3,59.3,59.4,57.6,57.5,57.4,57.3
925,59.6,59.9,59.7,59.9,58,57.8,57.8,57.6
926,60,60,59.9,60.1,58,57.9,57.8,57.6
927,60.3,60.6,60.2,60.4,58.5,58.1,58,57.8
928,60.5,60.7,60.4,60.7,58.8,58.5,58.5,58
929,61.2,60.8,60.7,60.8,58.9,58.5,58.6,58.2
930,61.2,61,60.7,60.9,59.2,58.8,58.8,58.7
931,61.4,61.2,61.2,61.5,59.5,59.2,59,59.1
932,61.5,61.5,61.3,61.8,59.9,59.7,59.5,59.6
933,61.5,61.5,61.5,61.9,59.9,59.8,59.5,59.7
934,61.6,61.6,61.6,62,60,59.8,59.6,59.7
935,61.6,61.6,61.6,62,60,59.9,59.7,59.7
936,61.8,61.8,61.7,62,60,60.2,60,59.7
937,62.5,62.2,62.2,62.6,60.8,60.6,60.2,60.1
938,63.3,62.9,63.1,63.2,61.5,61.5,61,61
939,63.8,63.7,63.4,63.7,62.1,61.9,61.6,61.9
940,63.7,63.6,63.6,63.8,62.4,61.9,61.8,61.9
941,63.2,63.5,63.4,63.6,62.1,61.9,61.5,61.6
942,62.5,62.7,62.6,62.9,61,61.1,60.5,60.5
943,61.9,61.8,62.1,62,60.7,60.4,60.2,60.1
944,61.7,61.6,61.8,61.9,60.3,60.2,60.1,60
945,61.8,61.6,61.8,61.9,60.3,60.2,60.2,60
946,62.1,61.8,62.1,62.1,60.6,60.4,60.4,60
947,62.3,62.2,62.2,62.2,60.7,60.6,60.4,60.4
948,62.3,62.2,62.3,62.2,60.6,60.6,60.4,60.4
949,62.3,62.2,62.3,62.2,60.6,60.6,60.4,60.4
950,61.2,61,60.9,61,58.2,58.2,58.1,57.4
951,59.8,59.5,59.5,59.5,55.9,56,55.8,55.4
952,59.4,59.2,59.3,59.3,55.3,55.5,54.9,55
953,59.2,59.1,58.8,58.9,55.3,55.2,54.7,54.9
954,58.3,58.2,58,58.4,54.2,54.1,53.6,53.8
955,57.3,57.2,57.1,57.1,52.9,52.9,52.3,52.4
956,56.6,56.4,56.3,56.5,52.1,52.1,51.7,51.6
957,56.4,56,56.1,56.3,51.7,51.7,51.3,51.3
958,56.3,56,56,56.2,51.4,51.4,51.1,51.2
959,56.4,56,56,56.2,51.3,51.3,51,50.9
960,56.4,56.1,56.2,56.3,51.2,51.1,51,50.8
961,56.6,56.3,56.3,56.4,51.2,51,50.8,50.7
962,56.6,56.5,56.3,56.5,51.2,51,50.8,50.6
963,56.8,56.6,56.4,56.6,51.1,50.8,50.6,50.4
964,56.9,56.6,56.6,56.8,51,50.8,50.5,50.4
965,57,56.7,56.6,56.8,50.9,50.7,50.4,50.3
966,57.1,56.8,56.8,56.8,50.7,50.4,50.2,50
967,57.1,56.9,57,56.9,50.4,50.2,50,50
968,57.3,57,57,57,50.3,49.7,49.7,49.5
969,57.7,57.3,57.4,57.4,49.5,49.5,49.1,49.1
970,58.1,57.6,57.8,57.9,49.1,48.8,48.8,48.5
971,58.1,57.6,57.7,57.8,48.5,48.1,48.4,48.1
972,58.1,57.6,57.7,57.6,48.2,48.1,48.1,47.9
973,57.5,57.3,57.1,57.3,48.3,48.1,48.1,47.9
974,57.5,57.2,57,57.1,48.8,48.3,48.3,48.2
975,57.4,56.9,56.9,56.8,48.9,49,48.6,48.4
976,57,56.9,56.9,56.6,48.9,49,48.9,48.7
977,57,56.9,56.8,56.6,49,49,49,48.7
978,57.4,57.2,57.1,57.4,49.3,49.3,49.4,49.1
979,57.9,57.8,57.8,57.9,50.2,50.1,50.4,50.2
980,59.5,59.8,59.8,59.8,52.8,52.7,52.8,52.9
981,61.7,62.2,62.8,62.7,55.3,55.2,55.4,55.4
982,62.3,62.7,63.4,62.9,58.5,57.9,58.2,57.2
983,61.5,61.6,62.6,62.3,57.1,56.3,56.2,55.8
984,56.5,56.5,57.2,56.8,51.9,52.3,52.2,51.6
985,53,53,53.5,53,49,49.4,49.1,48.5
986,51.7,51.5,51.8,51.6,48.2,47.9,47.8,48.2
987,52.7,52.2,52.5,52.4,48,47.7,47.4,47.6
988,54.1,53.9,54.1,54.1,48,47.7,47.4,47.4
989,55.1,54.8,55,54.9,48.2,47.9,47.6,47.6
990,55.9,55.8,55.9,55.9,49.3,49,48.6,48.7
991,56.8,56.7,56.7,56.9,50.4,50.2,50,49.8
992,57.7,57.3,57.4,57,50.9,51.6,51.2,51.1
993,58.4,58.4,58.2,58.2,52.7,53.3,53,53.1
994,61.4,61.2,61.5,61.5,56.7,57.4,56.7,57.1
995,63.2,63.2,63.9,62.9,58.9,61.1,59.7,59.9
996,63.1,63.1,63.7,63.4,58.9,60.5,59.6,60
997,59.4,59,59.5,60,55,56,55.5,55.9
998,54.7,54.2,54.8,55.1,51.7,51.9,51.5,51.6
999,52.4,52,52.6,52.7,50.9,50.4,50.7,50.1
1000.00,52.2,52.2,52.3,52.3,50.2,49.6,50.2,50
1001.00,53.6,53.4,53.6,53.7,50.2,49.7,50.2,49.9
1002.00,55,54.9,54.5,55.1,50.2,50,50.2,49.9
1003.00,55.8,55.7,55.6,55.5,50.7,50.2,50.5,50.5
1004.00,56.2,56.2,56.1,55.6,51,50.6,50.7,50.6
1005.00,56.4,56.6,56.6,56.7,51.3,51.2,50.8,51
1006.00,56.5,56.7,56.6,56.8,51.3,51.2,50.9,51.1
1007.00,56.5,56.7,56.6,56.8,51.3,51.2,50.9,51
1008.00,56.7,56.6,56.6,56.8,51.3,51.4,51.2,51
1009.00,56.7,56.6,56.6,56.8,51.3,51.4,51.2,50.8
1010.00,56.8,56.9,57.3,56.8,51.3,51.4,51.3,50.8
1011.00,56.9,56.9,57.4,56.9,51.5,51.5,51.6,51.1
1012.00,57.3,57.4,57.7,57.4,52,51.8,51.8,51.7
1013.00,57.6,57.7,58,58.3,52.7,52.6,52.2,52.5
1014.00,57.7,57.8,58,58.3,53,52.7,52.3,52.5
1015.00,57.5,57.4,57.8,58.3,52.8,52.5,52.2,52.2
1016.00,56.5,56.6,57.2,57.5,51.7,52.1,51.3,51.3
1017.00,56.2,56.2,56.2,56.4,51.1,51.5,51.3,50.7
1018.00,56.1,56,56.1,56.4,50.6,50.9,50.7,50.2
1019.00,56.1,56,56.1,56.3,50.3,50.2,50.6,49.7
1020.00,56.1,56,56,56.2,49.9,49.8,50.2,49.4
1021.00,56.1,56,55.9,56.2,49.5,49.4,49.7,49.1
1022.00,55.9,56,55.9,56.2,49.5,49.3,49.1,48.9
1023.00,55.9,55.9,55.7,56,49.3,49.1,48.4,48.3
1024.00,55.9,55.9,55.7,56,49,48.7,48.4,48.2
1025.00,55.9,55.9,55.6,55.9,48.4,48.4,48,48.1
1026.00,55.9,55.8,55.7,55.8,48.1,48.1,48,47.9
1027.00,55.9,55.8,55.6,55.9,48.1,48,47.5,47.7
1028.00,55.9,55.7,55.6,55.8,48,47.9,47.2,47.2
1029.00,55.9,55.6,55.6,55.7,47.3,47.6,47,47
1030.00,55.8,55.4,55.5,55.7,47.1,47.5,46.8,46.9
1031.00,55.8,55.4,55.4,55.7,47.1,47.4,46.8,46.5
1032.00,55.6,55.3,55.4,55.7,47.1,47.2,46.6,46.5
1033.00,55.4,55.3,55.4,55.2,47.1,47,46.6,46.2
1034.00,55.4,55.3,55.4,55.2,46.7,46.7,46.2,46
1035.00,55.2,55.2,55.4,55.2,46.4,46.6,46.1,45.8
1036.00,55.1,55.2,55.4,55.2,46.1,46.3,46,45.2
1037.00,55.1,55.1,55.4,55.2,45.5,45.6,45.5,45.2
1038.00,55.1,55,55.3,55.2,45.1,45.3,45.1,44.8
1039.00,55,54.9,54.9,55,44.4,44.2,43.9,43.7
1040.00,55,54.7,54.8,54.4,43.8,43.9,43.5,43.3
1041.00,54.7,54.2,54.2,54.3,43.6,43.4,43.2,43.1
1042.00,54.4,53.6,54.1,54.1,43.4,43.1,43.1,42.9
1043.00,54.1,53.6,53.9,53.8,43.1,42.7,42.6,42.9
1044.00,54.1,53.6,53.8,53.6,43.1,42.8,42.6,42.8
1045.00,53.9,53.5,53.8,53.6,42.9,42.6,42.5,42.5
1046.00,53.7,53.2,53.8,53.2,42.5,42.5,42.1,42.2
1047.00,53.4,52.9,53,53.1,42.4,42,42.1,41.5
1048.00,53.4,53,53,53.1,42.1,41.9,42.1,41.5
1049.00,53.4,53,53,53.1,42,41.9,42,41.8
1050.00,53.4,53.1,53.1,53.1,42,41.9,41.8,41.7
1051.00,53.4,53,53.1,53.5,42,41.9,41.6,41.6
1052.00,53.3,52.8,53.1,53.5,41.9,42,41.6,41.5
1053.00,53.3,52.9,53.1,53.5,41.8,41.9,41.5,41.2
1054.00,53.5,52.9,53.2,53.5,41.5,41.5,41.4,41.2
1055.00,53.5,52.8,53.1,53.5,40.6,40.4,40.1,40.4
1056.00,53.4,52.6,52.6,53.2,40.2,39.3,39.5,39
1057.00,53.1,52.5,52.5,52.4,39.3,38.4,39,38.7
1058.00,52.6,52.3,52.4,52.4,37.7,37.6,37.2,37.9
1059.00,52.4,52.3,52.4,52.4,36.2,36,35.8,36.1
1060.00,52.4,52.2,52.4,52.3,35.2,35.1,34.6,34.7
1061.00,52,52.1,51.7,51.9,34.5,33.8,34.2,33.8
1062.00,50.8,51.4,51.4,51.2,33.9,33.3,33.1,33.1
1063.00,50.4,50.8,50.1,50.6,33.4,33.3,33,32.9
1064.00,49.8,50.5,50.1,50.1,33.7,33.3,33.2,32.8
1065.00,49.8,50.3,50.1,49.9,33.8,33.4,33.2,32.9
1066.00,49.8,50,50.1,49.7,33.7,33.4,33.2,32.9
1067.00,49.9,50,50.2,50.2,33.8,33.4,33.2,32.9
1068.00,49.9,50,50.4,50.5,33.7,33.3,33.2,32.8
1069.00,50,50,50.3,50.3,33.6,33.2,32.9,32.6
1070.00,50,49.9,50.3,50.2,33.1,32.4,32.1,32
1071.00,50,49.9,49.9,50.2,32.5,32.4,32.1,31.7
1072.00,49.8,49.8,49.3,49.2,32.2,31.4,32.1,31.5
1073.00,49.7,49.5,49.2,49,32.1,31.4,32.1,31.4
1074.00,49.7,49.4,48.8,49,32.1,31.2,31.6,31.5
1075.00,49.4,49.2,48.2,49.1,31.5,31.2,30.4,31.2
1076.00,49.3,49.1,48.6,49.1,31.5,30.9,30.4,30.8
1077.00,49.2,49.1,48.4,49.1,31.4,30.8,30.3,30.5
1078.00,49.2,48.8,48.6,48.7,30.6,30.9,30.4,30.2
1079.00,49.2,48.7,48.4,48.7,30.6,30.8,30.3,30.2
1080.00,49.1,48,48.4,48.6,30.7,30.6,30.4,29.7
1081.00,48.7,47.6,48.3,48.7,30.3,30.6,30.3,29.8
1082.00,48.6,47.6,48.2,48.5,30.2,30.6,30.1,29.7
1083.00,48.6,47.4,48.2,48.7,29.8,30.2,30.1,29.7
1084.00,48.1,47.4,48.1,48.5,29.8,30,29.9,29.4
1085.00,48.5,47.5,48.8,48.6,29.9,30,29.8,29.5
1086.00,49.3,48.7,49.6,49.7,30.9,30.2,29.9,30.1
1087.00,49,48.7,49.5,48.8,30.8,29.9,29.3,29.3
1088.00,47.3,47.7,48.4,47.1,30.1,29.7,28.8,28.9
1089.00,46.4,46.2,46.2,46.6,29.1,28.5,27.9,28.4
1090.00,46.1,46.2,45.8,46.6,27.4,27.3,27.7,27.5
1091.00,45.9,46.2,45.8,46.3,27.3,26.8,27.5,27.3
1092.00,46.1,46.4,45.9,46.4,27.2,26.8,27.4,27.1
1093.00,46.1,46.3,45.9,46.4,27.3,26.8,27.6,27
1094.00,46,46.2,45.7,46.5,27.3,26.8,27.4,27.2
1095.00,46,46.1,45.7,46.5,27.4,26.8,27.7,27.1
1096.00,46,45.2,45.1,45.8,26.8,26.9,26.9,27.1
1097.00,45.9,44.8,44.8,45.3,26.7,26.8,26.8,26.3
1098.00,45.8,44.5,44.8,45.5,26.6,26.8,26.7,26.4
1099.00,45.5,43.8,43.9,45.1,25.3,25.8,26.5,25
1100.00,55.3,65.6,66.4,60.2,61.7,54,66.3,54.7
