Wavelength,PreheatTrans,PostheatTrans,Irrad1Trans,Irrad2Trans,Irrad3Trans,Irrad4Trans,Irrad5Trans,Irrad6Trans,Irrad7Trans,Irrad8Trans,Irrad9Trans,Irrad10Trans,Irrad11Trans,Irrad12Trans,Irrad13Trans,Irrad14Trans,Irrad15Trans
0,0,0,1800,3600,5400,7200,9000,27000,45000,63000,81000,99000,199000,271882,355421,435829,514994
190,1.93,2.08,0.78,0.65,0.75,0.68,0.6,0.5,0.54,0.48,0.48,0.48,0.43,0.4,0.38,0.38,0.43
191,1.8,1.93,0.66,0.55,0.56,0.6,0.5,0.425,0.42,0.4,0.4,0.4,0.35,0.3,0.38,0.3,0.38
192,1.7,1.83,0.6,0.5,0.45,0.5,0.43,0.4,0.36,0.4,0.4,0.3,0.3,0.3,0.3,0.3,0.3
193,1.63,1.73,0.5,0.43,0.4,0.43,0.35,0.3,0.3,0.33,0.33,0.3,0.3,0.28,0.23,0.23,0.25
194,1.58,1.7,0.5,0.43,0.38,0.38,0.35,0.3,0.3,0.3,0.3,0.28,0.28,0.23,0.2,0.2,0.2
195,1.55,1.68,0.46,0.46,0.35,0.35,0.33,0.3,0.28,0.3,0.3,0.25,0.23,0.2,0.2,0.2,0.2
196,1.55,1.63,0.4,0.4,0.35,0.33,0.3,0.225,0.24,0.23,0.23,0.23,0.2,0.2,0.2,0.2,0.2
197,1.5,1.6,0.4,0.4,0.3,0.3,0.3,0.2,0.2,0.2,0.2,0.2,0.2,0.2,0.2,0.18,0.2
198,1.5,1.6,0.38,0.38,0.3,0.28,0.25,0.2,0.2,0.2,0.2,0.2,0.2,0.2,0.18,0.15,0.2
199,1.5,1.6,0.34,0.34,0.28,0.23,0.2,0.2,0.2,0.2,0.2,0.2,0.2,0.18,0.1,0.13,0.2
200,1.5,1.63,0.34,0.34,0.23,0.23,0.2,0.2,0.2,0.2,0.2,0.2,0.18,0.18,0.1,0.1,0.18
201,1.58,1.65,0.32,0.32,0.2,0.2,0.2,0.2,0.2,0.2,0.2,0.2,0.18,0.18,0.1,0.1,0.18
202,1.58,1.68,0.3,0.3,0.2,0.2,0.2,0.2,0.2,0.2,0.2,0.2,0.18,0.15,0.1,0.1,0.15
203,1.6,1.7,0.3,0.3,0.2,0.2,0.2,0.2,0.2,0.2,0.2,0.2,0.18,0.1,0.1,0.1,0.1
204,1.7,1.8,0.3,0.3,0.2,0.2,0.2,0.2,0.2,0.18,0.18,0.125,0.15,0.1,0.1,0.1,0.1
205,1.8,1.83,0.28,0.28,0.2,0.2,0.2,0.175,0.18,0.15,0.15,0.125,0.1,0.1,0.1,0.1,0.1
206,1.93,2,0.28,0.28,0.2,0.2,0.2,0.125,0.12,0.13,0.13,0.125,0.1,0.1,0.1,0.1,0.1
207,2.1,2.13,0.28,0.28,0.2,0.2,0.18,0.125,0.12,0.1,0.1,0.1,0.1,0.1,0.1,0.1,0.1
208,2.3,2.35,0.26,0.26,0.2,0.2,0.18,0.1,0.1,0.1,0.1,0.1,0.1,0.1,0.1,0.1,0.1
209,2.6,2.63,0.26,0.26,0.2,0.2,0.18,0.1,0.1,0.1,0.1,0.1,0.1,0.1,0.1,0.1,0.1
210,2.93,2.93,0.26,0.26,0.2,0.2,0.15,0.1,0.1,0.1,0.1,0.1,0.1,0.1,0.1,0.1,0.1
211,3.28,3.3,0.26,0.26,0.2,0.2,0.13,0.1,0.1,0.1,0.1,0.1,0.1,0.1,0.1,0.1,0.1
212,3.68,3.73,0.26,0.26,0.2,0.2,0.13,0.1,0.1,0.1,0.1,0.1,0.1,0.1,0.1,0.1,0.1
213,4.15,4.15,0.26,0.26,0.18,0.2,0.1,0.1,0.1,0.1,0.1,0.1,0.1,0.1,0.1,0.1,0.1
214,4.65,4.65,0.28,0.28,0.18,0.15,0.1,0.1,0.1,0.1,0.1,0.1,0.1,0.1,0.1,0.1,0.1
215,4.8,4.8,0.2,0.2,0.1,0.1,0.1,0.1,0.1,0.1,0.1,0.1,0.1,0.1,0.08,0.1,0.1
216,5.13,5.15,0.1,0.1,0,0,0,0,0,0,0,0,0,0,0,0,0
217,5.73,5.73,0.04,0.04,0,0,0,0,0,0,0,0,0,0,0,0,0
218,6.35,6.33,0,0,0,0,0,0,0,0,0,0,0,0,0,0,0
219,7,6.98,0,0,0,0,0,0,0,0,0,0,0,0,0,0,0
220,7.65,7.68,0,0,0,0,0,0,0,0,0,0,0,0,0,0,0
221,8.35,8.33,0.02,0.02,0,0,0,0,0,0,0,0,0,0,0,0,0
222,8.95,8.95,0.06,0.06,0,0,0,0,0,0,0,0,0,0,0,0,0
223,9.85,9.8,0.4,0.4,0.08,0,0,0,0,0,0,0,0,0,0,0,0
224,10.45,10.43,0.66,0.66,0.1,0.1,0.1,0.1,0.1,0.1,0.1,0.08,0.1,0.1,0.08,0.03,0.1
225,10.93,10.88,0.86,0.86,0.13,0.1,0.1,0.1,0.1,0.1,0.1,0.1,0.1,0.1,0.1,0.08,0.1
226,11.3,11.25,1.06,1.06,0.2,0.1,0.1,0.1,0.1,0.1,0.1,0.1,0.1,0.1,0.1,0.08,0.1
227,11.55,11.53,1.26,1.26,0.2,0.1,0.1,0.1,0.1,0.1,0.1,0.1,0.1,0.1,0.1,0.08,0.1
228,11.63,11.6,1.44,1.44,0.25,0.15,0.1,0.1,0.1,0.1,0.1,0.1,0.1,0.1,0.1,0.1,0.1
229,11.55,11.55,1.58,1.58,0.3,0.2,0.1,0.1,0.1,0.1,0.1,0.1,0.1,0.1,0.1,0.1,0.1
230,11.4,11.35,1.7,1.7,0.3,0.2,0.1,0.1,0.1,0.1,0.1,0.1,0.1,0.1,0.1,0.1,0.1
231,11.23,11.13,1.88,1.88,0.38,0.2,0.1,0.1,0.1,0.1,0.1,0.1,0.1,0.1,0.1,0.1,0.1
232,11,10.93,2.06,2.06,0.45,0.3,0.2,0.1,0.1,0.1,0.1,0.1,0.1,0.1,0.1,0.1,0.1
233,10.78,10.7,2.2,2.2,0.55,0.33,0.2,0.1,0.1,0.1,0.1,0.1,0.1,0.1,0.1,0.1,0.1
234,10.5,10.45,2.38,2.38,0.65,0.4,0.23,0.1,0.1,0.1,0.1,0.1,0.1,0.1,0.1,0.1,0.1
235,10.2,10.18,2.58,2.58,0.75,0.5,0.3,0.1,0.1,0.1,0.1,0.1,0.1,0.1,0.1,0.1,0.1
236,9.95,9.93,2.7,2.7,0.88,0.6,0.35,0.1,0.1,0.1,0.1,0.1,0.1,0.1,0.1,0.1,0.1
237,9.7,9.65,2.86,2.86,0.98,0.68,0.4,0.1,0.1,0.1,0.1,0.1,0.1,0.1,0.1,0.1,0.1
238,9.45,9.38,2.98,2.98,1.15,0.8,0.5,0.1,0.1,0.1,0.1,0.1,0.1,0.1,0.1,0.1,0.1
239,9.28,9.2,3.14,3.14,1.28,0.9,0.6,0.1,0.1,0.1,0.1,0.1,0.1,0.1,0.1,0.1,0.1
240,9.15,9.08,3.28,3.28,1.45,1.05,0.7,0.125,0.1,0.1,0.1,0.1,0.1,0.1,0.1,0.1,0.1
241,9.1,9.08,3.46,3.46,1.63,1.23,0.83,0.2,0.1,0.1,0.1,0.1,0.1,0.1,0.1,0.1,0.1
242,9.08,9.08,3.6,3.6,1.8,1.38,0.95,0.2,0.1,0.1,0.1,0.1,0.1,0.1,0.1,0.1,0.1
243,9.08,9,3.74,3.74,1.95,1.53,1.05,0.2,0.1,0.1,0.1,0.1,0.1,0.1,0.1,0.1,0.1
244,9.03,8.98,3.88,3.88,2.1,1.65,1.15,0.3,0.1,0.1,0.1,0.1,0.1,0.1,0.1,0.1,0.1
245,9.15,9.08,4.08,4.08,2.3,1.85,1.3,0.3,0.2,0.1,0.1,0.1,0.1,0.1,0.1,0.1,0.1
246,9.53,9.48,4.38,4.38,2.53,2.08,1.5,0.4,0.2,0.1,0.1,0.1,0.1,0.1,0.1,0.1,0.1
247,9.93,9.93,4.66,4.66,2.83,2.3,1.7,0.5,0.26,0.2,0.2,0.1,0.1,0.1,0.1,0.1,0.1
248,10.2,10.23,4.88,4.88,3.03,2.5,1.85,0.575,0.3,0.2,0.2,0.1,0.1,0.1,0.1,0.1,0.1
249,10.53,10.48,5.1,5.1,3.23,2.68,2,0.625,0.3,0.2,0.2,0.1,0.1,0.1,0.1,0.1,0.1
250,10.88,10.83,5.34,5.34,3.43,2.85,2.18,0.7,0.4,0.2,0.2,0.2,0.1,0.1,0.1,0.1,0.1
251,11.5,11.43,5.68,5.68,3.7,3.1,2.38,0.825,0.48,0.3,0.3,0.2,0.1,0.1,0.1,0.1,0.1
252,12.2,12.13,6.02,6.02,4,3.38,2.63,0.975,0.56,0.35,0.35,0.2,0.15,0.1,0.1,0.1,0.1
253,12.88,12.88,6.4,6.4,4.28,3.65,2.85,1.125,0.68,0.4,0.4,0.3,0.2,0.18,0.1,0.1,0.1
254,13.53,13.53,6.78,6.78,4.55,3.9,3.05,1.275,0.78,0.5,0.5,0.3,0.2,0.2,0.15,0.1,0.1
255,14.18,14.15,7.1,7.1,4.83,4.15,3.28,1.425,0.88,0.6,0.6,0.4,0.25,0.2,0.2,0.2,0.2
256,14.85,14.83,7.46,7.46,5.13,4.4,3.5,1.6,1.02,0.7,0.7,0.5,0.3,0.28,0.2,0.2,0.2
257,15.65,15.68,7.8,7.8,5.4,4.7,3.75,1.775,1.16,0.8,0.8,0.58,0.4,0.3,0.3,0.2,0.23
258,16.43,16.5,8.2,8.2,5.73,5,4,2,1.36,0.9,0.9,0.7,0.45,0.4,0.3,0.3,0.3
259,17.25,17.35,8.64,8.64,6.05,5.3,4.25,2.2,1.54,1.08,1.08,0.8,0.55,0.48,0.4,0.38,0.4
260,18.05,18.13,9.02,9.02,6.33,5.6,4.53,2.425,1.68,1.2,1.2,0.9,0.65,0.55,0.5,0.4,0.45
261,18.5,18.63,9.2,9.2,6.53,5.78,4.63,2.6,1.84,1.33,1.33,1.03,0.75,0.6,0.55,0.5,0.5
262,18.7,18.78,9.4,9.4,6.68,5.9,4.78,2.725,1.96,1.45,1.45,1.13,0.83,0.7,0.6,0.58,0.6
263,18.98,18.93,9.6,9.6,6.85,5.98,4.88,2.85,2.1,1.55,1.55,1.23,0.93,0.8,0.7,0.65,0.7
264,19.35,19.35,9.8,9.8,7.03,6.15,5.03,2.975,2.22,1.68,1.68,1.35,1.05,0.9,0.8,0.75,0.8
265,19.78,19.83,9.98,9.98,7.15,6.3,5.13,3.15,2.36,1.8,1.8,1.5,1.18,1,0.9,0.88,0.9
266,20.13,20.3,10.18,10.18,7.33,6.45,5.3,3.3,2.54,1.98,1.98,1.65,1.33,1.13,1.05,1,1.08
267,20.55,20.83,10.34,10.34,7.45,6.6,5.43,3.45,2.66,2.08,2.08,1.8,1.48,1.28,1.2,1.13,1.2
268,20.85,21.08,10.42,10.42,7.55,6.73,5.53,3.575,2.8,2.2,2.2,1.9,1.58,1.4,1.3,1.25,1.35
269,21.05,21.33,10.52,10.52,7.63,6.78,5.6,3.675,2.9,2.3,2.3,2.03,1.73,1.5,1.43,1.38,1.48
270,21.25,21.5,10.62,10.62,7.73,6.85,5.63,3.75,3,2.38,2.38,2.13,1.83,1.6,1.53,1.48,1.6
271,21.55,21.75,10.72,10.72,7.83,6.95,5.73,3.85,3.08,2.48,2.48,2.23,1.95,1.7,1.65,1.58,1.73
272,21.75,22.03,10.8,10.8,7.85,6.98,5.78,3.925,3.16,2.58,2.58,2.33,2.08,1.83,1.75,1.73,1.85
273,21.78,22.08,10.76,10.76,7.85,6.98,5.75,3.95,3.24,2.6,2.6,2.4,2.15,1.9,1.85,1.83,1.95
274,21.65,22.08,10.72,10.72,7.83,6.95,5.75,3.975,3.26,2.65,2.65,2.45,2.2,1.95,1.9,1.88,2.05
275,21.73,22.08,10.74,10.74,7.83,6.95,5.75,3.975,3.28,2.7,2.7,2.53,2.28,2.03,1.98,1.98,2.15
276,21.83,22.15,10.74,10.74,7.85,6.95,5.75,4.025,3.34,2.78,2.78,2.58,2.38,2.1,2.08,2.05,2.25
277,21.93,22.35,10.8,10.8,7.88,6.95,5.75,4.05,3.36,2.8,2.8,2.63,2.45,2.2,2.15,2.15,2.35
278,22,22.48,10.78,10.78,7.88,6.95,5.75,4.075,3.42,2.8,2.8,2.7,2.5,2.28,2.23,2.23,2.43
279,22,22.55,10.78,10.78,7.83,6.93,5.7,4.075,3.44,2.85,2.85,2.73,2.58,2.3,2.28,2.28,2.5
280,22.03,22.58,10.8,10.8,7.83,6.93,5.7,4.075,3.44,2.9,2.9,2.75,2.6,2.33,2.35,2.35,2.58
281,22.1,22.78,10.8,10.8,7.83,6.9,5.7,4.075,3.46,2.9,2.9,2.78,2.68,2.4,2.4,2.43,2.63
282,22.33,22.93,10.8,10.8,7.85,6.9,5.7,4.075,3.46,2.9,2.9,2.8,2.73,2.45,2.45,2.48,2.73
283,22.38,22.93,10.8,10.8,7.8,6.88,5.68,4.075,3.46,2.9,2.9,2.83,2.73,2.48,2.45,2.53,2.75
284,22.35,22.93,10.76,10.76,7.78,6.83,5.65,4.075,3.46,2.9,2.9,2.83,2.73,2.48,2.5,2.55,2.78
285,22.4,22.98,10.74,10.74,7.75,6.75,5.63,4.075,3.46,2.9,2.9,2.85,2.75,2.5,2.5,2.58,2.83
286,22.58,23.13,10.74,10.74,7.75,6.75,5.63,4.075,3.46,2.93,2.93,2.9,2.8,2.55,2.58,2.6,2.85
287,22.65,23.23,10.72,10.72,7.73,6.75,5.58,4.05,3.46,2.93,2.93,2.9,2.83,2.58,2.58,2.65,2.93
288,22.65,23.23,10.66,10.66,7.73,6.7,5.55,4.05,3.46,2.93,2.93,2.9,2.83,2.58,2.6,2.65,2.93
289,22.73,23.23,10.64,10.64,7.68,6.68,5.5,4.05,3.46,2.95,2.95,2.9,2.83,2.58,2.6,2.65,2.95
290,22.88,23.45,10.64,10.64,7.68,6.68,5.48,4.05,3.46,2.95,2.95,2.9,2.88,2.6,2.65,2.7,2.98
291,23.05,23.58,10.66,10.66,7.65,6.68,5.48,4.05,3.46,2.98,2.98,2.95,2.9,2.63,2.68,2.73,3
292,23.08,23.58,10.62,10.62,7.6,6.63,5.45,4.05,3.46,2.95,2.95,2.95,2.9,2.63,2.68,2.73,3.03
293,23.1,23.6,10.6,10.6,7.6,6.63,5.43,4.05,3.46,2.98,2.98,2.95,2.9,2.65,2.68,2.75,3.05
294,23.15,23.8,10.6,10.6,7.6,6.63,5.43,4.05,3.46,2.98,2.98,2.98,2.93,2.68,2.7,2.78,3.05
295,23.38,23.93,10.62,10.62,7.6,6.63,5.43,4.05,3.5,3,3,3,2.98,2.7,2.73,2.78,3.13
296,23.38,24.03,10.62,10.62,7.6,6.63,5.45,4.05,3.5,3,3,3,2.98,2.7,2.73,2.8,3.13
297,23.55,24.13,10.66,10.66,7.6,6.6,5.43,4.05,3.56,3,3,3.03,2.98,2.7,2.78,2.83,3.13
298,23.58,24.15,10.62,10.62,7.6,6.6,5.4,4.05,3.56,3,3,3.03,3,2.73,2.78,2.85,3.15
299,23.55,24.13,10.6,10.6,7.58,6.6,5.38,4.05,3.56,3,3,3.03,3,2.73,2.8,2.88,3.18
300,23.55,24.08,10.6,10.6,7.53,6.55,5.38,4.05,3.56,3,3,3.05,3.03,2.75,2.8,2.88,3.2
301,23.58,24.15,10.6,10.6,7.58,6.55,5.4,4.075,3.56,3.1,3.1,3.1,3.1,2.8,2.83,2.9,3.23
302,23.6,24.23,10.62,10.62,7.6,6.58,5.43,4.1,3.64,3.1,3.1,3.13,3.1,2.83,2.88,2.98,3.28
303,23.78,24.38,10.62,10.62,7.63,6.6,5.45,4.15,3.66,3.13,3.13,3.2,3.18,2.85,2.9,2.98,3.33
304,23.85,24.45,10.62,10.62,7.68,6.63,5.5,4.175,3.7,3.18,3.18,3.23,3.23,2.9,2.95,3.03,3.38
305,24.03,24.53,10.72,10.72,7.73,6.7,5.55,4.25,3.78,3.25,3.25,3.3,3.28,2.95,3.03,3.08,3.45
306,24.25,24.7,10.8,10.8,7.8,6.8,5.63,4.325,3.86,3.3,3.3,3.35,3.33,3.03,3.08,3.15,3.5
307,24.53,25.08,10.84,10.84,7.95,6.88,5.7,4.425,3.96,3.38,3.38,3.43,3.43,3.08,3.13,3.25,3.55
308,24.78,25.28,10.98,10.98,8.05,7.03,5.8,4.55,4.04,3.48,3.48,3.53,3.5,3.18,3.23,3.33,3.65
309,25,25.4,11.04,11.04,8.15,7.15,5.93,4.625,4.14,3.55,3.55,3.6,3.58,3.23,3.28,3.38,3.73
310,25.03,25.48,11.06,11.06,8.2,7.2,5.98,4.7,4.18,3.6,3.6,3.68,3.65,3.28,3.33,3.45,3.78
311,25.05,25.55,11.1,11.1,8.25,7.25,6.05,4.775,4.28,3.68,3.68,3.78,3.73,3.35,3.38,3.5,3.85
312,25.18,25.58,11.14,11.14,8.35,7.35,6.13,4.875,4.38,3.78,3.78,3.85,3.8,3.43,3.45,3.58,3.93
313,25.38,25.75,11.26,11.26,8.48,7.5,6.23,5,4.48,3.88,3.88,3.95,3.93,3.53,3.55,3.68,4
314,25.68,26.05,11.36,11.36,8.65,7.65,6.4,5.125,4.66,3.98,3.98,4.08,4.05,3.63,3.68,3.8,4.15
315,25.65,26.05,11.4,11.4,8.73,7.75,6.5,5.25,4.76,4.08,4.08,4.2,4.15,3.68,3.75,3.88,4.2
316,25.55,25.88,11.42,11.42,8.75,7.8,6.53,5.325,4.86,4.18,4.18,4.28,4.23,3.75,3.78,3.9,4.3
317,25.6,25.98,11.54,11.54,8.93,7.9,6.68,5.475,5,4.35,4.35,4.43,4.33,3.88,3.9,4,4.4
318,25.85,26.18,11.66,11.66,9.1,8.13,6.88,5.675,5.18,4.48,4.48,4.58,4.5,4.03,4.05,4.18,4.55
319,26,26.35,11.76,11.76,9.23,8.33,7.03,5.825,5.34,4.63,4.63,4.73,4.65,4.13,4.15,4.3,4.7
320,26.05,26.38,11.82,11.82,9.35,8.45,7.13,6,5.5,4.78,4.78,4.85,4.8,4.25,4.28,4.4,4.8
321,26.33,26.55,12.02,12.02,9.55,8.65,7.35,6.175,5.72,4.98,4.98,5.05,4.98,4.4,4.45,4.53,4.98
322,26.88,27.03,12.26,12.26,9.83,8.93,7.63,6.475,5.98,5.18,5.18,5.3,5.2,4.6,4.65,4.8,5.2
323,27.15,27.4,12.42,12.42,10.05,9.18,7.85,6.7,6.22,5.38,5.38,5.55,5.4,4.8,4.8,4.93,5.38
324,27.15,27.4,12.46,12.46,10.15,9.33,7.95,6.85,6.4,5.5,5.5,5.68,5.55,4.9,4.9,5.08,5.48
325,27.05,27.23,12.46,12.46,10.3,9.43,8.05,7.025,6.5,5.68,5.68,5.8,5.7,5,5,5.2,5.6
326,27.03,27.23,12.52,12.52,10.43,9.55,8.2,7.175,6.7,5.83,5.83,5.98,5.83,5.15,5.15,5.3,5.73
327,27.03,27.2,12.64,12.64,10.6,9.75,8.4,7.425,6.94,6.03,6.03,6.18,6.03,5.3,5.3,5.43,5.9
328,27.25,27.33,12.82,12.82,10.8,9.98,8.63,7.65,7.18,6.28,6.28,6.4,6.3,5.5,5.5,5.63,6.1
329,27.53,27.55,13.04,13.04,11.03,10.25,8.85,7.95,7.46,6.5,6.5,6.65,6.5,5.7,5.7,5.83,6.3
330,27.83,27.85,13.22,13.22,11.28,10.55,9.13,8.2,7.76,6.78,6.78,6.9,6.75,5.9,5.9,6.03,6.53
331,28.05,28.13,13.44,13.44,11.53,10.83,9.43,8.475,8.06,7.03,7.03,7.2,7,6.13,6.1,6.25,6.75
332,28.18,28.28,13.58,13.58,11.75,11.05,9.63,8.75,8.3,7.23,7.23,7.4,7.23,6.3,6.3,6.45,6.95
333,28.2,28.28,13.66,13.66,11.88,11.25,9.78,8.95,8.5,7.43,7.43,7.63,7.43,6.5,6.43,6.63,7.1
334,28.2,28.2,13.7,13.7,12.05,11.4,9.95,9.15,8.7,7.63,7.63,7.8,7.63,6.68,6.6,6.75,7.25
335,28.3,28.28,13.88,13.88,12.28,11.6,10.23,9.425,9,7.9,7.9,8.1,7.85,6.88,6.8,6.95,7.45
336,28.48,28.5,14.1,14.1,12.68,11.88,10.45,9.725,9.3,8.18,8.18,8.38,8.15,7.1,7.03,7.18,7.7
337,28.73,28.7,14.3,14.3,12.78,12.15,10.73,10.025,9.6,8.43,8.43,8.63,8.38,7.33,7.23,7.38,7.95
338,28.83,28.8,14.44,14.44,12.98,12.38,10.93,10.325,9.88,8.68,8.68,8.9,8.65,7.53,7.43,7.58,8.15
339,28.98,28.9,14.6,14.6,13.2,12.65,11.18,10.55,10.2,8.93,8.93,9.15,8.88,7.75,7.63,7.8,8.35
340,29.2,29.05,14.82,14.82,13.48,12.95,11.48,10.925,10.5,9.25,9.25,9.45,9.18,8,7.9,8.05,8.58
341,29.48,29.35,15.08,15.08,13.78,13.25,11.8,11.225,10.84,9.58,9.58,9.8,9.5,8.3,8.15,8.33,8.85
342,29.78,29.63,15.3,15.3,14.08,13.58,12.13,11.625,11.22,9.88,9.88,10.15,9.83,8.58,8.43,8.63,9.15
343,29.83,29.75,15.46,15.46,14.28,13.85,12.38,11.9,11.52,10.18,10.18,10.45,10.1,8.8,8.65,8.83,9.35
344,29.73,29.7,15.5,15.5,14.38,13.95,12.5,12.125,11.74,10.33,10.33,10.6,10.28,8.93,8.8,8.98,9.55
345,29.53,29.55,15.5,15.5,14.53,14.03,12.55,12.25,11.94,10.55,10.55,10.78,10.45,9.1,8.93,9.08,9.73
346,29.55,29.53,15.6,15.6,14.75,14.25,12.8,12.475,12.18,10.78,10.78,10.98,10.68,9.3,9.1,9.25,9.85
347,29.78,29.7,15.84,15.84,15,14.63,13.1,12.825,12.5,11.08,11.08,11.3,10.98,9.58,9.38,9.55,10.15
348,30.05,29.9,16.12,16.12,15.3,14.95,13.48,13.2,12.88,11.4,11.4,11.7,11.33,9.85,9.65,9.83,10.43
349,30.25,30.1,16.34,16.34,15.55,15.23,13.7,13.525,13.2,11.7,11.7,12.03,11.65,10.15,9.9,10.08,10.65
350,30.4,30.2,16.5,16.5,15.78,15.5,13.98,13.825,13.5,11.98,11.98,12.33,11.93,10.4,10.15,10.35,10.9
351,30.6,30.53,16.8,16.8,16.08,15.78,14.28,14.175,13.84,12.35,12.35,12.68,12.25,10.68,10.35,10.63,11.15
352,30.7,30.6,16.96,16.96,16.35,16.08,14.58,14.525,14.18,12.65,12.65,13,12.55,10.93,10.63,10.85,11.45
353,30.8,30.73,17.16,17.16,16.55,16.33,14.78,14.825,14.4,12.9,12.9,13.23,12.75,11.1,10.9,11.1,11.73
354,30.83,30.8,17.28,17.28,16.83,16.58,15.1,15.075,14.74,13.15,13.15,13.55,13.13,11.4,11.08,11.35,11.9
355,30.98,30.88,17.46,17.46,17.03,16.83,15.38,15.325,15.06,13.43,13.43,13.9,13.33,11.63,11.35,11.53,12.15
356,31,30.88,17.54,17.54,17.03,16.95,15.43,15.5,15.2,13.53,13.53,13.95,13.5,11.7,11.43,11.65,12.23
357,30.9,30.88,17.54,17.54,17.1,17.05,15.53,15.525,15.32,13.78,13.78,14.08,13.6,11.8,11.5,11.78,12.3
358,31.05,30.93,17.66,17.66,17.25,17.33,15.78,15.925,15.66,14.05,14.05,14.43,13.85,12.1,11.85,12.03,12.6
359,31.35,31.18,17.98,17.98,17.68,17.7,16.08,16.325,16.02,14.2,14.2,14.8,14.2,12.4,12.08,12.35,12.9
360,31.23,31.25,18.1,18.1,17.75,17.75,16.25,16.525,16.24,14.43,14.43,14.93,14.4,12.58,12.2,12.5,13
361,30.98,30.78,17.98,17.98,17.75,17.75,16.25,16.5,16.22,14.45,14.45,14.93,14.4,12.55,12.2,12.45,13
362,30.7,30.55,17.94,17.94,17.78,17.73,16.25,16.5,16.26,14.48,14.48,14.9,14.43,12.63,12.25,12.5,13
363,30.73,30.43,18.02,18.02,17.95,17.78,16.25,16.6,16.5,14.7,14.7,15,14.58,12.75,12.35,12.53,13.15
364,30.78,30.48,18.3,18.3,18.13,18.03,16.53,16.95,16.78,15.03,15.03,15.45,14.98,12.95,12.63,12.78,13.45
365,30.88,30.68,18.58,18.58,18.38,18.35,16.9,17.35,17.08,15.38,15.38,15.78,15.2,13.33,12.9,13.03,13.73
366,30.95,30.78,18.72,18.72,18.65,18.65,17.08,17.55,17.34,15.65,15.65,16.03,15.48,13.53,13.15,13.3,13.93
367,31.08,30.9,18.82,18.82,18.9,18.9,17.33,17.775,17.66,15.9,15.9,16.25,15.73,13.8,13.38,13.53,14.15
368,31.2,31.15,19.1,19.1,19.2,19.18,17.65,18.075,17.98,16.13,16.13,16.5,16,14,13.63,13.75,14.38
369,31.43,31.3,19.34,19.34,19.45,19.43,17.9,18.4,18.24,16.45,16.45,16.88,16.3,14.3,13.9,14.05,14.65
370,31.55,31.38,19.5,19.5,19.63,19.63,18.18,18.675,18.48,16.65,16.65,17.1,16.5,14.53,14.1,14.25,14.83
371,31.58,31.4,19.64,19.64,19.8,19.85,18.38,18.9,18.68,16.8,16.8,17.3,16.7,14.7,14.28,14.45,14.98
372,31.65,31.55,19.76,19.76,19.93,20.05,18.58,19.125,18.9,17.08,17.08,17.5,16.93,14.93,14.48,14.65,15.2
373,31.73,31.65,19.96,19.96,20.15,20.33,18.83,19.4,19.18,17.35,17.35,17.8,17.2,15.2,14.68,14.93,15.43
374,31.8,31.78,20.1,20.1,20.38,20.63,19.13,19.6,19.48,17.58,17.58,18.1,17.38,15.4,14.9,15.15,15.68
375,31.9,31.9,20.22,20.22,20.45,20.75,19.3,19.75,19.62,17.73,17.73,18.2,17.63,15.63,15.08,15.35,15.83
376,31.75,31.78,20.22,20.22,20.48,20.75,19.28,19.825,19.64,17.75,17.75,18.35,17.65,15.63,15.13,15.35,15.83
377,31.53,31.53,20.22,20.22,20.45,20.73,19.25,19.8,19.64,17.75,17.75,18.38,17.63,15.58,15.1,15.35,15.83
378,31.4,31.2,20.22,20.22,20.43,20.73,19.25,19.8,19.64,17.78,17.78,18.38,17.68,15.63,15.1,15.33,15.85
379,31.38,31.15,20.24,20.24,20.53,20.73,19.33,19.9,19.78,17.95,17.95,18.48,17.75,15.75,15.25,15.4,15.95
380,31.38,31.2,20.4,20.4,20.73,21.03,19.58,20.175,20.08,18.2,18.2,18.7,18.08,16,15.48,15.73,16.23
381,31.5,31.43,20.66,20.66,20.95,21.33,19.85,20.5,20.36,18.5,18.5,19,18.33,16.3,15.73,15.95,16.45
382,31.55,31.43,20.74,20.74,21.1,21.5,20.05,20.725,20.56,18.68,18.68,19.23,18.48,16.48,15.93,16.13,16.6
383,31.53,31.43,20.78,20.78,21.15,21.58,20.13,20.775,20.68,18.7,18.7,19.33,18.63,16.53,16.05,16.2,16.65
384,31.53,31.45,20.86,20.86,21.25,21.63,20.25,20.9,20.78,18.88,18.88,19.45,18.75,16.68,16.15,16.3,16.85
385,31.45,31.48,20.92,20.92,21.38,21.73,20.4,21,20.98,18.95,18.95,19.6,18.9,16.85,16.23,16.4,16.93
386,31.45,31.45,21.06,21.06,21.53,21.88,20.58,21.075,21,19.08,19.08,19.73,19.03,16.88,16.33,16.53,17
387,31.45,31.48,21.14,21.14,21.65,22.03,20.58,21.2,21.12,19.23,19.23,19.85,19.13,17,16.48,16.63,17.13
388,31.48,31.5,21.34,21.34,21.78,22.1,20.75,21.475,21.4,19.38,19.38,19.93,19.28,17.08,16.68,16.9,17.25
389,31.5,31.58,21.58,21.58,22,22.43,21,21.725,21.66,19.68,19.68,20.33,19.58,17.43,16.9,17.08,17.55
390,32.3,32.35,22.22,22.22,22.68,23.15,21.78,22.45,22.32,20.38,20.38,21.1,20.18,17.98,17.5,17.68,18.1
391,32.63,32.65,22.54,22.54,23.03,23.5,22.08,22.8,22.54,20.58,20.58,21.35,20.55,18.3,17.68,17.88,18.35
392,32.7,32.73,22.58,22.58,23.23,23.63,22.2,23.075,22.78,20.78,20.78,21.45,20.68,18.4,17.78,18,18.53
393,32.7,32.83,22.68,22.68,23.35,23.65,22.43,23.15,22.98,20.95,20.95,21.6,20.73,18.6,18,18.18,18.63
394,32.65,32.83,22.8,22.8,23.5,23.83,22.55,23.275,23.1,21.03,21.03,21.73,20.83,18.78,18.05,18.28,18.7
395,32.65,32.88,23,23,23.6,23.88,22.55,23.325,23.3,21.18,21.18,21.85,20.95,18.9,18.3,18.33,18.78
396,32.75,32.88,23.14,23.14,23.83,24.13,22.73,23.575,23.46,21.38,21.38,22.13,21.23,19.03,18.45,18.55,19.08
397,32.98,33.1,23.38,23.38,24,24.35,23.05,23.9,23.68,21.63,21.63,22.33,21.5,19.25,18.7,18.8,19.25
398,32.98,33.18,23.6,23.6,24.2,24.55,23.25,24.05,23.86,21.8,21.8,22.5,21.65,19.38,18.83,18.98,19.43
399,32.98,33.23,23.68,23.68,24.3,24.73,23.38,24.2,24.02,21.9,21.9,22.7,21.75,19.5,18.93,19.13,19.53
400,33.08,33.3,23.88,23.88,24.53,24.93,23.58,24.35,24.18,21.98,21.98,22.85,21.93,19.68,19.13,19.28,19.73
401,33.15,33.45,24.04,24.04,24.68,25.15,23.8,24.475,24.36,22.23,22.23,23.05,22.1,19.93,19.28,19.4,19.9
402,33.23,33.53,24.22,24.22,24.78,25.38,23.88,24.8,24.54,22.43,22.43,23.28,22.28,20.1,19.43,19.58,20.08
403,33.25,33.6,24.26,24.26,24.8,25.45,24.08,24.925,24.66,22.5,22.5,23.35,22.4,20.18,19.6,19.7,20.23
404,33.23,33.6,24.36,24.36,24.88,25.5,24.1,24.925,24.74,22.53,22.53,23.38,22.43,20.18,19.6,19.7,20.25
405,33.23,33.48,24.36,24.36,24.95,25.53,24.2,24.975,24.8,22.58,22.58,23.5,22.48,20.25,19.63,19.8,20.33
406,33.25,33.48,24.42,24.42,25.1,25.63,24.2,25.025,24.86,22.68,22.68,23.55,22.55,20.33,19.73,19.85,20.4
407,33.25,33.45,24.52,24.52,25.23,25.83,24.43,25.125,25,22.88,22.88,23.78,22.7,20.5,19.83,19.98,20.53
408,33.33,33.5,24.76,24.76,25.45,25.98,24.6,25.3,25.2,23.03,23.03,23.9,22.93,20.7,20.05,20.13,20.63
409,33.38,33.6,24.86,24.86,25.55,26.2,24.78,25.55,25.28,23.13,23.13,24.05,23.08,20.83,20.23,20.2,20.8
410,33.38,33.63,24.96,24.96,25.63,26.25,24.83,25.675,25.4,23.25,23.25,24.15,23.13,20.93,20.33,20.3,20.9
411,33.33,33.63,25,25,25.73,26.3,24.9,25.725,25.46,23.3,23.3,24.18,23.15,20.98,20.35,20.4,20.98
412,33.33,33.63,25.14,25.14,25.83,26.43,25.08,25.85,25.6,23.43,23.43,24.28,23.25,21.08,20.53,20.5,21.08
413,33.35,33.7,25.22,25.22,25.93,26.55,25.18,25.975,25.76,23.63,23.63,24.48,23.43,21.2,20.63,20.68,21.23
414,33.43,33.75,25.4,25.4,26.05,26.78,25.38,26.1,25.92,23.7,23.7,24.6,23.65,21.28,20.75,20.88,21.35
415,33.5,33.85,25.58,25.58,26.23,26.83,25.43,26.275,26.08,23.78,23.78,24.68,23.7,21.5,20.8,20.95,21.45
416,33.55,33.93,25.66,25.66,26.38,26.98,25.55,26.425,26.2,23.85,23.85,24.9,23.88,21.6,20.98,21.05,21.55
417,33.6,33.95,25.82,25.82,26.53,27.13,25.75,26.525,26.34,24.05,24.05,25.13,24,21.68,21.13,21.2,21.73
418,33.65,34.03,26,26,26.65,27.38,25.95,26.725,26.5,24.2,24.2,25.25,24.18,21.88,21.25,21.33,21.83
419,33.75,34.1,26.12,26.12,26.8,27.55,26.1,26.9,26.64,24.33,24.33,25.43,24.33,22,21.43,21.5,22.03
420,33.8,34.23,26.24,26.24,26.93,27.68,26.23,27.025,26.8,24.45,24.45,25.55,24.43,22.13,21.48,21.58,22.13
421,33.78,34.23,26.26,26.26,26.98,27.73,26.33,27.1,26.86,24.53,24.53,25.6,24.48,22.23,21.55,21.63,22.23
422,33.75,34.2,26.32,26.32,27.08,27.75,26.33,27.15,26.94,24.55,24.55,25.65,24.5,22.25,21.63,21.63,22.23
423,33.73,34.2,26.46,26.46,27.13,27.83,26.43,27.25,27.04,24.65,24.65,25.75,24.63,22.25,21.73,21.7,22.28
424,33.73,34.2,26.54,26.54,27.23,27.95,26.53,27.3,27.14,24.73,24.73,25.83,24.73,22.35,21.83,21.8,22.4
425,33.75,34.18,26.58,26.58,27.28,28,26.6,27.425,27.14,24.85,24.85,25.88,24.78,22.4,21.83,21.88,22.5
426,33.75,34.13,26.66,26.66,27.45,28.05,26.63,27.45,27.22,24.9,24.9,25.95,24.83,22.48,21.93,21.88,22.55
427,33.8,34.13,26.7,26.7,27.53,28.08,26.68,27.525,27.3,24.95,24.95,26.03,24.9,22.53,22.03,21.95,22.6
428,33.8,34.2,26.78,26.78,27.58,28.2,26.75,27.625,27.42,25.03,25.03,26.08,24.98,22.6,22.05,22.05,22.68
429,33.83,34.18,26.92,26.92,27.68,28.3,26.85,27.675,27.52,25.1,25.1,26.15,25.05,22.73,22.23,22.1,22.78
430,33.8,34.2,26.92,26.92,27.78,28.43,26.95,27.775,27.58,25.2,25.2,26.23,25.08,22.75,22.25,22.2,22.88
431,33.85,34.2,27.06,27.06,27.83,28.5,27.03,27.875,27.7,25.3,25.3,26.33,25.2,22.9,22.3,22.25,22.95
432,33.9,34.28,27.2,27.2,27.95,28.63,27.28,28.075,27.74,25.4,25.4,26.5,25.3,23.08,22.35,22.33,23
433,33.93,34.3,27.3,27.3,28.08,28.78,27.38,28.15,27.88,25.48,25.48,26.6,25.43,23.13,22.48,22.45,23.15
434,33.93,34.35,27.38,27.38,28.15,28.9,27.43,28.275,28,25.63,25.63,26.75,25.53,23.2,22.6,22.55,23.2
435,33.95,34.4,27.44,27.44,28.28,28.98,27.53,28.325,28.16,25.7,25.7,26.83,25.63,23.3,22.75,22.63,23.33
436,34.03,34.43,27.58,27.58,28.33,29.08,27.58,28.475,28.24,25.78,25.78,26.93,25.75,23.35,22.8,22.65,23.45
437,34.05,34.43,27.68,27.68,28.48,29.23,27.65,28.6,28.36,25.9,25.9,27.03,25.88,23.45,22.85,22.8,23.5
438,34.1,34.5,27.76,27.76,28.55,29.33,27.8,28.7,28.44,26,26,27.13,25.98,23.55,22.95,22.9,23.53
439,34.15,34.6,27.92,27.92,28.7,29.45,27.93,28.825,28.56,26.08,26.08,27.25,26.1,23.6,23,23.03,23.68
440,34.23,34.6,28.02,28.02,28.8,29.6,28.08,28.925,28.66,26.18,26.18,27.38,26.28,23.68,23.08,23.15,23.8
441,34.28,34.7,28.1,28.1,28.9,29.68,28.15,29.025,28.78,26.28,26.28,27.48,26.35,23.85,23.2,23.2,23.88
442,34.28,34.68,28.22,28.22,29.03,29.75,28.2,29.075,28.86,26.38,26.38,27.53,26.35,23.88,23.25,23.23,23.93
443,34.28,34.68,28.32,28.32,29.03,29.78,28.3,29.175,28.9,26.45,26.45,27.55,26.48,23.9,23.38,23.25,23.98
444,34.3,34.75,28.42,28.42,29.15,29.95,28.4,29.25,29.02,26.5,26.5,27.63,26.53,24.05,23.43,23.33,24.05
445,34.4,34.78,28.5,28.5,29.25,30.13,28.53,29.4,29.12,26.6,26.6,27.78,26.6,24.13,23.48,23.4,24.15
446,34.53,34.88,28.64,28.64,29.35,30.2,28.65,29.5,29.26,26.65,26.65,27.9,26.75,24.2,23.55,23.55,24.28
447,34.58,34.9,28.72,28.72,29.48,30.38,28.75,29.575,29.36,26.75,26.75,28.03,26.93,24.3,23.6,23.63,24.35
448,34.6,34.93,28.82,28.82,29.58,30.43,28.75,29.65,29.42,26.8,26.8,28.05,26.95,24.33,23.65,23.68,24.45
449,34.65,34.93,28.9,28.9,29.65,30.45,28.85,29.7,29.48,26.93,26.93,28.1,26.95,24.4,23.83,23.73,24.45
450,34.68,34.93,29,29,29.7,30.5,28.93,29.825,29.58,26.98,26.98,28.15,27.05,24.48,23.88,23.78,24.5
451,34.75,34.98,29.1,29.1,29.8,30.73,29.05,29.95,29.64,27.05,27.05,28.28,27.1,24.5,23.95,23.85,24.6
452,34.78,35.05,29.16,29.16,29.93,30.75,29.13,30.05,29.74,27.23,27.23,28.45,27.25,24.53,24,23.95,24.63
453,34.85,35.05,29.26,29.26,29.98,30.83,29.25,30.1,29.84,27.28,27.28,28.48,27.33,24.58,24.08,24,24.78
454,34.88,35.08,29.32,29.32,30.13,30.85,29.25,30.125,29.92,27.35,27.35,28.53,27.35,24.68,24.13,24.08,24.8
455,34.95,35.1,29.38,29.38,30.23,31,29.3,30.175,30.06,27.4,27.4,28.6,27.45,24.75,24.15,24.13,24.8
456,35.03,35.18,29.52,29.52,30.35,31.2,29.48,30.35,30.12,27.58,27.58,28.73,27.6,24.9,24.28,24.18,24.95
457,35.15,35.33,29.7,29.7,30.48,31.4,29.65,30.55,30.3,27.73,27.73,28.88,27.75,25,24.38,24.35,25.05
458,35.25,35.55,29.9,29.9,30.65,31.63,29.83,30.725,30.52,27.83,27.83,29.03,27.93,25.1,24.5,24.55,25.25
459,35.35,35.65,30.04,30.04,30.78,31.78,29.98,30.9,30.66,27.98,27.98,29.18,28.05,25.25,24.63,24.7,25.33
460,35.35,35.7,30.1,30.1,30.83,31.83,30,30.95,30.7,28,28,29.25,28.05,25.28,24.65,24.7,25.33
461,35.35,35.58,30.1,30.1,30.9,31.78,30,30.95,30.66,27.98,27.98,29.23,28.05,25.28,24.65,24.68,25.35
462,35.35,35.55,30.14,30.14,30.95,31.8,30,30.95,30.66,28.03,28.03,29.18,28.05,25.35,24.68,24.65,25.38
463,35.4,35.58,30.2,30.2,31.05,31.93,30.13,30.95,30.74,28.13,28.13,29.23,28.15,25.35,24.75,24.73,25.45
464,35.5,35.58,30.32,30.32,31.2,32.03,30.18,31.05,30.96,28.2,28.2,29.43,28.23,25.48,24.83,24.83,25.53
465,35.6,35.7,30.46,30.46,31.3,32.15,30.38,31.2,30.98,28.33,28.33,29.5,28.25,25.5,24.93,24.85,25.63
466,35.65,35.85,30.56,30.56,31.35,32.28,30.43,31.325,31.06,28.4,28.4,29.6,28.43,25.58,24.98,24.93,25.7
467,35.65,35.88,30.64,30.64,31.45,32.33,30.53,31.4,31.16,28.5,28.5,29.68,28.48,25.63,25.08,24.98,25.73
468,35.73,35.88,30.68,30.68,31.5,32.4,30.53,31.475,31.24,28.6,28.6,29.73,28.58,25.68,25.15,24.98,25.78
469,35.75,35.88,30.78,30.78,31.55,32.43,30.7,31.6,31.32,28.6,28.6,29.73,28.6,25.7,25.2,25.03,25.83
470,35.75,36.03,30.86,30.86,31.68,32.65,30.8,31.65,31.42,28.68,28.68,29.88,28.68,25.8,25.28,25.2,25.9
471,35.95,36.08,30.98,30.98,31.85,32.75,30.88,31.7,31.56,28.83,28.83,29.98,28.8,25.9,25.33,25.28,25.98
472,36.05,36.13,31.18,31.18,32.08,32.85,31.05,31.85,31.6,28.93,28.93,30.03,28.9,25.98,25.43,25.33,26.05
473,36.08,36.25,31.28,31.28,32.15,33.03,31.13,31.95,31.7,29.03,29.03,30.15,29.03,26.13,25.5,25.43,26.18
474,36.25,36.35,31.36,31.36,32.2,33.13,31.28,32.1,31.8,29.13,29.13,30.23,29.08,26.18,25.58,25.53,26.28
475,36.35,36.45,31.52,31.52,32.3,33.28,31.4,32.2,31.82,29.23,29.23,30.3,29.18,26.25,25.63,25.63,26.3
476,36.45,36.5,31.68,31.68,32.45,33.38,31.53,32.25,32.06,29.33,29.33,30.4,29.3,26.38,25.73,25.73,26.38
477,36.5,36.65,31.82,31.82,32.6,33.53,31.65,32.375,32.14,29.43,29.43,30.58,29.38,26.43,25.8,25.88,26.5
478,36.63,36.75,31.92,31.92,32.73,33.68,31.83,32.525,32.26,29.55,29.55,30.63,29.45,26.53,25.88,25.93,26.53
479,36.83,36.78,32,32,32.88,33.83,31.98,32.675,32.44,29.75,29.75,30.75,29.6,26.6,25.98,26,26.68
480,37,37,32.24,32.24,33.03,34.05,32.13,32.925,32.56,29.85,29.85,30.9,29.8,26.73,26.1,26.13,26.8
481,37.35,37.3,32.48,32.48,33.35,34.38,32.45,33.225,32.92,30.15,30.15,31.2,30.08,27,26.33,26.35,27.03
482,37.73,37.75,32.86,32.86,33.65,34.78,32.83,33.6,33.26,30.4,30.4,31.55,30.45,27.25,26.58,26.68,27.35
483,37.88,37.95,33.08,33.08,33.83,35,33,33.825,33.42,30.55,30.55,31.78,30.58,27.43,26.68,26.9,27.45
484,37.73,37.85,32.98,32.98,33.68,34.85,32.9,33.7,33.34,30.43,30.43,31.7,30.43,27.33,26.53,26.83,27.33
485,37.45,37.45,32.84,32.84,33.55,34.53,32.6,33.35,33.04,30.33,30.33,31.4,30.2,27.1,26.43,26.55,27.2
486,37.45,37.35,32.8,32.8,33.6,34.5,32.63,33.325,33,30.33,30.33,31.35,30.18,27.15,26.45,26.53,27.23
487,37.58,37.48,32.92,32.92,33.73,34.65,32.8,33.45,33.16,30.48,30.48,31.45,30.25,27.2,26.5,26.6,27.33
488,37.58,37.53,32.94,32.94,33.75,34.68,32.8,33.45,33.22,30.5,30.5,31.45,30.25,27.23,26.5,26.63,27.33
489,37.58,37.53,32.96,32.96,33.78,34.73,32.8,33.45,33.22,30.53,30.53,31.48,30.25,27.25,26.58,26.63,27.35
490,37.8,37.6,33.2,33.2,34,34.88,33,33.65,33.34,30.73,30.73,31.6,30.48,27.4,26.78,26.73,27.48
491,37.98,37.88,33.36,33.36,34.15,35.1,33.2,33.85,33.54,30.88,30.88,31.8,30.65,27.53,26.83,26.83,27.6
492,37.88,37.83,33.38,33.38,34.15,35.03,33.2,33.8,33.5,30.85,30.85,31.75,30.58,27.5,26.8,26.83,27.53
493,37.8,37.7,33.38,33.38,34.2,34.98,33.18,33.75,33.4,30.88,30.88,31.68,30.48,27.5,26.83,26.8,27.48
494,37.83,37.73,33.52,33.52,34.33,35.05,33.2,33.775,33.5,30.98,30.98,31.73,30.58,27.63,27.03,26.85,27.5
495,38.03,38,33.72,33.72,34.58,35.4,33.45,34.1,33.76,31.23,31.23,31.88,30.7,27.83,27.1,27.1,27.7
496,38.25,38.25,34,34,34.78,35.58,33.58,34.35,33.96,31.3,31.3,32.1,30.95,27.93,27.18,27.23,27.9
497,38.38,38.28,34.02,34.02,34.83,35.63,33.7,34.35,34,31.38,31.38,32.23,31.05,27.95,27.23,27.28,27.9
498,38.43,38.3,34.06,34.06,34.98,35.63,33.7,34.375,34.02,31.43,31.43,32.23,31.08,28,27.25,27.33,27.9
499,38.48,38.3,34.2,34.2,35.03,35.7,33.8,34.45,34.06,31.5,31.5,32.35,31.15,28.05,27.25,27.35,27.98
500,38.6,38.45,34.3,34.3,35.2,35.8,33.85,34.575,34.16,31.63,31.63,32.3,31.2,28.08,27.33,27.38,28.03
501,38.73,38.48,34.44,34.44,35.3,35.93,34.08,34.625,34.26,31.75,31.75,32.48,31.33,28.13,27.43,27.43,28.13
502,38.88,38.65,34.54,34.54,35.43,36.18,34.23,34.85,34.44,31.88,31.88,32.58,31.4,28.25,27.55,27.6,28.2
503,39.08,38.83,34.7,34.7,35.58,36.33,34.35,34.975,34.58,31.95,31.95,32.73,31.58,28.3,27.58,27.68,28.33
504,39.2,38.93,34.72,34.72,35.63,36.43,34.4,35.025,34.66,32.03,32.03,32.78,31.6,28.38,27.58,27.73,28.43
505,39.25,39,34.8,34.8,35.78,36.53,34.48,35.075,34.74,32.05,32.05,32.78,31.73,28.43,27.68,27.8,28.45
506,39.38,39.1,34.96,34.96,35.88,36.68,34.6,35.2,34.86,32.13,32.13,32.9,31.8,28.58,27.75,27.85,28.53
507,39.55,39.23,35.12,35.12,35.95,36.8,34.75,35.3,35,32.3,32.3,33.03,31.95,28.68,27.83,27.95,28.63
508,39.73,39.35,35.22,35.22,36.15,36.9,34.9,35.45,35.14,32.43,32.43,33.18,32.1,28.78,27.9,28.05,28.7
509,39.8,39.5,35.36,35.36,36.25,37,35.03,35.55,35.2,32.45,32.45,33.25,32.13,28.83,27.98,28.15,28.78
510,39.85,39.63,35.44,35.44,36.33,37.1,35.08,35.65,35.32,32.55,32.55,33.28,32.23,28.9,28.03,28.23,28.85
511,39.9,39.65,35.48,35.48,36.4,37.2,35.2,35.7,35.36,32.58,32.58,33.4,32.23,29,28.1,28.25,28.88
512,39.95,39.65,35.52,35.52,36.45,37.23,35.23,35.7,35.4,32.6,32.6,33.4,32.28,29,28.1,28.28,28.93
513,40.03,39.68,35.54,35.54,36.53,37.23,35.25,35.725,35.4,32.7,32.7,33.43,32.33,29,28.15,28.28,28.93
514,40.13,39.75,35.66,35.66,36.68,37.35,35.35,35.825,35.5,32.78,32.78,33.48,32.35,29.1,28.23,28.33,28.95
515,40.33,40,35.88,35.88,36.8,37.5,35.58,36.05,35.66,32.95,32.95,33.65,32.55,29.2,28.35,28.5,29.13
516,40.48,40.18,36.06,36.06,37.03,37.78,35.75,36.225,35.88,33.13,33.13,33.73,32.75,29.33,28.5,28.63,29.28
517,40.65,40.33,36.1,36.1,37.05,37.88,35.83,36.275,35.94,33.15,33.15,33.83,32.8,29.4,28.53,28.7,29.33
518,40.6,40.28,36.1,36.1,37.05,37.8,35.83,36.225,35.9,33.15,33.15,33.83,32.78,29.38,28.53,28.7,29.3
519,40.58,40.23,36.06,36.06,37.05,37.7,35.8,36.15,35.82,33.15,33.15,33.8,32.75,29.38,28.5,28.65,29.28
520,40.55,40.23,36.04,36.04,37.1,37.75,35.8,36.15,35.84,33.2,33.2,33.8,32.68,29.38,28.53,28.68,29.3
521,40.7,40.35,36.22,36.22,37.28,37.9,35.95,36.275,35.94,33.25,33.25,33.83,32.8,29.45,28.53,28.73,29.38
522,40.85,40.58,36.46,36.46,37.45,38.08,36.18,36.45,36.12,33.4,33.4,34.05,32.95,29.58,28.65,28.85,29.53
523,41.15,40.93,36.7,36.7,37.68,38.38,36.4,36.75,36.36,33.58,33.58,34.28,33.15,29.78,28.85,29.08,29.63
524,41.38,41.1,36.82,36.82,37.75,38.53,36.53,36.975,36.5,33.7,33.7,34.43,33.35,29.98,28.95,29.2,29.83
525,41.58,41.28,37.06,37.06,37.98,38.78,36.73,37.1,36.66,33.88,33.88,34.53,33.48,30.05,29.08,29.3,29.9
526,41.8,41.45,37.22,37.22,38.2,39.03,36.9,37.275,36.8,34.08,34.08,34.68,33.6,30.13,29.18,29.38,30.05
527,41.8,41.53,37.26,37.26,38.28,39.08,36.9,37.225,36.82,34.1,34.1,34.7,33.65,30.18,29.18,29.4,30.08
528,41.73,41.35,37,37,38.13,38.75,36.63,37.025,36.58,33.95,33.95,34.55,33.38,30.13,29.03,29.33,29.9
529,41.33,40.88,36.78,36.78,37.98,38.33,36.35,36.65,36.3,33.8,33.8,34.28,33.05,29.98,28.93,29.03,29.73
530,41.35,40.75,36.8,36.8,37.95,38.3,36.38,36.65,36.34,33.8,33.8,34.18,33.05,29.95,28.93,29,29.73
531,41.73,41.1,37.16,37.16,38.08,38.65,36.58,36.85,36.5,34.03,34.03,34.38,33.28,30.05,29.13,29.28,29.98
532,41.8,41.25,37.22,37.22,38.23,38.85,36.68,37,36.62,34.13,34.13,34.45,33.38,30.1,29.15,29.3,30.03
533,41.78,41.28,37.22,37.22,38.23,38.83,36.68,36.95,36.58,34.1,34.1,34.48,33.38,30.1,29.15,29.28,30.03
534,41.78,41.25,37.26,37.26,38.23,38.75,36.7,36.9,36.56,34.1,34.1,34.45,33.38,30.15,29.15,29.28,29.95
535,41.83,41.28,37.34,37.34,38.23,38.83,36.78,37.025,36.6,34.15,34.15,34.5,33.45,30.23,29.23,29.33,30.03
536,41.88,41.43,37.38,37.38,38.23,38.95,36.83,37.1,36.68,34.18,34.18,34.53,33.48,30.28,29.33,29.35,30.08
537,42.08,41.53,37.5,37.5,38.53,39.1,36.93,37.15,36.74,34.18,34.18,34.63,33.55,30.3,29.35,29.43,30.1
538,42.4,41.83,37.7,37.7,38.85,39.33,37.28,37.4,36.96,34.4,34.4,34.93,33.7,30.53,29.58,29.63,30.33
539,42.73,42.28,38.04,38.04,39.18,39.6,37.58,37.775,37.3,34.63,34.63,35.25,34,30.73,29.75,29.9,30.58
540,42.88,42.43,38.14,38.14,39.15,39.83,37.68,37.775,37.36,34.68,34.68,35.33,34.13,30.75,29.8,29.95,30.63
541,42.6,42.18,38.08,38.08,39.13,39.63,37.48,37.725,37.22,34.55,34.55,35.13,34.03,30.68,29.73,29.85,30.53
542,42.33,41.93,37.88,37.88,38.85,39.2,37.15,37.45,36.9,34.43,34.43,34.9,33.8,30.58,29.6,29.65,30.3
543,42.3,41.8,37.82,37.82,38.78,39.15,37.08,37.225,36.76,34.45,34.45,34.8,33.7,30.43,29.58,29.55,30.3
544,42.35,41.93,37.86,37.86,38.88,39.23,37.15,37.3,36.76,34.43,34.43,34.8,33.8,30.48,29.6,29.68,30.35
545,42.53,42.15,37.96,37.96,38.98,39.33,37.33,37.5,36.94,34.45,34.45,34.88,33.83,30.53,29.65,29.78,30.5
546,42.73,42.28,38.12,38.12,39.03,39.45,37.45,37.5,37.1,34.53,34.53,34.95,33.93,30.63,29.75,29.85,30.5
547,42.75,42.25,38.12,38.12,39.08,39.45,37.45,37.5,37,34.6,34.6,35,33.93,30.65,29.73,29.85,30.53
548,42.73,42.25,38.1,38.1,39.08,39.45,37.43,37.475,36.96,34.63,34.63,34.88,33.93,30.68,29.75,29.78,30.53
549,42.85,42.35,38.22,38.22,39.18,39.6,37.48,37.5,37.08,34.7,34.7,34.93,34,30.78,29.78,29.83,30.6
550,43.05,42.6,38.34,38.34,39.35,39.7,37.63,37.625,37.14,34.8,34.8,35.2,34.1,30.88,29.9,30,30.73
551,43.2,42.78,38.56,38.56,39.53,39.9,37.83,37.775,37.3,34.9,34.9,35.23,34.3,30.93,29.98,30.08,30.85
552,43.28,42.98,38.62,38.62,39.58,39.98,37.83,37.85,37.3,34.93,34.93,35.23,34.3,30.98,30.03,30.15,30.93
553,43.33,42.98,38.62,38.62,39.65,39.98,37.83,37.8,37.3,34.9,34.9,35.2,34.3,30.98,30.03,30.15,30.88
554,43.33,42.98,38.62,38.62,39.65,39.95,37.83,37.75,37.3,34.9,34.9,35.23,34.3,31,30.03,30.15,30.88
555,43.4,43.03,38.7,38.7,39.7,40,37.9,37.75,37.3,34.9,34.9,35.25,34.35,31.05,30.1,30.2,30.95
556,43.48,43.13,38.74,38.74,39.75,40.1,37.95,37.775,37.34,34.95,34.95,35.3,34.38,31.13,30.15,30.25,30.98
557,43.6,43.25,38.84,38.84,39.85,40.15,38.03,37.825,37.38,35,35,35.33,34.43,31.13,30.23,30.28,31.03
558,43.78,43.4,38.9,38.9,39.9,40.2,38.1,37.85,37.38,35.05,35.05,35.38,34.48,31.25,30.28,30.33,31.05
559,43.93,43.5,39,39,40,40.3,38.1,37.925,37.44,35.1,35.1,35.4,34.53,31.25,30.28,30.38,31.15
560,44.55,44.05,39.34,39.34,40.4,40.65,38.55,38.15,37.64,35.23,35.23,35.63,34.73,31.48,30.58,30.68,31.38
561,44.75,44.2,39.52,39.52,40.7,40.8,38.85,38.25,37.68,35.35,35.35,35.7,34.75,31.75,30.8,30.9,31.48
562,44.9,44.28,39.6,39.6,40.8,40.9,38.95,38.325,37.72,35.38,35.38,35.73,34.83,31.83,30.88,31,31.58
563,45.1,44.55,39.68,39.68,40.98,41.08,39.1,38.4,37.82,35.43,35.43,35.83,34.9,31.93,31.03,31.18,31.65
564,45.28,44.78,39.84,39.84,41.08,41.28,39.25,38.45,37.88,35.48,35.48,35.9,34.98,31.98,31.08,31.23,31.73
565,45.35,44.83,39.96,39.96,41.08,41.23,39.23,38.45,37.88,35.48,35.48,35.88,35,32,31.1,31.25,31.75
566,45.33,44.73,39.96,39.96,41.03,41.13,39.2,38.35,37.68,35.48,35.48,35.78,35,32,31.1,31.23,31.78
567,45.35,44.68,39.94,39.94,41,41.03,39.15,38.3,37.66,35.48,35.48,35.73,34.98,31.98,31.05,31.2,31.73
568,45.4,44.73,39.98,39.98,41.05,41.03,39.18,38.275,37.66,35.48,35.48,35.68,34.98,31.98,31.1,31.2,31.73
569,45.5,44.95,40.06,40.06,41.1,41.13,39.23,38.3,37.66,35.48,35.48,35.75,35.03,32.03,31.13,31.25,31.78
570,45.65,45.08,40.08,40.08,41.18,41.2,39.3,38.3,37.68,35.48,35.48,35.83,35.05,32.08,31.18,31.3,31.8
571,45.75,45.13,40.1,40.1,41.18,41.2,39.33,38.275,37.74,35.48,35.48,35.8,35.1,32.08,31.18,31.4,31.8
572,45.75,45.13,40.12,40.12,41.18,41.15,39.28,38.2,37.66,35.45,35.45,35.8,35.13,32.08,31.2,31.35,31.8
573,45.75,45.1,40.12,40.12,41.13,41.15,39.23,38.075,37.62,35.4,35.4,35.68,35.03,32,31.15,31.33,31.8
574,45.75,45.1,40.14,40.14,41.13,41.1,39.2,38.075,37.58,35.38,35.38,35.65,35.03,31.98,31.13,31.28,31.8
575,45.73,45.1,40.08,40.08,41.1,41.05,39.2,38,37.42,35.33,35.33,35.58,35,31.98,31.13,31.28,31.8
576,45.7,45.08,40.06,40.06,41.05,40.95,39.18,37.9,37.34,35.25,35.25,35.5,34.93,31.98,31.13,31.23,31.8
577,45.7,45.03,40.06,40.06,41.03,40.9,39.05,37.825,37.28,35.25,35.25,35.38,34.88,31.98,31.15,31.23,31.75
578,45.73,45.1,40.08,40.08,41.03,40.88,39.05,37.8,37.26,35.15,35.15,35.38,34.88,31.95,31.15,31.23,31.8
579,45.93,45.2,40.1,40.1,41,40.88,39.05,37.8,37.22,35.13,35.13,35.4,34.85,31.98,31.2,31.25,31.8
580,46.08,45.4,40.16,40.16,41.05,40.95,39.05,37.8,37.22,35.13,35.13,35.4,34.9,31.98,31.2,31.28,31.83
581,46.13,45.43,40.26,40.26,41.15,41,39.08,37.75,37.22,35.08,35.08,35.43,34.93,32.05,31.2,31.3,31.83
582,46.3,45.53,40.28,40.28,41.15,41.03,39.1,37.725,37.22,35.08,35.08,35.4,34.98,32.08,31.2,31.3,31.88
583,46.4,45.6,40.38,40.38,41.18,41.05,39.1,37.7,37.22,35.1,35.1,35.4,35,32.1,31.28,31.33,31.93
584,46.4,45.7,40.38,40.38,41.2,41.08,39.13,37.7,37.2,35.1,35.1,35.43,35,32.13,31.28,31.38,31.98
585,46.55,45.78,40.4,40.4,41.28,41.13,39.18,37.65,37.2,35.05,35.05,35.38,35.08,32.15,31.28,31.43,31.98
586,46.68,45.95,40.42,40.42,41.28,41.15,39.18,37.65,37.2,35.03,35.03,35.4,35.08,32.18,31.3,31.45,32.05
587,46.78,46.13,40.44,40.44,41.28,41.15,39.2,37.625,37.22,35,35,35.4,35.13,32.23,31.33,31.5,32.1
588,46.85,46.15,40.46,40.46,41.3,41.2,39.23,37.6,37.22,34.98,34.98,35.45,35.15,32.25,31.38,31.53,32.13
589,46.9,46.18,40.52,40.52,41.33,41.18,39.23,37.475,37.12,34.95,34.95,35.38,35.13,32.28,31.4,31.55,32.13
590,46.93,46.2,40.54,40.54,41.3,41.18,39.2,37.45,37.06,34.9,34.9,35.35,35.13,32.25,31.4,31.55,32.13
591,46.93,46.2,40.54,40.54,41.33,41.18,39.13,37.375,37,34.88,34.88,35.33,35.15,32.25,31.4,31.55,32.13
592,47.03,46.3,40.56,40.56,41.33,41.18,39.15,37.35,36.98,34.83,34.83,35.3,35.15,32.25,31.43,31.55,32.13
593,47.23,46.48,40.64,40.64,41.35,41.2,39.23,37.35,36.98,34.83,34.83,35.3,35.2,32.25,31.45,31.65,32.2
594,47.35,46.6,40.7,40.7,41.45,41.3,39.33,37.325,36.98,34.83,34.83,35.33,35.25,32.35,31.48,31.68,32.3
595,47.53,46.7,40.72,40.72,41.48,41.3,39.33,37.35,37,34.83,34.83,35.38,35.3,32.38,31.58,31.73,32.33
596,47.53,46.78,40.72,40.72,41.4,41.25,39.28,37.35,36.92,34.75,34.75,35.38,35.25,32.38,31.58,31.7,32.33
597,47.45,46.7,40.64,40.64,41.25,41.08,39.18,37.125,36.74,34.63,34.63,35.35,35.18,32.38,31.48,31.6,32.28
598,47.28,46.45,40.46,40.46,41.18,41,39.03,36.95,36.62,34.55,34.55,35,35.03,32.3,31.43,31.58,32.25
599,47.3,46.45,40.46,40.46,41.15,40.93,38.93,36.9,36.56,34.53,34.53,35,35.03,32.28,31.4,31.55,32.25
600,47.45,46.55,40.54,40.54,41.2,40.98,38.98,36.9,36.56,34.53,34.53,35,35.05,32.3,31.48,31.63,32.25
601,47.68,46.85,40.68,40.68,41.3,41.1,39.03,36.95,36.56,34.53,34.53,35.1,35.18,32.35,31.63,31.73,32.35
602,47.9,47.15,40.8,40.8,41.45,41.25,39.18,36.95,36.68,34.53,34.53,35.13,35.3,32.45,31.65,31.83,32.4
603,48.05,47.23,40.84,40.84,41.55,41.3,39.23,37,36.72,34.55,34.55,35.18,35.38,32.5,31.73,31.88,32.48
604,48.05,47.23,40.76,40.76,41.5,41.28,39.23,36.95,36.74,34.5,34.5,35.18,35.3,32.5,31.7,31.88,32.48
605,48,47.2,40.76,40.76,41.3,41.13,39,36.7,36.52,34.43,34.43,35.13,35.23,32.38,31.63,31.88,32.4
606,47.9,46.95,40.7,40.7,41.28,41.03,38.93,36.575,36.3,34.38,34.38,35,35.1,32.3,31.6,31.8,32.4
607,47.93,47.03,40.7,40.7,41.18,40.98,38.93,36.55,36.26,34.35,34.35,34.93,35.03,32.35,31.63,31.8,32.4
608,48.08,47.1,40.7,40.7,41.25,41,38.95,36.55,36.3,34.35,34.35,34.9,35.18,32.43,31.63,31.83,32.45
609,48.08,47.23,40.7,40.7,41.25,41,38.95,36.525,36.34,34.33,34.33,34.9,35.18,32.45,31.63,31.85,32.45
610,48.08,47.23,40.64,40.64,41.25,40.93,38.93,36.425,36.26,34.28,34.28,34.9,35.13,32.43,31.6,31.85,32.45
611,48.03,47.13,40.62,40.62,41.2,40.78,38.8,36.225,36.06,34.18,34.18,34.73,35.08,32.4,31.6,31.78,32.45
612,48.1,47.18,40.56,40.56,41.1,40.75,38.73,36.175,35.98,34.18,34.18,34.63,35.08,32.4,31.6,31.75,32.45
613,48.13,47.23,40.56,40.56,41.1,40.73,38.73,36.15,35.98,34.15,34.15,34.63,35.08,32.4,31.58,31.75,32.48
614,48.2,47.35,40.56,40.56,41.1,40.75,38.73,36.1,35.96,34.08,34.08,34.6,35.08,32.4,31.63,31.8,32.48
615,48.3,47.5,40.56,40.56,41.1,40.75,38.73,36.1,35.96,34.08,34.08,34.6,35.08,32.4,31.65,31.85,32.5
616,48.35,47.58,40.58,40.58,41.13,40.75,38.75,36.075,35.92,34.05,34.05,34.6,35.1,32.45,31.65,31.9,32.55
617,48.43,47.65,40.64,40.64,41.15,40.75,38.75,36.05,35.88,34,34,34.6,35.1,32.45,31.7,31.95,32.58
618,48.45,47.7,40.66,40.66,41.2,40.78,38.75,36,35.88,33.95,33.95,34.58,35.1,32.45,31.68,31.95,32.63
619,48.55,47.8,40.66,40.66,41.2,40.78,38.75,35.95,35.86,33.93,33.93,34.6,35.1,32.5,31.73,31.98,32.65
620,48.65,47.85,40.66,40.66,41.2,40.78,38.75,35.9,35.82,33.93,33.93,34.6,35.13,32.5,31.75,31.98,32.68
621,48.8,47.9,40.66,40.66,41.18,40.8,38.75,35.875,35.82,33.88,33.88,34.58,35.15,32.5,31.78,32,32.73
622,48.9,48,40.72,40.72,41.18,40.83,38.75,35.875,35.82,33.88,33.88,34.55,35.18,32.55,31.8,32.05,32.78
623,49,48.13,40.76,40.76,41.18,40.83,38.8,35.85,35.8,33.85,33.85,34.55,35.18,32.6,31.83,32.1,32.85
624,49.13,48.3,40.82,40.82,41.25,40.85,38.8,35.825,35.78,33.85,33.85,34.55,35.25,32.6,31.9,32.18,32.85
625,49.23,48.35,40.88,40.88,41.25,40.9,38.85,35.825,35.78,33.83,33.83,34.38,35.33,32.63,31.93,32.25,32.93
626,49.23,48.4,40.88,40.88,41.25,40.88,38.83,35.725,35.76,33.75,33.75,34.55,35.33,32.65,31.93,32.25,32.95
627,49.23,48.38,40.82,40.82,41.23,40.78,38.73,35.6,35.64,33.7,33.7,34.45,35.3,32.65,31.9,32.25,32.95
628,49.2,48.33,40.8,40.8,41.15,40.73,38.6,35.475,35.54,33.68,33.68,34.4,35.23,32.63,31.9,32.25,32.9
629,49.2,48.3,40.7,40.7,41.08,40.68,38.58,35.4,35.46,33.63,33.63,34.35,35.23,32.68,31.93,32.25,32.9
630,49.2,48.33,40.7,40.7,41.05,40.68,38.55,35.4,35.42,33.58,33.58,34.35,35.2,32.65,31.93,32.25,32.9
631,49.28,48.38,40.72,40.72,41.08,40.65,38.55,35.4,35.42,33.58,33.58,34.33,35.2,32.7,31.95,32.25,32.95
632,49.43,48.5,40.72,40.72,41.08,40.65,38.58,35.4,35.42,33.58,33.58,34.33,35.2,32.73,32.03,32.35,33.05
633,49.5,48.63,40.76,40.76,41.1,40.68,38.63,35.325,35.42,33.55,33.55,34.33,35.3,32.78,32.05,32.38,33.08
634,49.53,48.63,40.76,40.76,41.13,40.68,38.6,35.3,35.38,33.53,33.53,34.33,35.3,32.75,32.05,32.4,33.13
635,49.53,48.65,40.76,40.76,41.13,40.65,38.58,35.3,35.36,33.45,33.45,34.3,35.28,32.78,32.05,32.4,33.13
636,49.53,48.65,40.78,40.78,41.13,40.63,38.55,35.25,35.32,33.45,33.45,34.28,35.28,32.78,32.05,32.4,33.15
637,49.6,48.7,40.76,40.76,41.13,40.65,38.55,35.2,35.3,33.43,33.43,34.23,35.28,32.8,32.05,32.4,33.15
638,49.65,48.73,40.76,40.76,41.13,40.63,38.55,35.125,35.28,33.45,33.45,34.23,35.28,32.8,32.08,32.4,33.15
639,49.7,48.8,40.78,40.78,41.13,40.63,38.53,35.1,35.26,33.45,33.45,34.23,35.28,32.85,32.15,32.5,33.2
640,49.85,48.9,40.78,40.78,41.13,40.63,38.58,35.075,35.24,33.4,33.4,34.23,35.33,32.85,32.2,32.53,33.28
641,49.9,48.93,40.82,40.82,41.13,40.65,38.58,35.075,35.24,33.4,33.4,34.23,35.33,32.85,32.23,32.58,33.28
642,50,49.05,40.84,40.84,41.18,40.65,38.58,35.075,35.24,33.4,33.4,34.23,35.4,32.9,32.25,32.63,33.33
643,50.05,49.08,40.88,40.88,41.2,40.68,38.63,35.075,35.24,33.4,33.4,34.23,35.43,32.95,32.28,32.68,33.38
644,50.08,49.15,40.88,40.88,41.2,40.68,38.63,35.075,35.24,33.38,33.38,34.28,35.3,33,32.3,32.73,33.43
645,50.23,49.18,40.92,40.92,41.2,40.7,38.63,35.025,35.22,33.38,33.38,34.25,35.48,33,32.35,32.78,33.43
646,50.25,49.23,40.98,40.98,41.2,40.7,38.63,35.05,35.22,33.38,33.38,34.25,35.53,33.05,32.43,32.8,33.5
647,50.33,49.38,40.98,40.98,41.2,40.75,38.68,35.05,35.24,33.38,33.38,34.25,35.53,33.05,32.45,32.83,33.58
648,50.38,49.4,40.98,40.98,41.2,40.78,38.7,35.025,35.24,33.38,33.38,34.25,35.6,33.08,32.53,32.85,33.65
649,50.45,49.45,41.02,41.02,41.23,40.78,38.73,35.025,35.24,33.38,33.38,34.25,35.63,33.18,32.55,32.93,33.68
650,50.5,49.53,41.04,41.04,41.25,40.78,38.73,35.05,35.24,33.35,33.35,34.3,35.63,33.23,32.58,32.98,33.78
651,50.55,49.55,41.06,41.06,41.28,40.8,38.73,35.05,35.24,33.38,33.38,34.33,35.68,33.25,32.6,33,33.83
652,50.58,49.58,41.06,41.06,41.28,40.8,38.73,35.025,35.24,33.38,33.38,34.33,35.73,33.3,32.68,33.05,33.83
653,50.6,49.6,41.08,41.08,41.28,40.8,38.73,34.975,35.24,33.38,33.38,34.33,35.73,33.3,32.68,33.1,33.9
654,50.65,49.6,41.08,41.08,41.3,40.8,38.75,34.95,35.22,33.38,33.38,34.33,35.78,33.35,32.7,33.2,33.9
655,50.7,49.68,41.1,41.1,41.35,40.8,38.75,34.95,35.24,33.4,33.4,34.38,35.8,33.4,32.78,33.2,33.98
656,50.83,49.83,41.18,41.18,41.4,40.85,38.8,34.95,35.28,33.43,33.43,34.4,35.9,33.5,32.83,33.3,34.08
657,51.05,50.03,41.26,41.26,41.48,40.95,38.98,35.025,35.36,33.48,33.48,34.53,35.98,33.63,32.95,33.4,34.23
658,51.15,50.13,41.3,41.3,41.58,41.08,39.05,35.1,35.46,33.53,33.53,34.63,36.1,33.68,33.03,33.58,34.3
659,51.25,50.2,41.3,41.3,41.58,41.13,39.05,35.1,35.46,33.53,33.53,34.63,36.1,33.73,33.03,33.58,34.33
660,51.13,50.13,41.3,41.3,41.55,41.05,39,35.05,35.42,33.53,33.53,34.63,36.1,33.73,33.03,33.58,34.33
661,51.08,50,41.22,41.22,41.5,40.9,38.95,35,35.36,33.5,33.5,34.55,36.1,33.7,33.03,33.58,34.33
662,50.98,49.93,41.16,41.16,41.45,40.88,38.88,34.925,35.3,33.48,33.48,34.5,36.08,33.7,33.05,33.58,34.33
663,50.95,49.93,41.16,41.16,41.45,40.85,38.85,34.925,35.3,33.48,33.48,34.5,36.08,33.73,33.08,33.58,34.35
664,51,49.98,41.16,41.16,41.48,40.88,38.88,34.925,35.3,33.5,33.5,34.53,36.1,33.8,33.18,33.7,34.43
665,51.1,50.05,41.24,41.24,41.53,40.9,38.9,34.925,35.34,33.55,33.55,34.58,36.15,33.85,33.18,33.75,34.53
666,51.23,50.18,41.26,41.26,41.58,41.03,38.98,35.025,35.38,33.6,33.6,34.63,36.23,33.95,33.28,33.85,34.6
667,51.33,50.23,41.28,41.28,41.63,41.08,39.05,35.05,35.42,33.65,33.65,34.7,36.28,34,33.35,34,34.73
668,51.43,50.38,41.34,41.34,41.68,41.13,39.18,35.125,35.52,33.7,33.7,34.8,36.4,34.13,33.43,34.1,34.78
669,51.45,50.38,41.42,41.42,41.73,41.18,39.18,35.15,35.54,33.7,33.7,34.83,36.45,34.18,33.48,34.13,34.83
670,51.48,50.38,41.42,41.42,41.73,41.18,39.23,35.15,35.6,33.75,33.75,34.85,36.55,34.18,33.53,34.18,34.88
671,51.5,50.43,41.46,41.46,41.73,41.18,39.25,35.175,35.6,33.78,33.78,34.88,36.55,34.2,33.58,34.18,34.9
672,51.55,50.48,41.46,41.46,41.75,41.18,39.3,35.2,35.64,33.8,33.8,34.93,36.6,34.3,33.68,34.25,35
673,51.58,50.5,41.5,41.5,41.78,41.25,39.3,35.25,35.68,33.88,33.88,34.95,36.65,34.35,33.7,34.3,35.05
674,51.6,50.63,41.56,41.56,41.83,41.3,39.4,35.3,35.76,33.98,33.98,35.03,36.73,34.5,33.8,34.38,35.15
675,51.68,50.63,41.58,41.58,41.9,41.33,39.45,35.4,35.82,34,34,35.15,36.78,34.53,33.9,34.43,35.23
676,51.78,50.68,41.64,41.64,41.98,41.43,39.48,35.45,35.86,34.08,34.08,35.2,36.9,34.63,33.98,34.58,35.33
677,51.85,50.75,41.7,41.7,42.08,41.53,39.55,35.5,35.94,34.13,34.13,35.3,37.03,34.75,34.08,34.73,35.45
678,52.1,50.9,41.78,41.78,42.2,41.65,39.7,35.575,36.02,34.25,34.25,35.43,37.08,34.85,34.2,34.83,35.55
679,52.18,51,41.82,41.82,42.3,41.73,39.85,35.65,36.18,34.35,34.35,35.55,37.2,34.95,34.28,34.98,35.65
680,52.23,51.08,41.88,41.88,42.3,41.75,39.85,35.725,36.2,34.38,34.38,35.6,37.28,35,34.33,35.03,35.73
681,52.2,51.1,41.9,41.9,42.3,41.75,39.85,35.75,36.2,34.43,34.43,35.6,37.28,35.03,34.35,35.03,35.78
682,52.15,51.03,41.9,41.9,42.3,41.75,39.85,35.75,36.24,34.43,34.43,35.6,37.33,35.05,34.38,35.03,35.78
683,52.18,50.93,41.9,41.9,42.3,41.73,39.85,35.75,36.24,34.48,34.48,35.63,37.35,35.13,34.45,35.1,35.83
684,52.18,50.93,41.9,41.9,42.33,41.73,39.85,35.8,36.24,34.55,34.55,35.7,37.35,35.2,34.48,35.13,35.88
685,52.2,50.93,41.94,41.94,42.38,41.83,39.93,35.85,36.28,34.63,34.63,35.73,37.43,35.33,34.63,35.23,35.95
686,52.25,51.05,41.96,41.96,42.45,41.93,40.03,35.875,36.42,34.73,34.73,35.88,37.55,35.38,34.7,35.33,36.08
687,52.33,51.1,42.02,42.02,42.55,42,40.08,35.975,36.48,34.78,34.78,35.98,37.58,35.5,34.75,35.5,36.18
688,52.43,51.13,42.04,42.04,42.63,42,40.13,36.05,36.54,34.83,34.83,36.08,37.7,35.55,34.9,35.63,36.28
689,52.48,51.2,42.06,42.06,42.68,42.08,40.23,36.2,36.58,34.9,34.9,36.18,37.8,35.65,34.9,35.7,36.38
690,52.53,51.28,42.16,42.16,42.75,42.13,40.3,36.225,36.74,34.98,34.98,36.23,37.85,35.7,35,35.75,36.45
691,52.58,51.35,42.2,42.2,42.78,42.18,40.33,36.35,36.8,35.03,35.03,36.38,37.95,35.85,35.1,35.85,36.53
692,52.6,51.43,42.28,42.28,42.83,42.23,40.43,36.475,36.88,35.15,35.15,36.33,38.1,35.93,35.23,35.93,36.63
693,52.68,51.45,42.3,42.3,42.98,42.35,40.5,36.55,37.02,35.28,35.28,36.48,38.18,36.03,35.25,36.05,36.73
694,52.75,51.53,42.4,42.4,43.05,42.43,40.6,36.6,37.16,35.43,35.43,36.6,38.25,36.15,35.43,36.13,36.9
695,52.8,51.58,42.44,42.44,43.13,42.58,40.75,36.725,37.26,35.45,35.45,36.73,38.4,36.23,35.58,36.23,36.98
696,52.98,51.78,42.6,42.6,43.3,42.75,40.9,36.925,37.46,35.63,35.63,36.95,38.6,36.4,35.68,36.43,37.13
697,53.13,51.98,42.76,42.76,43.43,42.9,41.15,37.025,37.68,35.75,35.75,37.13,38.8,36.58,35.85,36.63,37.38
698,53.23,52.08,42.9,42.9,43.48,43.08,41.25,37.2,37.76,35.85,35.85,37.25,38.93,36.7,35.93,36.8,37.48
699,53.23,52.08,42.9,42.9,43.48,43.08,41.23,37.25,37.82,35.93,35.93,37.28,38.98,36.78,35.93,36.83,37.53
700,53.15,52.03,42.88,42.88,43.48,43.05,41.25,37.2,37.82,35.93,35.93,37.28,38.98,36.8,35.93,36.83,37.5
701,53.13,51.83,42.88,42.88,43.48,42.98,41.23,37.225,37.8,35.98,35.98,37.28,38.98,36.78,35.98,36.8,37.5
702,53.03,51.73,42.82,42.82,43.48,42.95,41.2,37.225,37.78,36.05,36.05,37.28,38.88,36.85,36.03,36.83,37.53
703,53.03,51.7,42.82,42.82,43.53,42.95,41.2,37.3,37.84,36.15,36.15,37.3,38.95,36.88,36.18,36.9,37.6
704,53.03,51.78,42.84,42.84,43.63,43.03,41.25,37.4,37.9,36.28,36.28,37.35,39.1,37.03,36.25,37,37.65
705,53.1,51.83,42.86,42.86,43.65,43.13,41.35,37.55,38.04,36.33,36.33,37.55,39.2,37.05,36.38,37.15,37.83
706,53.15,51.93,42.96,42.96,43.7,43.18,41.48,37.7,38.18,36.5,36.5,37.65,39.4,37.2,36.48,37.28,37.93
707,53.18,52,43.04,43.04,43.83,43.3,41.6,37.825,38.34,36.58,36.58,37.85,39.45,37.38,36.58,37.4,38
708,53.28,52.1,43.16,43.16,43.9,43.4,41.7,37.95,38.42,36.63,36.63,37.88,39.6,37.45,36.65,37.5,38.13
709,53.3,52.15,43.18,43.18,44,43.48,41.8,38,38.52,36.7,36.7,37.98,39.7,37.58,36.75,37.55,38.28
710,53.33,52.2,43.28,43.28,44.05,43.53,41.88,38.125,38.64,36.88,36.88,38.13,39.75,37.63,36.83,37.68,38.38
711,53.38,52.2,43.32,43.32,44.15,43.65,42,38.2,38.7,36.98,36.98,38.25,39.83,37.7,36.9,37.8,38.48
712,53.4,52.28,43.4,43.4,44.2,43.73,42,38.325,38.78,37.1,37.1,38.325,39.9,37.8,36.93,37.85,38.58
713,53.4,52.3,43.42,43.42,44.3,43.8,42.08,38.4,38.88,37.23,37.23,38.45,39.95,37.9,37.05,37.98,38.68
714,53.53,52.33,43.5,43.5,44.4,43.9,42.18,38.55,39,37.3,37.3,38.55,40.13,38,37.13,38.1,38.7
715,53.55,52.4,43.58,43.58,44.48,43.93,42.28,38.6,39.14,37.4,37.4,38.675,40.2,38.18,37.25,38.23,38.83
716,53.55,52.45,43.6,43.6,44.6,43.98,42.38,38.75,39.22,37.48,37.48,38.7,40.33,38.2,37.35,38.28,38.88
717,53.6,52.48,43.68,43.68,44.6,44.03,42.4,38.8,39.3,37.58,37.58,38.775,40.38,38.3,37.48,38.3,38.9
718,53.63,52.45,43.72,43.72,44.63,44.05,42.45,38.85,39.42,37.6,37.6,38.85,40.4,38.33,37.5,38.38,38.98
719,53.6,52.45,43.74,43.74,44.7,44.08,42.5,38.9,39.44,37.65,37.65,38.875,40.48,38.43,37.53,38.4,39.05
720,53.63,52.45,43.78,43.78,44.78,44.15,42.55,39.05,39.5,37.75,37.75,39,40.58,38.48,37.63,38.58,39.13
721,53.6,52.48,43.86,43.86,44.9,44.23,42.6,39.15,39.6,37.9,37.9,39.125,40.73,38.55,37.73,38.63,39.23
722,53.6,52.58,44.02,44.02,44.93,44.35,42.7,39.225,39.72,38,38,39.2,40.8,38.7,37.83,38.7,39.35
723,53.68,52.68,44.08,44.08,45.03,44.4,42.8,39.375,39.9,38.13,38.13,39.325,40.88,38.78,37.88,38.75,39.38
724,53.7,52.7,44.12,44.12,45.1,44.43,42.93,39.5,39.98,38.23,38.23,39.5,40.93,38.88,37.98,38.8,39.48
725,53.73,52.7,44.22,44.22,45.2,44.58,43.03,39.575,40.06,38.38,38.38,39.6,41.03,38.98,38.1,38.98,39.68
726,53.83,52.9,44.32,44.32,45.3,44.73,43.13,39.725,40.22,38.5,38.5,39.65,41.23,39.05,38.2,39,39.73
727,53.9,52.95,44.4,44.4,45.33,44.78,43.23,39.775,40.38,38.58,38.58,39.825,41.3,39.1,38.3,39.18,39.85
728,53.93,53.03,44.48,44.48,45.43,44.88,43.28,39.85,40.56,38.68,38.68,39.95,41.38,39.2,38.38,39.23,40
729,53.88,53.28,44.6,44.6,45.4,44.93,43.38,39.975,40.72,38.75,38.75,40.05,41.5,39.28,38.45,39.4,40.05
730,53.85,53.4,44.68,44.68,45.48,45,43.4,40.15,40.96,38.83,38.83,40.15,41.63,39.43,38.48,39.5,40.13
731,53.85,53.43,44.78,44.78,45.44,45.1,43.55,40.35,41.14,38.95,38.95,40.3,41.7,39.55,38.55,39.58,40.25
732,53.88,53.48,44.82,44.82,45.68,45.18,43.65,40.425,41.26,39.03,39.03,40.475,41.83,39.68,38.6,39.65,40.38
733,53.88,53.5,44.9,44.9,45.73,45.3,43.85,40.6,41.32,39.15,39.15,40.6,42.08,39.78,38.83,39.8,40.53
734,53.95,53.58,44.9,44.9,45.83,45.35,44,40.675,41.42,39.3,39.3,40.725,42.08,39.9,38.9,39.85,40.63
735,54,53.58,45,45,45.88,45.5,44.08,40.825,41.48,39.45,39.45,40.875,42.18,40.1,38.98,40,40.75
736,54.05,53.58,45.08,45.08,45.98,45.58,44.13,40.875,41.6,39.6,39.6,40.875,42.28,40.23,39.13,40.15,40.88
737,54.1,53.6,45.08,45.08,46,45.68,44.23,41.1,41.72,39.68,39.68,41.075,42.5,40.35,39.33,40.35,40.98
738,54.23,53.6,45.12,45.12,46.13,45.73,44.33,41.25,41.88,39.93,39.93,41.175,42.65,40.63,39.48,40.53,41.15
739,54.5,53.58,45.18,45.18,46.35,45.88,44.45,41.45,41.98,40.05,40.05,41.3,42.73,40.73,39.7,40.65,41.2
740,54.63,53.58,45.22,45.22,46.45,46.03,44.58,41.575,42.02,40.2,40.2,41.4,42.8,40.83,39.8,40.83,41.35
741,54.73,53.58,45.26,45.26,46.55,46.1,44.7,41.675,42.06,40.33,40.33,41.5,42.98,40.95,39.9,41.03,41.45
742,54.78,53.6,45.28,45.28,46.6,46.18,44.78,41.75,42.12,40.38,40.38,41.6,43.08,41.05,39.98,41.05,41.53
743,54.83,53.6,45.3,45.3,46.63,46.2,44.95,41.825,42.22,40.5,40.5,41.875,43.18,41.15,40.08,41.08,41.7
744,54.98,53.7,45.36,45.36,46.78,46.33,45.05,41.975,42.32,40.75,40.75,42.025,43.28,41.28,40.23,41.25,41.85
745,55.08,53.68,45.48,45.48,46.8,46.48,45.15,42.15,42.42,40.93,40.93,42.15,43.33,41.4,40.33,41.43,42
746,55.13,53.7,45.54,45.54,46.88,46.6,45.25,42.375,42.64,40.98,40.98,42.225,43.4,41.58,40.45,41.48,42.05
747,55.18,53.73,45.6,45.6,46.98,46.68,45.35,42.5,42.74,41.08,41.08,42.35,43.55,41.63,40.6,41.63,42.2
748,55.18,53.78,45.66,45.66,47.1,46.73,45.5,42.525,42.9,41.25,41.25,42.5,43.68,41.75,40.7,41.78,42.3
749,55.23,53.83,45.7,45.7,47.25,46.83,45.6,42.675,42.98,41.4,41.4,42.6,43.7,41.85,40.85,41.8,42.43
750,55.23,53.88,45.78,45.78,47.38,47,45.68,42.825,43.12,41.53,41.53,42.775,43.88,41.95,40.93,41.95,42.58
751,55.28,53.9,45.78,45.78,47.38,47.1,45.75,42.95,43.34,41.6,41.6,42.875,43.98,42.2,40.95,42.03,42.68
752,55.35,53.93,45.86,45.86,47.43,47.13,45.83,43.1,43.4,41.68,41.68,42.9,43.98,42.23,41.08,42.08,42.75
753,55.43,54.03,45.96,45.96,47.48,47.2,46,43.2,43.46,41.73,41.73,43,44.05,42.28,41.15,42.23,42.8
754,55.48,54.05,46,46,47.58,47.2,46.05,43.3,43.54,41.83,41.83,43.125,44.15,42.33,41.15,42.33,42.85
755,55.53,54.03,46.08,46.08,47.58,47.18,46.08,43.425,43.6,42.05,42.05,43.175,44.35,42.45,41.25,42.38,42.9
756,55.58,54.08,46.06,46.06,47.63,47.3,46.15,43.525,43.7,42.18,42.18,43.275,44.35,42.5,41.4,42.53,43
757,55.65,54.08,46.14,46.14,47.7,47.33,46.18,43.55,43.86,42.3,42.3,43.375,44.4,42.55,41.45,42.63,43.03
758,55.63,54.08,46.22,46.22,47.98,47.48,46.23,43.625,43.96,42.35,42.35,43.55,44.55,42.7,41.58,42.63,43.05
759,55.65,54.05,46.3,46.3,48,47.55,46.4,43.8,43.98,42.43,42.43,43.75,44.7,42.88,41.68,42.68,43.08
760,55.68,54.15,46.3,46.3,48.03,47.6,46.58,43.925,44.02,42.58,42.58,43.875,44.78,42.95,41.73,42.9,43.18
761,55.73,54.18,46.34,46.34,48.05,47.75,46.78,44.025,44.26,42.7,42.7,44,44.98,43.08,41.93,43.08,43.43
762,55.7,54.18,46.4,46.4,48.1,47.83,46.78,44.225,44.34,42.88,42.88,44.05,44.98,43.08,42,43.35,43.58
763,55.88,54.53,46.54,46.54,48.15,47.93,47,44.425,44.64,42.98,42.98,44.2,45.1,43.25,42.23,43.45,43.73
764,56.15,54.7,46.68,46.68,48.38,48.33,47.2,44.7,45,43.18,43.18,44.475,45.48,43.53,42.3,43.6,43.88
765,56.15,54.68,46.78,46.78,48.48,48.35,47.2,44.875,45.08,43.33,43.33,44.575,45.5,43.58,42.38,43.6,44.03
766,56.13,54.58,46.76,46.76,48.58,48.33,47.2,44.9,45.12,43.38,43.38,44.6,45.5,43.63,42.38,43.6,44.03
767,56.13,54.5,46.78,46.78,48.58,48.33,47.2,44.9,45.1,43.43,43.43,44.6,45.53,43.73,42.45,43.6,44.15
768,56.08,54.45,46.8,46.8,48.63,48.35,47.23,44.95,45.08,43.6,43.6,44.625,45.58,43.75,42.48,43.75,44.18
769,56.1,54.48,46.82,46.82,48.73,48.4,47.3,45,45.06,43.73,43.73,44.75,45.7,43.88,42.55,43.95,44.35
770,56.15,54.53,46.84,46.84,48.75,48.48,47.33,45.025,45.1,43.78,43.78,44.75,45.68,43.9,42.68,44.03,44.43
771,56.13,54.48,47.02,47.02,48.88,48.5,47.45,45.075,45.16,43.8,43.8,44.95,45.78,43.93,42.75,44.08,44.6
772,56.2,54.48,47.02,47.02,48.85,48.5,47.55,45.175,45.34,43.9,43.9,45.05,45.85,43.98,42.9,44.08,44.63
773,56.23,54.5,47.02,47.02,48.85,48.55,47.58,45.3,45.5,44.08,44.08,45.05,46.03,44.08,42.98,44.1,44.63
774,56.23,54.5,47.1,47.1,48.88,48.73,47.65,45.425,45.58,44.25,44.25,45.1,46.1,44.3,43.08,44.1,44.65
775,56.23,54.5,47.12,47.12,49.03,48.8,47.8,45.5,45.66,44.38,44.38,45.55,46.13,44.45,43.13,44.2,44.7
776,56.33,54.5,47.08,47.08,49.08,48.8,47.85,45.6,45.84,44.48,44.48,45.625,46.23,44.5,43.18,44.33,44.88
777,56.58,54.53,47.24,47.24,49.33,48.8,47.95,45.825,45.88,44.58,44.58,45.675,46.28,44.48,43.4,44.6,44.9
778,56.58,54.53,47.42,47.42,49.4,48.93,47.98,46.1,45.94,44.63,44.63,45.725,46.33,44.53,43.43,44.6,45
779,56.6,54.6,47.44,47.44,49.53,48.98,48.3,46.225,46.08,44.65,44.65,45.95,46.4,44.6,43.5,44.68,45.08
780,56.65,54.78,47.5,47.5,49.58,49.1,48.45,46.275,46.16,44.75,44.75,46.075,46.48,44.88,43.5,44.75,45.2
781,56.68,54.75,47.6,47.6,49.63,49.13,48.43,46.325,46.38,44.85,44.85,46.175,46.55,45,43.53,44.9,45.25
782,56.73,54.85,47.6,47.6,49.6,49.15,48.45,46.425,46.44,44.9,44.9,46.15,46.7,45.13,43.53,44.9,45.4
783,56.7,54.85,47.68,47.68,49.55,49.28,48.5,46.525,46.62,45,45,46.325,46.73,45.18,43.58,44.98,45.45
784,56.68,54.88,47.74,47.74,49.68,49.35,48.55,46.675,46.78,45.1,45.1,46.55,46.83,45.3,43.6,45.05,45.53
785,56.75,54.93,47.76,47.76,49.73,49.48,48.58,46.875,46.92,45.3,45.3,46.65,47,45.28,43.78,45.15,45.8
786,56.85,54.95,47.8,47.8,49.88,49.5,48.8,47.05,46.98,45.43,45.43,46.7,47.08,45.53,43.93,45.33,45.93
787,56.9,55.03,48,48,50.08,49.65,48.95,47.275,47,45.53,45.53,46.75,47.38,45.53,44.25,45.35,45.95
788,57.1,55,48.12,48.12,50.25,49.8,49.03,47.375,47.18,45.68,45.68,46.95,47.63,45.8,44.38,45.78,46.03
789,57.28,55.13,48.2,48.2,50.33,49.98,49.18,47.55,47.44,46.08,46.08,47.15,47.7,45.98,44.5,46,46.18
790,57.48,55.15,48.32,48.32,50.5,50.08,49.3,47.65,47.5,46.25,46.25,47.225,47.93,46.25,44.58,46.05,46.2
791,57.58,55.18,48.58,48.58,50.63,50.15,49.45,47.875,47.64,46.48,46.48,47.35,47.98,46.35,44.75,46.18,46.33
792,57.7,55.18,48.62,48.62,50.7,50.2,49.55,47.9,47.82,46.6,46.6,47.35,48,46.43,44.95,46.25,46.38
793,57.73,55.18,48.66,48.66,50.83,50.3,49.58,47.975,47.84,46.7,46.7,47.425,48.05,46.53,45.03,46.3,46.43
794,57.8,55.18,48.78,48.78,50.9,50.33,49.58,48,47.88,46.83,46.83,47.525,48.08,46.6,45.05,46.4,46.43
795,57.78,55.15,48.82,48.82,50.9,50.33,49.63,48.025,47.92,46.85,46.85,47.6,48.13,46.68,45.1,46.45,46.48
796,57.78,55.13,48.82,48.82,50.95,50.33,49.68,48.075,48.04,46.85,46.85,47.7,48.2,46.7,45.1,46.5,46.55
797,57.8,55.18,48.86,48.86,50.98,50.45,49.7,48.25,48.12,46.9,46.9,47.75,48.25,46.7,45.1,46.58,46.65
798,57.73,55.18,48.9,48.9,51.03,50.53,49.73,48.35,48.18,46.93,46.93,47.85,48.38,46.75,45.15,46.7,46.7
799,57.78,55.18,48.96,48.96,51.05,50.6,49.93,48.5,48.42,47.03,47.03,48.075,48.5,46.8,45.23,46.75,46.78
800,57.83,55.2,49.02,49.02,51.13,50.78,50,48.7,48.58,47.15,47.15,48.225,48.68,46.85,45.28,46.83,46.93
801,57.83,55.35,49.12,49.12,51.23,50.9,50.15,48.875,48.78,47.23,47.23,48.325,48.83,47,45.43,47,47.15
802,57.93,55.45,49.24,49.24,51.28,51.05,50.3,49.05,48.96,47.38,47.38,48.475,48.98,47.25,45.63,47.13,47.38
803,58.08,55.63,49.32,49.32,51.5,51.25,50.5,49.25,49.08,47.55,47.55,48.725,49.08,47.33,45.78,47.3,47.58
804,58.18,55.7,49.44,49.44,51.53,51.4,50.73,49.375,49.3,47.68,47.68,48.925,49.3,47.48,45.88,47.55,47.7
805,58.3,55.85,49.56,49.56,51.65,51.6,50.9,49.525,49.4,47.75,47.75,49.025,49.43,47.7,46.08,47.63,47.83
806,58.35,55.93,49.6,49.6,51.83,51.65,50.93,49.7,49.56,47.88,47.88,49.2,49.55,47.75,46.18,47.73,47.98
807,58.53,56.03,49.72,49.72,51.93,51.78,51.05,49.85,49.68,48.1,48.1,49.325,49.68,47.98,46.23,47.9,48.1
808,58.55,56.13,49.76,49.76,52.03,51.9,51.15,49.975,49.8,48.18,48.18,49.525,49.73,48.03,46.35,47.95,48.23
809,58.6,56.15,49.88,49.88,52.03,51.93,51.28,50.05,49.88,48.3,48.3,49.6,49.83,48.2,46.43,48.1,48.3
810,58.68,56.28,49.94,49.94,52.1,51.98,51.28,50.275,49.9,48.35,48.35,49.6,49.9,48.18,46.53,48.15,48.35
811,58.68,56.28,50.04,50.04,52.13,52.03,51.38,50.325,49.96,48.43,48.43,49.75,50,48.2,46.63,48.2,48.48
812,58.75,56.25,50.06,50.06,52.18,52,51.53,50.425,50.04,48.53,48.53,49.875,50.08,48.3,46.68,48.23,48.58
813,58.85,56.25,50.04,50.04,52.3,52.03,51.55,50.5,50.12,48.58,48.58,50.075,50.15,48.4,46.7,48.35,48.65
814,59.05,56.3,50.04,50.04,52.38,52.15,51.58,50.525,50.2,48.6,48.6,50.05,50.18,48.45,46.7,48.35,48.73
815,59.05,56.33,50.12,50.12,52.4,52.25,51.63,50.6,50.3,48.7,48.7,50.1,50.28,48.45,46.8,48.48,48.85
816,59.1,56.38,50.12,50.12,52.45,52.25,51.7,50.7,50.34,48.83,48.83,50.225,50.38,48.53,46.95,48.48,48.98
817,59.13,56.45,50.18,50.18,52.58,52.43,51.7,50.825,50.4,48.98,48.98,50.25,50.48,48.55,47.05,48.53,48.98
818,59.23,56.45,50.26,50.26,52.65,52.48,52.08,50.9,50.66,49.15,49.15,50.325,50.5,48.6,47.05,48.63,48.98
819,59.3,56.48,50.5,50.5,52.8,52.5,52.13,51.05,50.7,49.2,49.2,50.425,50.55,48.78,47.2,48.95,49.13
820,59.43,56.6,50.7,50.7,52.88,52.6,52.35,51.225,50.76,49.3,49.3,50.775,50.63,49.1,47.33,49.35,49.15
821,59.68,56.8,51.12,51.12,53.05,52.95,52.53,51.4,51.12,49.6,49.6,51.075,51.1,49.23,47.5,49.5,49.5
822,60.33,57.58,51.56,51.56,53.68,53.73,53.2,52.05,51.88,49.88,49.88,51.625,51.65,49.73,48,49.98,49.98
823,60.85,58.2,51.98,51.98,54.03,54.5,53.7,52.975,52.5,50.15,50.15,52.325,52.25,50,48.48,50.58,50.65
824,60.53,58.13,51.84,51.84,53.95,54.45,53.25,52.975,52.4,50.23,50.23,52.325,52.28,50.08,48.35,50.5,50.63
825,60.25,57.38,51.8,51.8,53.8,54.15,52.9,52.875,52.24,50,50,51.65,52.18,50.03,47.95,50.25,50.25
826,60.05,57.05,51.58,51.58,53.75,53.83,52.93,52.525,51.94,50.15,50.15,51.5,51.6,49.9,47.95,50.18,50.05
827,60.03,56.83,51.42,51.42,53.58,53.5,52.85,52.3,51.66,50.33,50.33,51.325,51.48,49.93,47.93,50.03,49.9
828,60.18,57,51.42,51.42,53.58,53.5,52.85,52.325,51.78,50.4,50.4,51.525,51.58,49.95,48.18,50.08,50.13
829,60.1,57.1,51.46,51.46,53.28,53.5,52.85,52.325,51.78,50.45,50.45,51.55,51.58,49.98,48.18,50.2,50.2
830,60.1,57,51.46,51.46,53.28,53.45,52.83,52.225,51.76,50.45,50.45,51.575,51.5,49.95,48.18,50.08,50.1
831,60.13,56.88,51.44,51.44,53.55,53.38,52.85,52.175,51.72,50.55,50.55,51.475,51.43,49.95,48.2,50.08,50.05
832,60.15,56.63,51.38,51.38,53.55,53.4,52.83,52.175,51.66,50.63,50.63,51.475,51.43,50.08,48.28,50.05,49.98
833,60.28,56.83,51.4,51.4,53.7,53.43,53.03,52.375,51.8,50.75,50.75,51.675,51.5,50.13,48.5,50.2,50.05
834,60.48,57.28,51.7,51.7,53.88,53.85,53.5,52.65,52.26,50.85,50.85,51.825,51.78,50.25,48.75,50.55,50.4
835,60.58,57.6,51.76,51.76,54.08,54.23,53.68,52.975,52.66,50.95,50.95,52.25,52.2,50.55,48.78,50.73,50.68
836,60.45,57.4,51.7,51.7,54.05,54.05,53.63,52.95,52.64,50.98,50.98,52.25,52.23,50.5,48.75,50.6,50.6
837,60.45,57.25,51.7,51.7,54.05,53.93,53.6,52.925,52.48,51.03,51.03,52.2,52.13,50.5,48.78,50.5,50.55
838,60.45,57.05,51.7,51.7,53.98,53.83,53.5,52.925,52.32,51.1,51.1,52.05,51.9,50.55,48.73,50.45,50.45
839,60.4,56.93,51.7,51.7,53.95,53.88,53.43,52.95,52.28,51.18,51.18,52.1,51.85,50.6,48.75,50.48,50.48
840,60.55,56.88,51.7,51.7,54.03,53.95,53.43,53,52.34,51.28,51.28,52.1,52.05,50.73,48.85,50.53,50.48
841,60.55,56.98,51.74,51.74,54.08,54.13,53.43,53.125,52.54,51.43,51.43,52.25,52.1,50.78,48.85,50.65,50.58
842,60.5,56.98,51.84,51.84,54.05,54.1,53.48,53.175,52.56,51.33,51.33,52.3,52.23,50.88,48.9,50.7,50.6
843,60.53,56.98,51.86,51.86,54,54.1,53.5,53.175,52.66,51.33,51.33,52.325,52.28,50.95,48.9,50.63,50.63
844,60.48,56.98,51.86,51.86,54.08,54.1,53.63,53.225,52.74,51.38,51.38,52.375,52.25,50.95,49.03,50.7,50.73
845,60.53,56.9,51.84,51.84,54.05,54.13,53.65,53.2,52.86,51.4,51.4,52.35,52.3,51.05,49.05,50.85,50.68
846,60.53,57,51.9,51.9,54.1,54.13,53.78,53.4,52.78,51.5,51.5,52.375,52.38,50.98,49.03,50.98,50.73
847,60.58,57,51.9,51.9,54.18,54.05,53.8,53.95,52.8,51.68,51.68,52.35,52.35,50.98,49.13,51.15,50.75
848,60.6,56.93,51.86,51.86,54.18,54.13,54.03,53.85,52.94,51.75,51.75,52.35,52.35,51,48.95,51.08,51.03
849,60.6,56.9,51.88,51.88,54.18,54.15,54,53.85,53.02,51.75,51.75,52.325,52.35,51.03,49.23,51.13,51.05
850,60.88,56.88,51.78,51.78,54.45,54.45,54,53.825,53.2,51.8,51.8,52.5,52.4,51.1,49.23,51.2,51
851,60.78,56.9,51.76,51.76,54.38,54.48,54.1,53.825,53.24,51.75,51.75,52.525,52.48,51.13,49.28,51.1,51.2
852,60.85,56.95,51.84,51.84,54.45,54.43,54.05,53.9,53.3,51.93,51.93,52.525,52.58,51.23,49.35,51.23,51.2
853,60.95,57.15,51.88,51.88,54.45,54.6,54.38,53.975,53.3,52.08,52.08,52.65,52.68,51.3,49.35,51.25,51.25
854,60.93,57.08,52.26,52.26,54.5,54.85,54.4,54.05,53.42,52.1,52.1,52.675,52.78,51.55,49.38,51.2,51.05
855,61.05,57.1,52.32,52.32,54.5,54.8,54.38,54.1,53.5,52.15,52.15,53.125,52.68,51.58,49.38,51.38,51.13
856,61.1,57.28,52.3,52.3,54.55,54.88,54.33,54.3,53.58,52.18,52.18,53.225,52.73,51.7,49.65,51.38,51.08
857,61.18,57.25,52.28,52.28,54.68,54.9,54.33,54.35,53.58,52.23,52.23,53.45,52.75,51.65,49.65,51.38,51.15
858,61.3,57.4,52.32,52.32,54.68,54.95,54.35,54.45,53.7,52.23,52.23,53.575,52.98,51.63,49.75,51.35,51.15
859,61.35,57.38,52.4,52.4,54.65,55.08,54.38,54.45,53.8,52.33,52.33,53.6,52.98,51.75,49.78,51.4,51.28
860,61.55,57.33,52.42,52.42,54.74,55.05,54.6,54.45,53.96,52.38,52.38,53.5,53.08,51.83,49.78,51.55,51.33
861,61.45,57.43,52.44,52.44,54.75,55.08,54.85,54.475,54,52.4,52.4,53.525,53.23,51.9,50.03,51.7,51.58
862,61.48,57.45,52.48,52.48,54.8,55.13,55,54.6,53.96,52.48,52.48,53.55,53.28,52.03,50.1,51.75,51.55
863,61.58,57.48,52.6,52.6,55,55.18,55.1,54.575,53.98,52.65,52.65,53.6,53.48,52.1,50.18,51.73,51.58
864,61.6,57.5,52.76,52.76,55.08,55.2,55.08,54.85,54.02,52.68,52.68,53.85,53.68,52.08,50.13,51.8,51.65
865,61.65,57.5,52.78,52.78,55.15,55.33,55.08,54.85,54.02,52.7,52.7,53.925,53.68,52.08,50.13,51.88,51.85
866,61.75,57.53,52.8,52.8,55.08,55.23,55.05,54.875,54.1,52.7,52.7,53.9,53.7,52.2,50.18,52.08,51.98
867,61.75,57.6,52.88,52.88,55.08,55.23,55.13,55,54.18,52.83,52.83,53.95,53.7,52.3,50.23,52.1,52
868,61.75,57.65,52.88,52.88,55.13,55.33,55.13,55.075,54.24,52.93,52.93,54.075,53.73,52.33,50.35,52.1,52
869,61.78,57.68,52.92,52.92,55.25,55.48,55.08,55.1,54.32,53.05,53.05,54.15,53.8,52.43,50.35,52.1,52
870,61.93,57.68,52.94,52.94,55.53,55.45,55.08,55.175,54.38,53.05,53.05,54.15,53.9,52.45,50.45,52.1,52.08
871,61.93,57.75,53,53,55.63,55.43,55.23,55.2,54.42,53.23,53.23,54.3,53.93,52.5,50.63,52.13,52.1
872,61.93,57.75,53.02,53.02,55.7,55.5,55.25,55.3,54.5,53.3,53.3,54.35,53.95,52.55,50.65,52.15,52.13
873,61.95,57.85,53.24,53.24,55.73,55.6,55.4,55.4,54.64,53.43,53.43,54.475,53.95,52.68,50.75,52.4,52.25
874,62.05,57.88,53.3,53.3,55.73,55.65,55.43,55.4,54.66,53.43,53.43,54.475,54,52.65,50.75,52.48,52.3
875,62.23,57.93,53.32,53.32,55.73,55.8,55.43,55.475,54.8,53.45,53.45,54.55,54,52.68,50.83,52.55,52.35
876,62.28,58,53.38,53.38,55.78,55.9,55.6,55.55,54.86,53.48,53.48,54.7,54.08,52.75,50.85,52.58,52.58
877,62.45,58.13,53.42,53.42,55.88,55.95,55.68,55.725,54.9,53.63,53.63,54.7,54.23,52.93,50.9,52.68,52.55
878,62.58,58.18,53.44,53.44,55.95,55.95,55.68,55.8,55.02,53.73,53.73,54.75,54.33,53.23,50.93,52.75,52.65
879,62.65,58.28,53.52,53.52,56.23,56.13,55.78,55.9,55.1,53.78,53.78,54.85,54.48,53.3,51.15,52.85,52.8
880,62.75,58.5,53.74,53.74,56.3,56.28,56.05,56.125,55.36,53.83,53.83,55.15,54.68,53.33,51.23,53.03,52.93
881,63.05,59.05,54.22,54.22,56.7,56.65,56.38,56.4,55.82,54.08,54.08,55.425,55.15,53.53,51.43,53.43,53.25
882,63.15,59.65,54.86,54.86,56.93,57.25,56.75,56.6,56.44,54.18,54.18,55.9,55.6,53.6,51.5,54.05,53.4
883,62.38,59.73,54.96,54.96,56.83,57.1,56.68,56.65,56.56,54.15,54.15,55.975,55.65,53.78,51.6,54.1,53.48
884,62.48,59.43,55.06,55.06,56.68,57,56.63,56.75,55.92,54.33,54.33,56.05,55.6,53.88,51.6,54.13,53.48
885,62.53,59.18,55.08,55.08,56.73,56.78,56.6,56.575,55.76,54.23,54.23,55.475,55.5,53.8,51.7,53.95,53.5
886,62.58,59.08,55.04,55.04,56.6,56.7,56.45,56.6,55.6,54.48,54.48,55.425,55.2,53.8,51.68,53.85,53.3
887,63.15,58.85,54.62,54.62,56.63,56.4,56.18,56.675,55.5,54.6,54.6,55.325,54.95,53.78,51.65,53.68,53.33
888,63.93,58.6,54.54,54.54,56.63,56.38,56.18,56.775,55.46,54.75,54.75,55.375,54.75,53.88,51.8,53.73,53.3
889,63.98,58.63,54.54,54.54,56.63,56.4,56.2,56.8,55.52,54.85,54.85,55.375,54.73,53.98,51.83,53.9,53.33
890,63.98,58.53,54.52,54.52,56.6,56.48,56.28,56.75,55.5,54.88,54.88,55.4,54.75,53.98,51.8,53.85,53.43
891,63.9,58.55,54.5,54.5,56.65,56.53,56.3,56.75,55.62,54.85,54.85,55.45,55.03,54.03,51.9,53.88,53.45
892,63.93,58.58,54.52,54.52,56.78,56.63,56.35,56.75,55.74,54.88,54.88,55.55,55.1,54.08,51.88,53.88,53.48
893,63.88,58.63,54.52,54.52,56.8,56.78,56.45,56.825,55.78,54.93,54.93,55.6,55.13,54.13,51.9,53.9,53.5
894,63.85,58.65,54.6,54.6,56.85,56.8,56.53,56.875,55.92,54.95,54.95,55.65,55.18,54.13,52.03,53.93,53.55
895,63.8,58.9,54.8,54.8,57.05,56.9,56.75,56.9,56.08,54.98,54.98,55.75,55.45,54.25,52.05,54.03,53.7
896,63.83,58.95,54.88,54.88,57.1,56.95,56.78,57,56.36,54.95,54.95,55.925,55.7,54.28,52.1,54.15,53.63
897,63.7,58.93,54.88,54.88,57.33,57.03,56.78,56.975,56.46,54.95,54.95,56.175,55.78,54.45,52.13,54.1,53.73
898,63.68,59,54.86,54.86,57.28,57.13,57.1,56.95,56.42,54.9,54.9,56.125,55.78,54.45,52.08,54.05,53.8
899,63.68,58.93,54.92,54.92,57.28,57.03,57.03,57.025,56.2,54.95,54.95,56.125,55.68,54.48,52.18,54.15,53.78
900,63.73,58.7,54.64,54.64,57.18,56.9,56.9,57.025,56.08,55.1,55.1,55.975,55.65,54.5,52.3,54.2,53.78
901,64.08,58.63,54.62,54.62,57.08,56.93,56.95,57.025,56.02,55.35,55.35,55.975,55.53,54.5,52.33,54.33,53.8
902,64.25,58.65,54.72,54.72,57.2,57.05,56.98,57.1,56.1,55.48,55.48,56.075,55.53,54.53,52.35,54.38,53.8
903,64.3,58.68,54.82,54.82,57.23,57.1,57,57.175,56.12,55.55,55.55,56.15,55.6,54.53,52.33,54.4,53.8
904,64.33,58.83,55.02,55.02,57.33,57.33,57.2,57.3,56.32,55.53,55.53,56.175,55.78,54.55,52.3,54.48,53.85
905,64.18,59,55.16,55.16,57.33,57.48,57.35,57.325,56.66,55.55,55.55,56.625,55.98,54.6,52.38,54.7,53.98
906,64.03,58.98,54.98,54.98,57.3,57.45,57.28,57.3,56.68,55.53,55.53,56.75,55.88,54.78,52.5,54.68,54.05
907,64.05,58.8,55,55,57.33,57.43,57.05,57.275,56.66,55.45,55.45,56.775,55.83,54.85,52.38,54.58,53.98
908,64.15,58.78,55.2,55.2,57.35,57.3,57.15,57.3,56.68,55.6,55.6,56.725,55.85,54.88,52.38,54.58,53.9
909,64.2,58.65,55.16,55.16,57.35,57.3,57.05,57.375,56.36,55.63,55.63,56.5,55.78,54.88,52.45,54.43,53.85
910,64.6,58.6,55.08,55.08,57.38,57.4,57.03,57.425,56.24,55.65,55.65,56.425,55.6,54.93,52.53,54.53,54.05
911,64.7,58.68,55.08,55.08,57.38,57.45,57.2,57.45,56.32,55.88,55.88,56.4,55.73,54.95,52.63,54.6,54.1
912,64.68,58.7,55.1,55.1,57.38,57.45,57.25,57.55,56.42,55.88,55.88,56.4,55.75,54.93,52.63,54.6,54.13
913,64.68,58.75,55.18,55.18,57.4,57.5,57.25,57.55,56.64,55.9,55.9,56.425,55.83,54.98,52.63,54.63,54.23
914,64.63,58.8,55.26,55.26,57.43,57.55,57.33,57.6,56.68,55.93,55.93,56.5,56.05,54.98,52.65,54.68,54.3
915,64.58,58.95,55.34,55.34,57.68,57.6,57.5,57.7,56.94,55.9,55.9,56.7,56.08,55,52.68,54.83,54.4
916,64.6,59.43,55.58,55.58,57.85,57.8,57.68,58.025,57.38,55.9,55.9,56.825,56.4,55.05,52.83,54.88,54.45
917,64.45,59.45,55.66,55.66,57.8,57.88,57.7,58.075,57.44,55.9,55.9,57.1,56.65,54.95,52.8,55.2,54.7
918,64.53,59.48,55.58,55.58,57.7,57.85,57.63,58.1,57.38,55.95,55.95,57.075,56.8,55.03,52.8,55.18,54.65
919,64.75,59.55,55.72,55.72,57.83,57.83,57.65,57.925,57.34,55.93,55.93,56.925,56.75,55.15,52.88,55.13,54.63
920,64.78,59.48,55.72,55.72,57.85,57.95,57.65,58.15,57.32,56.05,56.05,56.95,56.75,55.3,52.98,55.28,54.55
921,64.93,59.18,55.62,55.62,57.8,57.85,57.58,57.975,57.14,56.05,56.05,56.825,56.58,55.25,53.15,55.13,54.6
922,65.53,59.1,55.64,55.64,58.83,57.73,57.65,58.075,57.04,56.33,56.33,56.7,56.3,55.28,53.23,55.23,54.6
923,65.53,59.08,55.64,55.64,57.8,57.78,57.85,58.225,57.06,56.48,56.48,56.725,56.33,55.35,53.25,55.2,54.63
924,65.48,59.05,55.64,55.64,57.8,57.83,57.83,58.275,56.98,56.55,56.55,56.825,56.4,55.4,53.28,55.2,54.68
925,65.38,59.1,55.62,55.62,57.83,57.9,57.85,58.3,57.02,56.53,56.53,56.825,56.4,55.43,53.33,55.23,54.55
926,65.38,59.08,55.64,55.64,57.85,57.93,57.88,58.275,57.06,56.45,56.45,56.85,56.38,55.45,53.28,55.15,54.58
927,65.38,59.18,55.6,55.6,57.9,57.88,57.9,58.275,57.12,56.43,56.43,56.95,56.45,55.45,53.1,55.15,54.6
928,65.28,59.18,55.6,55.6,57.9,57.9,57.93,58.15,57.12,56.45,56.45,56.9,56.43,55.5,53.13,55.08,54.53
929,65.18,59.1,55.64,55.64,57.93,58,57.93,58.15,57.12,56.43,56.43,56.975,56.4,55.45,53.13,55.15,54.53
930,65.18,59.15,55.64,55.64,57.93,58.05,57.93,58.175,57.16,56.48,56.48,56.975,56.48,55.58,53.13,55.18,54.53
931,65.2,59.18,55.62,55.62,57.9,57.98,57.93,58.25,57.16,56.48,56.48,56.975,56.53,55.6,53.15,55.23,54.58
932,65.08,59.2,55.62,55.62,57.98,57.95,58,58.45,57.22,56.43,56.43,57.025,56.58,55.63,53.15,55.23,54.68
933,65,59.18,55.64,55.64,57.98,58.08,58.15,58.45,57.24,56.43,56.43,57.1,56.58,55.7,53.23,55.15,54.83
934,65,59.1,55.74,55.74,58.05,58.08,58.15,58.45,57.38,56.4,56.4,57.125,56.55,55.68,53.25,55.15,54.8
935,65.03,59.13,55.76,55.76,58.28,58.1,58.13,58.475,57.5,56.45,56.45,57.175,56.55,55.68,53.28,55.33,54.78
936,65.05,59.25,55.9,55.9,58.28,58.1,58.05,58.5,57.6,56.55,56.55,57.2,56.65,55.65,53.3,55.4,54.83
937,65.05,59.25,55.92,55.92,58.3,58.13,58.1,58.525,57.62,56.58,56.58,57.325,56.78,55.78,53.38,55.48,54.88
938,64.98,59.45,55.94,55.94,58.35,58.28,58.1,58.525,57.68,56.6,56.6,57.425,56.85,55.88,53.4,55.53,54.93
939,64.9,59.48,55.94,55.94,58.35,58.3,58.13,58.525,57.68,56.63,56.63,57.7,57,55.98,53.43,55.55,54.98
940,64.88,59.55,56.04,56.04,58.35,58.25,58.18,58.475,57.66,56.65,56.65,57.8,57.03,56.03,53.4,55.58,55.03
941,64.98,59.53,56.1,56.1,58.43,58.25,58.2,58.475,57.72,56.8,56.8,57.775,57.15,56.08,53.45,55.6,55.03
942,65.13,59.53,56.08,56.08,58.45,58.28,58.25,58.5,57.7,56.83,56.83,57.775,57.13,56.03,53.48,55.6,55.08
943,65.3,59.45,56.1,56.1,58.43,58.28,58.33,58.525,57.8,56.8,56.8,57.8,57.13,56.03,53.53,55.65,55.08
944,65.5,59.43,56.22,56.22,58.48,58.4,58.33,58.6,57.72,56.93,56.93,57.8,57.18,56.13,53.55,55.7,55.13
945,65.5,59.48,56.28,56.28,58.48,58.43,58.33,58.775,57.74,57.08,57.08,57.8,57.23,56.15,53.65,55.75,55.15
946,65.58,59.5,56.26,56.26,58.55,58.53,58.35,58.825,57.74,57.18,57.18,57.875,57.33,56.2,53.75,55.75,55.2
947,65.65,59.65,56.28,56.28,58.55,58.58,58.4,58.875,57.86,57.15,57.15,57.9,57.28,56.18,53.75,55.73,55.3
948,65.65,59.65,56.32,56.32,58.65,58.58,58.5,59,57.94,57.2,57.2,57.95,57.28,56.23,53.75,55.85,55.35
949,65.63,59.68,56.5,56.5,58.7,58.68,58.5,59.025,58,57.23,57.23,57.9,57.28,56.3,53.85,55.93,55.45
950,64.55,58.7,55.44,55.44,57.58,57.7,57.38,57.875,56.72,56.35,56.35,56.575,56.15,55.13,52.63,54.7,54.23
951,63.05,57.83,54.28,54.28,56.43,56.5,56.15,56.675,55.66,55.13,55.13,55.35,54.65,53.78,51.25,53.1,52.75
952,62.53,57.55,54.08,54.08,56.23,56,55.75,56.275,55.34,54.58,54.58,55,54.38,53.43,50.78,52.65,52.35
953,62.33,57.3,53.98,53.98,56.18,55.9,55.5,56.225,55.18,54.18,54.18,54.825,54.23,53.18,50.73,52.55,52.25
954,62.3,57.28,53.84,53.84,55.95,55.85,55.43,56.1,55.02,54.05,54.05,54.775,53.98,52.98,50.55,52.35,52.05
955,62.23,57.08,53.72,53.72,55.68,55.78,55.3,55.825,54.84,53.98,53.98,54.575,53.75,52.75,50.33,52.18,51.8
956,62.15,56.65,53.26,53.26,55.43,55.4,54.98,55.525,54.42,53.8,53.8,54.325,53.45,52.4,50.1,51.7,51.58
957,61.93,56.45,53.04,53.04,55,55.05,54.8,55.275,54.18,53.48,53.48,53.925,52.98,52,49.73,51.3,51.13
958,61.55,56.28,52.88,52.88,54.83,54.7,54.38,54.95,53.9,53.25,53.25,53.65,52.7,51.53,49.43,50.85,50.9
959,61.23,56.15,52.6,52.6,54.55,54.58,54.13,54.725,53.72,52.9,52.9,53.5,52.58,51.33,49.13,50.43,50.53
960,61.03,55.9,52.34,52.34,54.5,54.33,54.03,54.5,53.58,52.65,52.65,53.175,52.35,50.98,48.85,50.33,50.35
961,60.8,55.78,52.24,52.24,54.28,54.18,53.85,54.35,53.42,52.48,52.48,53.075,52.23,50.9,48.7,50.08,50.13
962,60.65,55.68,52.12,52.12,54.15,54.1,53.7,54.175,53.28,52.25,52.25,53.025,52.13,50.85,48.6,49.98,49.93
963,60.63,55.68,52.04,52.04,54.08,54.03,53.58,54.075,53.22,52.15,52.15,52.85,51.93,50.73,48.45,49.85,49.78
964,60.58,55.6,51.88,51.88,53.93,53.85,53.43,54,53.06,51.98,51.98,52.675,51.75,50.58,48.35,49.78,49.73
965,60.4,55.5,51.8,51.8,53.78,53.8,53.33,53.9,52.92,51.8,51.8,52.6,51.68,50.43,48,49.63,49.58
966,60.13,55.3,51.72,51.72,53.65,53.63,53.25,53.75,52.76,51.7,51.7,52.5,51.45,50.1,47.75,49.25,49.4
967,59.93,55.1,51.52,51.52,53.35,53.45,52.9,53.575,52.62,51.43,51.43,52.125,51.25,49.9,47.45,49.08,49.08
968,59.55,54.9,51.36,51.36,53.23,53.3,52.73,53.15,52.36,51.1,51.1,51.9,50.95,49.5,47.15,48.58,48.83
969,59.1,54.65,50.96,50.96,52.95,52.88,52.28,52.925,52.06,50.63,50.63,51.475,50.53,49.05,46.68,48.1,48.35
970,58.48,54.35,50.52,50.52,52.4,52.45,51.73,52.475,51.6,50.25,50.25,51.175,50.05,48.53,46.1,47.65,47.88
971,58.38,54.23,50.36,50.36,52.23,52.2,51.48,52.375,51.38,50.05,50.05,50.8,49.88,48.3,45.93,47.43,47.68
972,58.38,54.23,50.28,50.28,52.33,52.28,51.53,52.3,51.42,50.08,50.08,50.775,49.88,48.35,45.98,47.45,47.65
973,58.5,54.28,50.42,50.42,52.43,52.3,51.63,52.4,51.54,50.1,50.1,51,49.93,48.5,46.15,47.85,47.73
974,58.93,54.35,50.64,50.64,52.55,52.45,51.75,52.625,51.68,50.45,50.45,51.2,50.1,48.8,46.58,48.13,48.13
975,59.18,54.48,50.8,50.8,52.65,52.73,51.95,52.8,51.88,50.73,50.73,51.35,50.43,49.33,46.88,48.45,48.48
976,59.25,54.58,51.04,51.04,52.83,52.93,52.13,52.825,51.94,50.73,50.73,51.5,50.63,49.38,47.08,48.48,48.4
977,59.4,54.58,51.16,51.16,52.85,52.95,52.23,52.95,52,50.8,50.8,51.575,50.65,49.35,47,48.5,48.45
978,59.53,54.7,51.3,51.3,53.05,53,52.35,52.975,52.06,50.9,50.9,51.825,50.78,49.35,46.98,48.5,48.58
979,59.85,55.08,51.58,51.58,53.35,53.75,52.93,53.125,52.46,51.05,51.05,52.15,50.95,49.68,47.23,49.03,48.98
980,60.8,56.08,52.64,52.64,54.48,54.95,53.98,54.1,53.32,51.85,51.85,53.35,52.03,50.8,48.35,50.6,49.93
981,61.25,57.23,53.26,53.26,55.9,56,54.6,54.975,54.96,53.08,53.08,54.9,53.43,51.55,49.48,51.5,51.05
982,61.95,57.75,54.06,54.06,56.65,56.45,55.4,56.25,55.96,53.9,53.9,55.3,54.7,52.35,50.45,52.63,52.8
983,63.78,57.75,54.72,54.72,56.85,56.78,56.18,56.525,55.98,54.05,54.05,56.2,55.03,52.78,50.78,53.08,53.33
984,64.05,57.75,55,55,57.25,56.65,56.38,56.6,55.88,55,55,56.25,55.03,53.9,50.98,53.1,53.43
985,63.98,57.3,54.76,54.76,56.73,55.9,55.83,56.5,55.44,54.9,54.9,55.475,54.65,53.7,50.98,52.98,52.93
986,63.75,56.7,53.72,53.72,55.95,55.48,55.4,55.65,54.46,54.5,54.5,54.6,53.35,52.83,50.43,51.73,51.9
987,62.6,56.1,52.86,52.86,54.8,54.85,54.33,54.725,53.64,53.48,53.48,53.25,52.13,51.6,49.1,50.78,50.45
988,61.2,55.3,52.14,52.14,54.1,53.95,53.58,53.55,52.76,52.35,52.35,52.75,51.5,50.7,48.18,49.7,49.68
989,60.73,55.13,51.82,51.82,53.9,53.7,53.3,53.4,52.64,51.98,51.98,52.375,51.18,50.4,47.75,49.08,49.13
990,60.48,55.1,51.78,51.78,53.85,53.73,53.28,53.475,52.66,51.85,51.85,52.3,51.23,50.35,47.73,49.1,49.13
991,60.53,55.25,51.8,51.8,53.8,53.78,53.38,53.7,52.82,51.93,51.93,52.5,51.38,50.45,47.88,49.18,49.15
992,60.6,55.65,52.12,52.12,53.93,54.08,53.53,54.05,53.2,52.05,52.05,52.675,51.83,50.58,48.15,49.73,49.55
993,60.9,55.93,52.72,52.72,54.6,54.9,53.9,54.425,53.92,52.35,52.35,53.275,52.25,51.2,48.43,50.13,50.5
994,60.98,56.5,53.78,53.78,56.58,55.75,54.65,55.125,55.24,52.73,52.73,54.8,53.58,52.05,49.68,51.08,51.15
995,61.78,57.88,54.4,54.4,57.08,56.48,56.38,56.875,56.58,53.7,53.7,56,54.8,53.9,50.1,53.1,52.63
996,63.43,58.23,55.74,55.74,57.75,56.93,56.95,57.525,56.92,55,55,56.1,55.45,54.75,51.83,53.98,53.23
997,64.35,58.35,55.92,55.92,57.85,57.13,57.13,57.625,57.2,55.7,55.7,56.175,55.93,55.08,52.45,54.33,53.28
998,64.43,58.18,55.76,55.76,57.85,57.3,57.13,57.9,57.04,55.73,55.73,56.1,55.55,55.03,52.45,54.45,53.28
999,65.08,58.05,55.4,55.4,57.45,57,57.1,57.725,56.24,55.83,55.83,56.025,55.23,54.98,52.38,54.25,53.1
1000,64.75,57.43,55.1,55.1,57.05,56.63,56.78,57.425,55.78,55.85,55.85,55.75,54.78,54.25,51.8,53.45,52.78
1001,64.2,57.15,54.52,54.52,56.13,56.25,56.25,56.75,55.24,55.25,55.25,55.2,54.08,53.58,50.88,52.38,51.98
1002,63.4,56.8,54.2,54.2,55.78,56.08,55.68,56.1,54.7,54.68,54.68,54.575,53.78,52.75,50.15,51.63,51.43
1003,62.68,56.68,53.88,53.88,55.55,55.55,55.33,55.7,54.6,54.13,54.13,54.35,53.53,52.4,49.83,51.5,51
1004,62.63,56.5,53.7,53.7,55.53,55.53,55.08,55.6,54.54,53.93,53.93,54.2,53.45,52.3,49.7,51.28,50.98
1005,62.5,56.45,53.74,53.74,55.45,55.48,54.93,55.6,54.54,53.88,53.88,54.05,53.43,52.28,49.65,51.23,50.98
1006,62.48,56.45,53.72,53.72,55.4,55.48,54.93,55.55,54.46,53.83,53.83,54.025,53.35,52.33,49.68,51.23,51.05
1007,62.48,56.38,53.7,53.7,55.35,55.48,54.93,55.425,54.48,53.8,53.8,53.975,53.28,52.33,49.6,51.23,51.08
1008,62.28,56.35,53.62,53.62,55.35,55.45,54.95,55.5,54.48,53.78,53.78,53.95,53.23,52.25,49.58,51.08,51.13
1009,62.25,56.38,53.58,53.58,55.3,55.4,54.93,55.475,54.4,53.78,53.78,53.95,53.15,52.25,49.65,51.08,51.13
1010,62.28,56.5,53.54,53.54,55.33,55.43,54.9,55.525,54.26,53.78,53.78,53.95,53.13,52.23,49.63,51.05,51.18
1011,62.28,56.73,53.58,53.58,55.3,55.38,54.9,55.575,54.24,53.73,53.73,54.175,53.13,52.25,49.63,51.18,51.18
1012,62.3,56.83,53.7,53.7,55.68,55.48,54.88,55.55,54.42,53.73,53.73,54.35,53.3,52.3,49.68,51.28,51.18
1013,62.58,56.9,53.96,53.96,55.8,55.63,55.45,55.725,54.8,53.8,53.8,54.775,53.5,52.63,49.88,51.3,51.23
1014,62.68,57.28,53.96,53.96,56.2,55.75,55.48,55.75,54.88,53.9,53.9,54.9,54.05,53.08,49.9,51.28,51.65
1015,62.85,57.33,54.24,54.24,56.4,55.78,55.73,55.725,54.92,54.43,54.43,54.875,54.03,53.15,50,51.58,51.75
1016,62.93,57.3,54.32,54.32,56.08,55.83,55.68,55.675,54.96,54.38,54.38,54.825,53.93,53.3,50.25,51.83,51.78
1017,63.05,57.28,54.18,54.18,56,55.75,55.8,55.7,54.92,54.55,54.55,54.825,53.8,53.3,50.43,51.75,51.63
1018,63.03,57.05,54.18,54.18,55.93,55.73,55.73,55.625,54.88,54.55,54.55,54.65,53.83,53.08,50.35,51.7,51.63
1019,62.8,56.83,54.12,54.12,55.8,55.68,55.48,55.425,54.68,54.4,54.4,54.65,53.63,52.7,49.95,51.65,51.35
1020,62.6,56.65,54,54,55.7,55.5,55.43,55.375,54.36,54.1,54.1,54.2,53.25,52.38,49.8,51.25,51.2
1021,62.5,56.43,53.76,53.76,55.58,55.1,55,55.1,54.28,53.48,53.48,53.95,52.75,51.9,49.38,50.78,50.78
1022,62.2,56.13,53.58,53.58,55.28,54.88,54.8,54.95,54.1,53.2,53.2,53.65,52.43,51.73,48.88,50.48,50.43
1023,62.03,55.98,53.22,53.22,55.05,54.65,54.45,54.675,53.78,53.13,53.13,53.425,52.2,51.35,48.78,50.2,50.28
1024,61.68,55.98,52.94,52.94,54.73,54.45,54.2,54.525,53.56,52.88,52.88,53.15,52.13,50.98,48.45,49.8,50
1025,61.4,55.88,52.82,52.82,54.55,54.3,54.05,54.45,53.34,52.65,52.65,52.975,51.88,50.9,48.23,49.65,49.7
1026,61.3,55.83,52.58,52.58,54.38,54.28,53.95,54.325,53.22,52.48,52.48,52.75,51.78,50.65,48.1,49.5,49.53
1027,61.13,55.68,52.52,52.52,54.3,54.23,53.65,54.175,53,52.25,52.25,52.5,51.58,50.53,47.98,49.35,49.28
1028,61.03,55.58,52.32,52.32,54.15,54.1,53.53,54.025,52.84,52.13,52.13,52.4,51.48,50.43,47.78,49.28,49.18
1029,60.98,55.38,52.1,52.1,54.03,53.78,53.4,53.925,52.78,52.03,52.03,52.25,51.1,50.1,47.65,49,49.1
1030,60.98,55.08,52,52,53.98,53.75,53.3,53.85,52.7,51.85,51.85,52.25,51.08,50.03,47.58,48.85,48.98
1031,60.8,55.08,51.96,51.96,53.93,53.73,53.25,53.725,52.64,51.83,51.83,52.125,50.93,50.03,47.5,48.75,48.98
1032,60.78,55.08,51.94,51.94,53.88,53.65,52.95,53.475,52.48,51.75,51.75,51.925,50.85,50,47.35,48.75,48.98
1033,60.73,55.05,51.8,51.8,53.65,53.5,52.93,53.25,52.28,51.63,51.63,51.8,50.65,49.8,47.23,48.63,48.83
1034,60.63,55,51.74,51.74,53.45,53.43,52.85,53.2,52,51.3,51.3,51.55,50.58,49.6,47.05,48.45,48.7
1035,60.55,54.98,51.58,51.58,53.35,53.4,52.78,53.2,51.82,51.3,51.3,51.325,50.5,49.53,46.88,48.25,48.43
1036,60.43,54.6,51.32,51.32,53.32,53.28,52.53,53.175,51.8,51.08,51.08,51.25,50.5,49.38,46.83,48.1,48.05
1037,60.33,54.43,51.08,51.08,53.28,53.13,52.13,52.925,51.6,50.9,50.9,50.975,50.25,49.03,46.55,47.88,47.73
1038,60.13,54.25,51,51,53.13,52.73,52.05,52.35,51.4,50.7,50.7,50.625,49.98,48.75,46.33,47.53,47.48
1039,59.88,54.05,50.76,50.76,52.9,52.45,51.83,52.175,51,50.1,50.1,50.425,49.45,48.18,45.78,46.9,47.05
1040,59.68,53.95,50.34,50.34,52.55,52.18,51.4,51.85,50.72,49.75,49.75,50.375,48.88,47.7,45.28,46.6,46.98
1041,59.4,53.85,50.32,50.32,52.38,52.05,51.15,51.45,50.58,49.6,49.6,50,48.73,47.55,45.23,46.25,46.65
1042,59.3,53.68,50.34,50.34,51.98,51.8,51.05,51.2,50.48,49.43,49.43,49.775,48.65,47.33,45.23,46.1,46.43
1043,59.25,53.45,50.26,50.26,51.8,51.68,50.98,51.2,50.34,49.43,49.43,49.75,48.58,47.33,45.2,45.98,46.33
1044,59.25,53.38,50.08,50.08,51.8,51.7,50.83,51.125,50.16,49.33,49.33,49.475,48.55,47.18,44.98,45.93,46.1
1045,59.15,53.35,49.98,49.98,51.75,51.68,50.63,51.075,50.04,49.35,49.35,49.35,48.33,47.13,44.88,45.9,46.03
1046,58.93,53.35,49.94,49.94,51.75,51.58,50.6,50.85,49.82,49.2,49.2,49.2,48.25,47.03,44.6,45.85,45.78
1047,58.88,53.33,49.9,49.9,51.7,51.55,50.58,50.75,49.74,49.08,49.08,49.15,48.2,46.88,44.28,45.63,45.7
1048,58.83,53.2,49.92,49.92,51.68,51.33,50.5,50.675,49.62,49.05,49.05,48.925,47.98,46.75,44.23,45.53,45.63
1049,58.85,53.23,49.9,49.9,51.45,51.33,50.5,50.625,49.58,48.95,48.95,48.7,47.95,46.73,44.18,45.45,45.58
1050,58.83,53.1,49.86,49.86,51.38,51.3,50.48,50.675,49.46,49,49,48.775,47.95,46.6,44.1,45.4,45.6
1051,58.73,53.1,49.88,49.88,51.4,51.2,50.45,50.75,49.5,49.03,49.03,48.775,47.98,46.58,44.03,45.2,45.5
1052,58.75,52.98,49.8,49.8,51.43,51.3,50.58,50.725,49.52,48.9,48.9,48.8,48.05,46.6,44.03,45.2,45.43
1053,58.68,53,49.74,49.74,51.53,51.25,50.55,50.725,49.56,48.9,48.9,48.825,48.03,46.6,44.1,45.18,45.45
1054,58.55,53,49.7,49.7,51.45,51.28,50.45,50.7,49.54,48.88,48.88,48.8,47.95,46.58,44.03,45.18,45.48
1055,58.53,52.83,49.68,49.68,51.38,51.2,50.5,50.7,49.5,48.88,48.88,48.775,47.83,46.5,43.9,45.05,45.4
1056,58.38,52.88,49.64,49.64,51.25,51.13,50.45,50.4,49.46,48.6,48.6,48.775,47.5,46.48,43.78,44.78,45.25
1057,58.13,52.7,49.34,49.34,50.85,51.18,50.43,49.9,49.06,48.5,48.5,48.6,47,45.8,43.33,44.43,44.6
1058,57.93,52.1,48.8,48.8,50.53,50.23,49.78,49.475,48.68,47.7,47.7,47.5,46.5,45.35,42.98,43.75,43.58
1059,57.1,51.43,48.26,48.26,50.15,49.28,48.98,48.7,47.86,46.78,46.78,46.325,45.73,44.05,42.1,42.38,42.48
1060,56,51.25,47.46,47.46,48.93,48.7,48.35,48,47.06,45.78,45.78,45.45,44.8,42.95,40.65,41.45,41.9
1061,55.55,50.88,47.14,47.14,48.6,48.48,47.58,47.65,46.6,45.53,45.53,45.3,44.33,42.48,40.43,41.15,41.4
1062,55.33,50.55,46.94,46.94,48.5,48.33,47.4,47.225,46.18,45.13,45.13,45.025,44.08,42.33,40.23,40.83,41.3
1063,55.28,50.35,46.86,46.86,48.48,48.05,47.53,47.125,46.14,45.05,45.05,44.9,43.75,42.08,40.03,40.75,41.3
1064,55.3,50.5,46.74,46.74,48.18,48.08,47.43,47.2,46.2,45.05,45.05,44.875,43.73,42.08,40.1,40.75,41.3
1065,55.45,50.65,46.78,46.78,48.13,48.05,47.45,47.275,46.18,45.05,45.05,44.85,43.83,42.08,40.1,40.73,41.13
1066,55.45,50.58,46.82,46.82,48.03,48.03,47.35,47.2,46.14,45,45,44.875,43.65,42.05,40.1,40.55,41.05
1067,55.4,50.3,46.76,46.76,48.15,47.73,47.33,47.05,45.96,44.93,44.93,44.825,43.63,42,40.13,40.38,40.75
1068,55.3,50.23,46.66,46.66,48.2,47.65,47.1,46.95,45.84,44.9,44.9,44.575,43.48,41.9,40.03,40.1,40.7
1069,54.68,50.1,46.5,46.5,47.88,47.43,46.63,46.55,45.62,44.7,44.7,44.15,43.13,41.7,39.8,39.8,40.28
1070,54.6,50.2,46.24,46.24,47.48,47.3,46.53,46.175,45.34,44.43,44.43,43.825,42.85,41.3,39.45,39.45,39.98
1071,54.63,50,45.92,45.92,47.63,47.15,46.38,46.125,45.2,44.13,44.13,43.675,42.55,41.2,39.25,39.3,39.75
1072,54.58,49.95,45.88,45.88,47.53,47.2,46.48,46.2,45.02,44.05,44.05,43.6,42.3,41.15,39.18,39.28,39.6
1073,54.53,49.93,45.78,45.78,47.4,47.2,46.25,46.125,44.78,44.1,44.1,43.525,42.23,40.9,38.95,39.25,39.68
1074,54.45,49.48,45.54,45.54,47.35,47.1,46.15,45.95,44.84,44.08,44.08,43.525,42,40.7,38.83,39,39.63
1075,54.38,49.4,45.4,45.4,46.95,46.48,45.8,45.6,44.46,44.08,44.08,43.25,41.73,40.63,38.68,38.9,39.33
1076,54.25,49.18,45.24,45.24,46.63,46.43,45.5,45.325,44.4,43.9,43.9,43,41.7,40.28,38.45,38.73,38.95
1077,54.25,49.05,45,45,46.43,46.3,45.28,45.175,44.28,43.85,43.85,42.95,41.45,39.85,38.18,38.45,38.65
1078,54.1,49.13,44.9,44.9,46.4,46.33,45.35,45.025,44.16,43.7,43.7,42.95,41.48,39.95,38,38.45,38.65
1079,54.13,48.93,44.86,44.86,46.3,46.3,45.3,45.025,44.14,43.68,43.68,42.8,41.45,39.98,37.88,38.3,38.78
1080,54.05,49,45.08,45.08,46.2,46.28,45.33,45.1,44.06,43.85,43.85,42.875,41.55,40.13,37.95,38.33,38.83
1081,54.18,48.88,45.14,45.14,46.13,46.28,45.15,45.05,44.04,43.58,43.58,43.025,41.45,40.13,37.8,38.48,38.9
1082,54.13,48.78,45.1,45.1,46.2,46.23,45.15,44.925,43.88,43.6,43.6,42.675,41.48,40.25,37.83,38.43,38.78
1083,54.18,48.7,44.96,44.96,46.3,46.2,44.9,44.75,43.64,43.58,43.58,42.45,41.35,40.1,37.6,38.28,38.5
1084,54.08,48.6,44.86,44.86,46.15,46.03,44.83,44.475,43.54,43.4,43.4,42.25,41.43,39.9,37.5,38.25,38.3
1085,54.03,48.63,44.88,44.88,46.28,45.98,44.88,44.4,43.52,43.08,43.08,42.175,41.38,39.73,37.53,38.25,38.33
1086,54.05,48.78,45.14,45.14,46.4,46.05,45,44.75,43.68,43.28,43.28,42.425,41.63,39.95,37.65,38.35,38.43
1087,54.18,49.15,45.34,45.34,46.4,46.08,45.25,44.825,43.76,43.45,43.45,42.45,41.6,39.95,37.65,38.43,38.63
1088,54.18,49.05,44.96,44.96,46.45,45.9,45.2,44.85,43.76,43.33,43.33,42.325,41.5,39.98,37.48,38.35,38.5
1089,54.15,49,44.78,44.78,46.25,45.9,44.98,44.325,43.2,43.1,43.1,41.55,41.43,39.75,37.3,37.83,38.13
1090,53.83,48.8,44.44,44.44,45.73,45.65,44.53,43.85,42.8,42.7,42.7,41.225,40.8,39.13,37.23,37,37.5
1091,53.13,48.4,44.16,44.16,45.35,45.08,44.4,43.05,42.4,41.85,41.85,40.85,39.88,38.38,36.45,36.78,37.35
1092,52.98,48.45,43.9,43.9,45.18,44.75,44.1,43,42.22,41.78,41.78,40.625,39.93,38,36.5,36.78,37.1
1093,52.9,48.4,43.88,43.88,45.03,44.78,44.03,42.95,42.26,41.4,41.4,40.9,39.8,38.35,36.15,36.9,37.15
1094,52.8,48.38,44.14,44.14,45.05,44.93,43.9,43.15,42.22,41.43,41.43,40.95,39.93,38.43,36.18,36.93,37.28
1095,52.8,48.63,44.24,44.24,45.1,44.95,43.95,43.23,42.4,41.53,41.53,40.975,39.98,38.35,36.08,36.95,37.45
1096,52.75,48.73,44.16,44.16,45.43,44.55,43.9,42.975,42.44,41.95,41.95,41.075,40,38.4,36.38,36.73,37.48
1097,52.98,48.45,44.06,44.06,45.3,43.93,43.78,42.625,41.98,41.95,41.95,40.925,39.7,38.3,35.95,36.83,37.13
1098,52.83,48.25,43.8,43.8,45,43.8,43.78,42.225,41.66,41.93,41.93,40.9,39.3,38.08,35.65,36.3,36.75
1099,52.38,47.78,43.62,43.62,43.65,43.35,43.3,42.025,41.58,41.95,41.95,40.65,39.03,37.95,35.65,35.48,36.55
1100,77.13,66.2,59.9,59.9,63.83,54.5,58.85,69.475,63,60.85,60.85,59.475,64.68,61.23,59.03,54.43,52.23
