wavelength,blank,S6 Preheat,S6 Irrad 9,S6 Post irrad Day 1,S6 Post Irrad Day 3,S6 Post Irrad Day 5
190,89.3,1.9,0.3,0.428571429,0.6,0.6
191,89.5,1.766666667,0.3,0.357142857,0.5,0.5
192,91.3,1.633333333,0.275,0.314285714,0.4,0.4
193,91.9,1.6,0.2,0.3,0.3,0.3
194,93.3,1.533333333,0.2,0.285714286,0.3,0.3
195,94.1,1.5,0.2,0.257142857,0.3,0.3
196,94.5,1.5,0.175,0.2,0.2,0.3
197,94.9,1.5,0.1,0.2,0.2,0.3
198,95.3,1.5,0.1,0.2,0.2,0.2
199,95.4,1.5,0.1,0.2,0.2,0.2
200,95.9,1.533333333,0.1,0.2,0.2,0.2
201,96.9,1.6,0.1,0.2,0.2,0.2
202,97,1.633333333,0.1,0.171428571,0.2,0.2
203,97.2,1.7,0.1,0.142857143,0.2,0.2
204,97.3,1.8,0.1,0.142857143,0.2,0.2
205,97.8,1.9,0.1,0.142857143,0.1,0.1
206,97.8,2.033333333,0.1,0.1,0.1,0.1
207,97.8,2.266666667,0.1,0.1,0.1,0.1
208,97.7,2.5,0.1,0.1,0.1,0.1
209,97.6,2.833333333,0.1,0.1,0.1,0.1
210,97.6,3.2,0.1,0.1,0.1,0.1
211,97.5,3.6,0.1,0.1,0.1,0.1
212,97.5,4.033333333,0.1,0.1,0.1,0.1
213,97.5,4.566666667,0.1,0.1,0.1,0.1
214,97.6,5.133333333,0.1,0.1,0.1,0.1
215,97.9,5.433333333,0.1,0.1,0.1,0.1
216,98.1,5.9,0,0,0,0
217,98.3,6.5,0,0,0,0
218,98.2,7.166666667,0,0,0,0
219,98.5,7.9,0,0,0,0
220,98.6,8.6,0,0,0,0
221,98.6,9.4,0,0,0,0
222,98.7,10.1,0,0,0,0
223,98.7,11,0,0,0,0
224,98.6,11.63333333,0.1,0.1,0.1,0.1
225,98.6,12.13333333,0.1,0.1,0.1,0.1
226,98.6,12.53333333,0.1,0.1,0.1,0.1
227,98.7,12.83333333,0.1,0.1,0.1,0.1
228,98.8,12.86666667,0.1,0.1,0.1,0.1
229,98.8,12.73333333,0.1,0.1,0.1,0.1
230,98.9,12.5,0.1,0.1,0.1,0.1
231,99,12.26666667,0.1,0.1,0.1,0.1
232,99,12.06666667,0.1,0.1,0.1,0.1
233,98.9,11.76666667,0.1,0.1,0.1,0.1
234,98.8,11.46666667,0.1,0.1,0.1,0.1
235,98.8,11.2,0.175,0.1,0.1,0.1
236,98.8,10.93333333,0.2,0.1,0.1,0.1
237,98.6,10.63333333,0.2,0.1,0.1,0.1
238,98.5,10.36666667,0.2,0.1,0.1,0.1
239,98.5,10.23333333,0.2,0.1,0.1,0.1
240,98.5,10.16666667,0.2,0.1,0.1,0.1
241,98.6,10.16666667,0.2,0.1,0.1,0.1
242,98.7,10.13333333,0.2,0.1,0.1,0.1
243,99,10.1,0.2,0.1,0.1,0.1
244,98.9,10.1,0.2,0.1,0.1,0.1
245,98.9,10.33333333,0.2,0.1,0.1,0.1
246,98.9,10.83333333,0.2,0.1,0.1,0.1
247,98.9,11.23333333,0.3,0.1,0.1,0.1
248,99,11.6,0.3,0.1,0.1,0.2
249,99.1,11.86666667,0.3,0.1,0.1,0.2
250,99.1,12.33333333,0.3,0.1,0.2,0.2
251,99,13.1,0.3,0.157142857,0.2,0.3
252,98.8,13.93333333,0.3,0.2,0.2,0.3
253,98.8,14.7,0.4,0.2,0.3,0.4
254,98.8,15.4,0.4,0.271428571,0.4,0.5
255,98.8,16.13333333,0.4,0.3,0.4,0.6
256,98.8,17,0.5,0.385714286,0.5,0.7
257,98.7,17.9,0.6,0.471428571,0.6,0.8
258,98.6,18.9,0.65,0.571428571,0.8,1
259,98.6,19.8,0.75,0.671428571,0.9,1.2
260,98.6,20.56666667,0.85,0.771428571,1.1,1.4
261,98.7,20.93333333,0.925,0.871428571,1.2,1.5
262,98.8,21,1,0.942857143,1.4,1.7
263,98.8,21.26666667,1.075,1.042857143,1.5,1.8
264,98.7,21.73333333,1.175,1.171428571,1.6,2
265,98.7,22.26666667,1.3,1.328571429,1.8,2.1
266,98.7,22.76666667,1.4,1.442857143,2,2.3
267,98.5,23.16666667,1.525,1.585714286,2.1,2.6
268,98.5,23.43333333,1.65,1.7,2.3,2.7
269,98.5,23.56666667,1.725,1.8,2.4,2.9
270,98.4,23.83333333,1.825,1.9,2.6,3
271,98.2,24.13333333,1.925,2.014285714,2.7,3.2
272,98.2,24.33333333,2.025,2.1,2.9,3.3
273,98.2,24.33333333,2.075,2.2,3,3.5
274,98.2,24.23333333,2.125,2.228571429,3,3.5
275,98.2,24.23333333,2.175,2.3,3.1,3.6
276,98.2,24.4,2.25,2.4,3.2,3.7
277,98.2,24.5,2.3,2.457142857,3.2,3.8
278,98.2,24.6,2.325,2.5,3.3,3.8
279,98.1,24.63333333,2.375,2.528571429,3.4,3.9
280,98.1,24.66666667,2.4,2.6,3.4,4
281,98.1,24.83333333,2.475,2.642857143,3.5,4
282,98.1,24.93333333,2.5,2.7,3.6,4.1
283,97.9,24.93333333,2.5,2.7,3.6,4.1
284,97.9,24.96666667,2.5,2.7,3.6,4.1
285,97.9,25.06666667,2.525,2.714285714,3.6,4.1
286,97.9,25.2,2.55,2.757142857,3.6,4.2
287,97.9,25.16666667,2.55,2.757142857,3.6,4.2
288,97.9,25.16666667,2.575,2.757142857,3.6,4.2
289,97.9,25.23333333,2.575,2.785714286,3.6,4.2
290,97.9,25.36666667,2.6,2.814285714,3.7,4.2
291,97.9,25.53333333,2.6,2.828571429,3.7,4.3
292,98,25.53333333,2.6,2.828571429,3.7,4.3
293,98,25.56666667,2.6,2.842857143,3.7,4.3
294,98,25.63333333,2.625,2.885714286,3.8,4.3
295,97.9,25.9,2.65,2.9,3.8,4.4
296,98,25.93333333,2.65,2.928571429,3.8,4.4
297,98.2,25.93333333,2.65,2.928571429,3.9,4.4
298,98.1,25.93333333,2.65,2.942857143,3.9,4.4
299,98.1,25.93333333,2.65,2.957142857,3.9,4.4
300,98.1,25.93333333,2.7,2.971428571,3.9,4.4
301,98.1,26,2.7,3.057142857,3.9,4.5
302,98.1,26,2.75,3.085714286,4,4.5
303,98.1,26.03333333,2.75,3.128571429,4,4.6
304,98.1,26.13333333,2.8,3.171428571,4.1,4.7
305,98,26.33333333,2.825,3.242857143,4.2,4.7
306,98,26.53333333,2.9,3.328571429,4.2,4.8
307,98,26.6,2.95,3.428571429,4.3,5
308,98,26.93333333,3,3.514285714,4.4,5.1
309,98.1,27,3.075,3.557142857,4.6,5.2
310,98.1,27,3.1,3.642857143,4.6,5.3
311,98.2,27.03333333,3.15,3.728571429,4.7,5.4
312,98.2,27.06666667,3.225,3.785714286,4.8,5.5
313,98.1,27.23333333,3.325,3.942857143,4.9,5.6
314,98.1,27.33333333,3.375,4.042857143,5.1,5.8
315,98,27.23333333,3.45,4.128571429,5.2,5.9
316,98,27.16666667,3.525,4.214285714,5.3,6
317,97.9,27.23333333,3.625,4.357142857,5.4,6.2
318,97.9,27.5,3.75,4.528571429,5.6,6.4
319,97.9,27.6,3.85,4.657142857,5.8,6.6
320,97.9,27.6,3.95,4.814285714,5.9,6.8
321,97.9,27.93333333,4.15,5.028571429,6.1,7
322,98,28.33333333,4.325,5.257142857,6.4,7.3
323,98,28.43333333,4.45,5.442857143,6.7,7.6
324,98,28.3,4.55,5.542857143,6.9,7.8
325,98,28.2,4.65,5.685714286,7,7.9
326,98.1,28.1,4.75,5.828571429,7.1,8.1
327,98.1,28.1,4.925,6.028571429,7.3,8.3
328,98,28.2,5.1,6.228571429,7.5,8.6
329,98,28.4,5.3,6.485714286,7.8,8.8
330,98,28.7,5.5,6.728571429,8.1,9.2
331,98,28.9,5.7,6.985714286,8.4,9.5
332,98,28.93333333,5.9,7.185714286,8.6,9.8
333,98,28.83333333,6,7.342857143,8.8,10
334,97.9,28.83333333,6.15,7.542857143,9,10.2
335,98,28.86666667,6.375,7.771428571,9.2,10.4
336,98,29.03333333,6.6,8.014285714,9.4,10.7
337,98.1,29.1,6.8,8.228571429,9.7,11
338,98.1,29.13333333,6.975,8.471428571,10,11.3
339,98.1,29.26666667,7.2,8.7,10.2,11.6
340,98.1,29.5,7.45,9,10.5,11.9
341,98.1,29.73333333,7.725,9.3,10.8,12.2
342,98.1,29.86666667,7.95,9.6,11.1,12.6
343,98,29.86666667,8.15,9.8,11.5,13
344,98,29.6,8.225,9.914285714,11.6,13.1
345,97.9,29.4,8.375,10.07142857,11.7,13.2
346,97.9,29.43333333,8.6,10.31428571,11.9,13.3
347,97.9,29.7,8.825,10.6,12.1,13.6
348,97.9,29.83333333,9.1,10.88571429,12.4,14
349,97.9,29.9,9.325,11.18571429,12.7,14.3
350,97.8,30.03333333,9.6,11.45714286,13,14.6
351,97.9,30.36666667,9.9,11.75714286,13.3,14.9
352,97.9,30.4,10.1,12,13.6,15.3
353,97.9,30.46666667,10.3,12.28571429,13.9,15.6
354,97.9,30.53333333,10.525,12.55714286,14.1,15.8
355,97.4,30.5,10.7,12.74285714,14.4,16
356,97.4,30.43333333,10.725,12.8,14.5,16.2
357,97.4,30.43333333,10.875,12.95714286,14.5,16.3
358,97.4,30.53333333,11.125,13.28571429,14.8,16.4
359,97.5,30.6,11.375,13.5,15.1,16.9
360,97.4,30.3,11.375,13.5,15.2,17.1
361,97.4,29.83333333,11.375,13.44285714,15.2,16.9
362,97.4,29.63333333,11.375,13.45714286,15.1,16.7
363,97.4,29.63333333,11.5,13.61428571,15.1,16.7
364,97.3,29.7,11.775,13.91428571,15.3,16.9
365,97.3,29.76666667,12.075,14.18571429,15.5,17.3
366,97.3,29.9,12.275,14.37142857,15.8,17.5
367,97.5,30,12.475,14.57142857,15.9,17.7
368,97.5,30.16666667,12.7,14.81428571,16.2,17.9
369,97.4,30.23333333,12.95,15.07142857,16.4,18.2
370,97.4,30.33333333,13.1,15.21428571,16.7,18.4
371,97.5,30.33333333,13.3,15.35714286,16.8,18.6
372,97.6,30.43333333,13.45,15.6,17,18.7
373,97.6,30.6,13.7,15.84285714,17.2,19
374,97.6,30.63333333,13.925,16.11428571,17.5,19.3
375,97.5,30.63333333,14.025,16.12857143,17.8,19.4
376,97.2,30.3,13.975,16.12857143,17.8,19.5
377,97.2,29.93333333,13.925,16.07142857,17.7,19.3
378,97.2,29.66666667,13.925,16.11428571,17.6,19.1
379,97.2,29.66666667,14.15,16.21428571,17.6,19.1
380,97.2,29.76666667,14.375,16.47142857,17.7,19.3
381,97.1,29.86666667,14.6,16.7,17.8,19.6
382,97.1,29.86666667,14.75,16.82857143,18,19.9
383,97.1,29.86666667,14.825,16.84285714,18.1,19.9
384,97.1,29.83333333,14.925,16.91428571,18.2,19.9
385,97.1,29.83333333,14.95,17.04285714,18.3,20.1
386,97.1,29.8,15.05,17.12857143,18.4,20
387,97.2,29.8,15.2,17.2,18.4,20.1
388,97.2,29.8,15.4,17.44285714,18.6,20.2
389,97.2,29.76666667,15.6,17.64285714,18.7,20.5
390,97.1,30.3,16.1,18.11428571,19.4,21.3
391,97.1,30.56666667,16.2,18.38571429,19.8,21.4
392,96.8,30.7,16.375,18.54285714,19.9,21.6
393,96.9,30.76666667,16.525,18.67142857,19.9,21.7
394,97.4,30.76666667,16.575,18.75714286,19.9,21.8
395,97.5,30.8,16.7,18.81428571,19.9,21.8
396,97.6,30.93333333,16.9,18.97142857,20,21.9
397,97.6,30.93333333,17.075,19.12857143,20.2,22
398,97.5,30.96666667,17.225,19.25714286,20.4,22.1
399,97.5,31.03333333,17.35,19.37142857,20.4,22.3
400,97.5,31.13333333,17.525,19.54285714,20.6,22.4
401,97.4,31.2,17.7,19.74285714,20.8,22.5
402,97.3,31.33333333,17.8,19.92857143,21,22.7
403,97.3,31.33333333,17.875,19.97142857,21.1,22.8
404,97.3,31.33333333,17.9,19.95714286,21.1,22.8
405,97.4,31.26666667,17.925,19.97142857,21.1,22.8
406,97.4,31.23333333,18,20.01428571,21.1,22.8
407,97.7,31.23333333,18.1,20.17142857,21.1,22.8
408,97.7,31.23333333,18.3,20.34285714,21.2,23
409,97.7,31.23333333,18.4,20.44285714,21.4,23.2
410,97.7,31.23333333,18.475,20.45714286,21.4,23.2
411,97.7,31.23333333,18.5,20.45714286,21.4,23.2
412,97.7,31.23333333,18.625,20.61428571,21.5,23.3
413,97.7,31.26666667,18.75,20.72857143,21.6,23.4
414,97.7,31.26666667,18.85,20.81428571,21.8,23.5
415,97.7,31.3,19.025,20.9,21.8,23.6
416,97.7,31.3,19.125,21,21.9,23.7
417,97.8,31.43333333,19.25,21.17142857,22,23.8
418,97.8,31.46666667,19.45,21.28571429,22.1,23.9
419,97.8,31.56666667,19.575,21.4,22.3,24.1
420,98,31.6,19.625,21.44285714,22.4,24.2
421,98,31.56666667,19.625,21.44285714,22.4,24.2
422,98,31.5,19.65,21.47142857,22.4,24.2
423,98,31.5,19.7,21.54285714,22.4,24.2
424,97.9,31.46666667,19.75,21.6,22.4,24.2
425,98,31.43333333,19.8,21.61428571,22.5,24.2
426,97.9,31.36666667,19.875,21.64285714,22.5,24.3
427,98,31.33333333,19.9,21.68571429,22.5,24.3
428,97.9,31.33333333,19.975,21.81428571,22.6,24.3
429,98,31.33333333,20.05,21.84285714,22.6,24.3
430,97.9,31.3,20.15,21.94285714,22.7,24.4
431,97.9,31.3,20.175,22,22.8,24.4
432,97.9,31.33333333,20.3,22.08571429,22.9,24.5
433,97.7,31.33333333,20.375,22.22857143,23,24.6
434,97.8,31.4,20.525,22.3,23.1,24.7
435,98,31.43333333,20.575,22.34285714,23.1,24.7
436,98,31.43333333,20.675,22.41428571,23.2,24.8
437,97.9,31.46666667,20.75,22.51428571,23.3,24.9
438,97.9,31.56666667,20.875,22.62857143,23.4,25
439,98.1,31.6,20.975,22.72857143,23.5,25.1
440,98.1,31.63333333,21.075,22.82857143,23.6,25.2
441,98.1,31.66666667,21.1,22.87142857,23.7,25.2
442,98,31.6,21.125,22.88571429,23.7,25.2
443,98,31.6,21.225,22.92857143,23.7,25.2
444,98,31.66666667,21.3,23.07142857,23.8,25.3
445,97.9,31.7,21.425,23.17142857,23.9,25.4
446,98,31.8,21.5,23.24285714,23.9,25.5
447,98,31.8,21.575,23.28571429,24,25.6
448,98,31.8,21.6,23.32857143,24.1,25.6
449,98,31.8,21.625,23.35714286,24.1,25.6
450,98,31.8,21.725,23.45714286,24.1,25.6
451,98,31.9,21.8,23.54285714,24.2,25.7
452,98,31.9,21.85,23.57142857,24.2,25.8
453,98,31.9,21.875,23.62857143,24.3,25.9
454,98,31.9,21.95,23.68571429,24.3,25.9
455,98,31.9,22.025,23.78571429,24.4,25.9
456,98,32.03333333,22.175,23.88571429,24.5,26
457,98,32.13333333,22.325,24.05714286,24.6,26.2
458,98,32.36666667,22.525,24.21428571,24.8,26.3
459,98,32.43333333,22.6,24.28571429,24.9,26.5
460,98.1,32.4,22.575,24.27142857,25,26.5
461,98,32.3,22.525,24.24285714,24.9,26.5
462,98,32.33333333,22.525,24.25714286,24.9,26.5
463,97.9,32.36666667,22.625,24.34285714,24.9,26.5
464,97.9,32.4,22.725,24.47142857,25,26.6
465,97.9,32.5,22.8,24.55714286,25.1,26.7
466,97.8,32.56666667,22.85,24.61428571,25.1,26.7
467,97.8,32.6,22.95,24.67142857,25.2,26.8
468,97.8,32.66666667,22.95,24.77142857,25.3,26.8
469,97.8,32.7,23.075,24.82857143,25.3,26.9
470,97.8,32.76666667,23.1,24.92857143,25.4,26.9
471,97.8,32.86666667,23.175,24.92857143,25.5,27
472,97.8,33.06666667,23.325,25.07142857,25.6,27.1
473,97.9,33.2,23.425,25.15714286,25.7,27.2
474,97.9,33.2,23.5,25.24285714,25.7,27.3
475,97.9,33.33333333,23.675,25.31428571,25.8,27.4
476,97.9,33.46666667,23.725,25.42857143,26,27.5
477,97.9,33.56666667,23.875,25.51428571,26.1,27.6
478,97.9,33.63333333,23.975,25.62857143,26.1,27.7
479,97.9,33.83333333,24.1,25.75714286,26.2,27.9
480,97.9,34.1,24.325,25.95714286,26.4,28.1
481,98,34.53333333,24.725,26.28571429,26.6,28.3
482,97.9,34.86666667,25,26.61428571,26.9,28.7
483,98,34.9,25.075,26.64285714,27.2,29
484,98.1,34.63333333,24.725,26.37142857,27.2,29
485,98.1,34.4,24.575,26.2,26.9,28.5
486,98,34.46666667,24.7,26.3,26.8,28.4
487,98,34.56666667,24.775,26.41428571,26.9,28.6
488,98,34.56666667,24.75,26.41428571,26.9,28.7
489,98,34.63333333,24.825,26.45714286,26.9,28.6
490,97.9,34.9,25.025,26.71428571,27,28.7
491,97.9,34.96666667,25.075,26.75714286,27.3,29
492,97.9,34.86666667,24.975,26.65714286,27.3,29
493,97.9,34.8,24.975,26.67142857,27.2,28.8
494,97.9,35.03333333,25.225,26.87142857,27.2,28.9
495,97.8,35.26666667,25.425,27.05714286,27.4,29.1
496,97.8,35.4,25.55,27.2,27.7,29.3
497,97.8,35.46666667,25.55,27.21428571,27.7,29.3
498,97.8,35.53333333,25.55,27.22857143,27.8,29.4
499,97.8,35.6,25.625,27.3,27.8,29.4
500,97.8,35.7,25.75,27.45714286,27.9,29.5
501,97.8,35.86666667,25.9,27.6,28,29.6
502,97.8,36.03333333,26,27.7,28.2,29.8
503,97.8,36.13333333,26.075,27.8,28.2,29.9
504,97.8,36.2,26.125,27.87142857,28.3,30
505,97.8,36.33333333,26.225,27.97142857,28.4,30.1
506,97.8,36.56666667,26.325,28.12857143,28.5,30.2
507,97.9,36.7,26.5,28.22857143,28.6,30.4
508,97.9,36.83333333,26.575,28.37142857,28.7,30.5
509,97.9,36.9,26.65,28.47142857,28.8,30.6
510,97.8,37.03333333,26.725,28.51428571,28.9,30.7
511,97.8,37.13333333,26.75,28.57142857,29,30.8
512,97.8,37.13333333,26.775,28.6,29,30.8
513,97.7,37.2,26.825,28.61428571,29,30.8
514,97.8,37.4,26.95,28.8,29.1,31
515,97.8,37.7,27.1,28.97142857,29.3,31.1
516,97.8,37.86666667,27.275,29.15714286,29.4,31.3
517,97.9,37.9,27.275,29.14285714,29.5,31.4
518,97.9,37.9,27.2,29.07142857,29.6,31.4
519,97.8,37.76666667,27.175,29.08571429,29.5,31.3
520,97.8,37.8,27.2,29.12857143,29.5,31.2
521,97.8,38.06666667,27.35,29.31428571,29.6,31.4
522,97.8,38.4,27.625,29.58571429,29.9,31.6
523,97.8,38.66666667,27.825,29.72857143,30,31.9
524,97.7,38.86666667,28.025,29.88571429,30.2,32.1
525,97.9,39.16666667,28.125,30.02857143,30.4,32.2
526,97.9,39.23333333,28.25,30.17142857,30.5,32.4
527,97.9,39.2,28.125,30.11428571,30.6,32.5
528,97.8,38.66666667,27.825,29.75714286,30.5,32.3
529,97.8,38.43333333,27.65,29.67142857,30.2,31.9
530,97.8,38.66666667,27.85,29.88571429,30.1,31.8
531,97.7,39.03333333,28.05,30.02857143,30.4,32.1
532,97.7,39.1,28.025,30.07142857,30.5,32.3
533,97.7,39.06666667,28.025,30.05714286,30.5,32.3
534,97.8,39.1,28.025,30.08571429,30.5,32.2
535,97.8,39.2,28.05,30.21428571,30.6,32.3
536,97.7,39.23333333,28.125,30.3,30.7,32.4
537,97.7,39.53333333,28.275,30.44285714,30.8,32.5
538,97.6,39.86666667,28.575,30.74285714,31,32.7
539,97.6,40.33333333,28.75,31.01428571,31.4,33.2
540,97.6,40.3,28.675,31.01428571,31.6,33.5
541,97.6,40,28.525,30.77142857,31.4,33.4
542,97.6,39.8,28.375,30.58571429,31.2,33
543,97.7,39.8,28.35,30.67142857,31.1,32.8
544,97.7,39.9,28.425,30.7,31.3,32.8
545,97.7,40.13333333,28.475,30.9,31.4,32.9
546,97.7,40.2,28.525,30.92857143,31.4,33.1
547,97.7,40.16666667,28.5,30.92857143,31.4,33.1
548,97.6,40.13333333,28.475,31.01428571,31.5,33.1
549,97.6,40.33333333,28.625,31.15714286,31.5,33.3
550,97.6,40.63333333,28.8,31.34285714,31.8,33.5
551,97.7,40.83333333,28.875,31.42857143,31.9,33.7
552,97.7,40.93333333,28.85,31.45714286,32.1,33.7
553,97.8,40.93333333,28.85,31.48571429,32.1,33.7
554,97.8,41,28.85,31.5,32.1,33.8
555,97.8,41.1,28.9,31.62857143,32.1,33.9
556,97.9,41.26666667,29,31.65714286,32.2,33.9
557,98,41.36666667,29.075,31.75714286,32.3,34
558,97.9,41.53333333,29.125,31.87142857,32.5,34.2
559,97.9,41.7,29.125,31.94285714,32.6,34.3
560,97.9,42.23333333,29.35,32.07142857,32.8,34.8
561,98,42.46666667,29.525,32.24285714,32.8,35
562,98,42.6,29.6,32.31428571,32.9,35.2
563,98,42.96666667,29.775,32.52857143,33.1,35.4
564,97.9,43.03333333,29.775,32.6,33.5,35.6
565,98,43.06666667,29.75,32.6,33.5,35.7
566,98,43,29.675,32.58571429,33.5,35.7
567,98,43,29.65,32.62857143,33.5,35.7
568,98,43.13333333,29.65,32.64285714,33.6,35.7
569,98,43.4,29.75,32.74285714,33.7,35.8
570,98,43.46666667,29.75,32.85714286,33.9,36
571,97.9,43.46666667,29.75,32.84285714,34,36
572,98,43.46666667,29.75,32.81428571,34,36
573,98,43.43333333,29.7,32.78571429,34,36
574,98,43.43333333,29.65,32.8,34,36
575,98,43.43333333,29.6,32.8,34,36
576,98,43.4,29.5,32.8,34,36
577,98,43.43333333,29.475,32.8,34,36
578,97.9,43.5,29.475,32.85714286,34.1,36
579,97.9,43.63333333,29.5,32.92857143,34.1,36.1
580,98,43.8,29.5,33.01428571,34.2,36.2
581,98,43.93333333,29.525,33.07142857,34.3,36.3
582,98,44,29.55,33.11428571,34.4,36.4
583,98.1,44.1,29.575,33.15714286,34.5,36.5
584,98.2,44.16666667,29.575,33.2,34.5,36.6
585,98.2,44.3,29.575,33.28571429,34.6,36.7
586,98.2,44.5,29.575,33.37142857,34.7,36.8
587,98.1,44.56666667,29.575,33.42857143,34.8,36.8
588,98,44.6,29.6,33.42857143,34.9,36.9
589,98.1,44.7,29.575,33.44285714,34.9,37.1
590,98.1,44.7,29.5,33.45714286,34.9,37.1
591,98.1,44.76666667,29.5,33.48571429,34.9,37.1
592,98.1,44.9,29.525,33.58571429,35,37.2
593,98.1,45.1,29.6,33.68571429,35.1,37.4
594,98.1,45.2,29.6,33.77142857,35.3,37.5
595,98.1,45.26666667,29.6,33.77142857,35.4,37.6
596,98.2,45.23333333,29.45,33.75714286,35.5,37.7
597,98.1,45.03333333,29.375,33.65714286,35.4,37.6
598,98.1,44.96666667,29.275,33.58571429,35.3,37.5
599,98,45,29.25,33.65714286,35.3,37.5
600,98,45.3,29.35,33.74285714,35.4,37.5
601,98.1,45.6,29.45,33.92857143,35.7,37.8
602,98.1,45.83333333,29.525,34.05714286,35.9,37.9
603,98.2,45.93333333,29.525,34.05714286,36,38.1
604,98.1,45.83333333,29.4,34.08571429,35.9,38.2
605,98,45.63333333,29.275,34,35.8,38.1
606,98,45.53333333,29.225,34,35.8,38
607,98,45.7,29.225,34.04285714,35.8,38
608,98,45.83333333,29.275,34.14285714,35.9,38.2
609,98,45.86666667,29.225,34.14285714,36,38.3
610,98,45.83333333,29.175,34.07142857,36,38.2
611,98,45.73333333,29.075,34.02857143,36,38.2
612,97.9,45.76666667,29.1,34.02857143,36,38.2
613,98,45.9,29.075,34.08571429,36,38.2
614,98,46,29.075,34.11428571,36.1,38.3
615,98.1,46.13333333,29.1,34.18571429,36.1,38.3
616,98.1,46.26666667,29.1,34.24285714,36.3,38.4
617,98.1,46.33333333,29.1,34.31428571,36.4,38.5
618,98.1,46.4,29.125,34.34285714,36.4,38.6
619,98.2,46.5,29.125,34.4,36.5,38.7
620,98.2,46.53333333,29.075,34.5,36.6,38.8
621,98.1,46.6,29.075,34.5,36.7,38.8
622,98.2,46.7,29.075,34.54285714,36.8,38.9
623,98.2,46.86666667,29.1,34.64285714,36.9,39
624,98.2,47,29.175,34.71428571,36.9,39.1
625,98.2,47.1,29.175,34.77142857,37,39.2
626,98.2,47.1,29.15,34.77142857,37.1,39.3
627,98.2,47.06666667,29.1,34.75714286,37.1,39.3
628,98.2,47,29.025,34.74285714,37.1,39.3
629,98.1,47,29,34.75714286,37.1,39.3
630,98.1,47,29,34.78571429,37.1,39.3
631,98.1,47.2,29,34.85714286,37.1,39.4
632,98.1,47.3,29,34.91428571,37.3,39.4
633,98.1,47.33333333,29,34.95714286,37.4,39.6
634,98.1,47.36666667,28.975,35,37.4,39.6
635,98.2,47.4,28.975,35,37.4,39.6
636,98.2,47.4,28.975,35,37.4,39.6
637,98.2,47.5,28.975,35.02857143,37.5,39.6
638,98.2,47.53333333,28.975,35.07142857,37.5,39.7
639,98.2,47.6,28.975,35.11428571,37.6,39.7
640,98.2,47.76666667,28.975,35.14285714,37.6,39.8
641,98.3,47.86666667,28.975,35.18571429,37.7,39.9
642,98.3,47.9,29.025,35.22857143,37.8,39.9
643,98.3,47.96666667,29.025,35.28571429,37.8,40
644,98.4,48.06666667,29.025,35.32857143,37.9,40.1
645,98.3,48.1,29.075,35.37142857,37.9,40.1
646,98.3,48.16666667,29.075,35.41428571,38,40.3
647,98.3,48.26666667,29.075,35.5,38,40.3
648,98.3,48.26666667,29.1,35.52857143,38.1,40.3
649,98.3,48.36666667,29.15,35.58571429,38.2,40.4
650,98.3,48.4,29.15,35.65714286,38.3,40.5
651,98.3,48.46666667,29.175,35.68571429,38.3,40.6
652,98.4,48.53333333,29.2,35.72857143,38.4,40.6
653,98.4,48.53333333,29.225,35.75714286,38.4,40.7
654,98.4,48.56666667,29.225,35.81428571,38.5,40.7
655,98.4,48.73333333,29.25,35.9,38.6,40.7
656,98.4,48.9,29.325,36.01428571,38.6,40.8
657,98.4,49.1,29.425,36.14285714,38.8,41
658,98.4,49.13333333,29.475,36.18571429,38.9,41.2
659,98.4,49.13333333,29.475,36.2,38.9,41.3
660,98.4,49.03333333,29.45,36.17142857,38.9,41.2
661,98.4,48.9,29.425,36.17142857,38.8,41.1
662,98.3,48.83333333,29.425,36.17142857,38.8,41
663,98.3,48.83333333,29.425,36.21428571,38.8,41
664,98.3,49,29.425,36.31428571,38.9,41
665,98.3,49,29.525,36.37142857,38.9,41.1
666,98.3,49.16666667,29.575,36.48571429,39.1,41.2
667,98.3,49.23333333,29.675,36.57142857,39.2,41.3
668,98.3,49.3,29.7,36.64285714,39.3,41.4
669,98.4,49.36666667,29.775,36.67142857,39.3,41.5
670,98.4,49.36666667,29.775,36.68571429,39.3,41.5
671,98.4,49.43333333,29.85,36.75714286,39.3,41.5
672,98.3,49.43333333,29.875,36.78571429,39.3,41.6
673,98.3,49.43333333,29.9,36.85714286,39.4,41.6
674,98.3,49.5,29.975,36.92857143,39.5,41.7
675,98.3,49.6,30.1,37.02857143,39.6,41.8
676,98.3,49.7,30.175,37.08571429,39.6,41.8
677,98.3,49.83333333,30.3,37.2,39.7,41.9
678,98.3,49.96666667,30.375,37.31428571,39.7,42.1
679,98.3,50.03333333,30.5,37.38571429,39.9,42.2
680,98.3,50.03333333,30.525,37.37142857,40,42.3
681,98.3,50.03333333,30.525,37.4,40,42.3
682,98.3,49.96666667,30.525,37.4,40,42.2
683,98.3,49.93333333,30.55,37.44285714,40,42.2
684,98.3,49.93333333,30.65,37.48571429,40,42.2
685,98.2,49.93333333,30.75,37.54285714,40,42.2
686,98.3,50.1,30.825,37.62857143,40.1,42.3
687,98.3,50.16666667,30.9,37.72857143,40.2,42.4
688,98.3,50.2,31.025,37.8,40.2,42.5
689,98.3,50.3,31.075,37.88571429,40.2,42.5
690,98.3,50.3,31.2,37.97142857,40.3,42.5
691,98.2,50.33333333,31.275,38.01428571,40.3,42.6
692,98.2,50.4,31.375,38.1,40.4,42.6
693,98.3,50.5,31.475,38.24285714,40.4,42.7
694,98.3,50.56666667,31.6,38.32857143,40.5,42.8
695,98.3,50.73333333,31.75,38.45714286,40.6,42.8
696,98.4,50.96666667,31.95,38.64285714,40.6,43
697,98.4,51.13333333,32.15,38.8,40.8,43.2
698,98.4,51.16666667,32.2,38.82857143,40.9,43.4
699,98.4,51.13333333,32.175,38.8,40.8,43.4
700,98.4,51.06666667,32.15,38.8,40.8,43.3
701,98.4,50.83333333,32.175,38.8,40.8,43.2
702,98.4,50.8,32.225,38.78571429,40.7,43
703,98.3,50.76666667,32.325,38.9,40.8,43
704,98.5,50.9,32.425,39.05714286,40.8,43
705,98.5,51,32.55,39.1,40.9,43.1
706,98.5,51.1,32.675,39.15714286,40.9,43.1
707,98.5,51.13333333,32.8,39.22857143,41,43.2
708,98.6,51.2,32.875,39.32857143,41,43.4
709,98.6,51.26666667,33,39.37142857,41.1,43.4
710,98.6,51.33333333,33.05,39.48571429,41.2,43.4
711,98.6,51.36666667,33.15,39.52857143,41.2,43.5
712,98.6,51.36666667,33.275,39.61428571,41.3,43.5
713,98.6,51.36666667,33.4,39.68571429,41.3,43.6
714,98.5,51.4,33.55,39.75714286,41.4,43.6
715,98.5,51.5,33.65,39.87142857,41.4,43.6
716,98.6,51.53333333,33.725,39.9,41.5,43.7
717,98.6,51.53333333,33.775,39.91428571,41.5,43.7
718,98.6,51.53333333,33.825,39.94285714,41.5,43.7
719,98.6,51.53333333,33.9,39.98571429,41.5,43.6
720,98.6,51.56666667,33.95,40.08571429,41.5,43.6
721,98.6,51.63333333,34.025,40.2,41.5,43.7
722,98.6,51.73333333,34.125,40.22857143,41.5,43.7
723,98.6,51.83333333,34.275,40.3,41.5,43.8
724,98.6,51.93333333,34.425,40.4,41.6,43.8
725,98.6,51.96666667,34.475,40.45714286,41.6,43.8
726,98.6,52.03333333,34.575,40.5,41.7,43.9
727,98.6,52.2,34.75,40.57142857,41.8,44
728,99,52.3,34.875,40.65714286,41.8,44.1
729,99.2,52.43333333,34.925,40.84285714,41.8,44.1
730,99.5,52.53333333,35.05,41.04285714,41.8,43.9
731,99.5,52.53333333,35.175,41.18571429,41.8,43.9
732,99.6,52.6,35.4,41.31428571,41.9,43.9
733,99.6,52.63333333,35.525,41.34285714,42,43.9
734,99.7,52.63333333,35.55,41.35714286,42,43.9
735,99.7,52.63333333,35.675,41.4,42.1,44
736,99.7,52.63333333,35.875,41.5,42,44
737,99.6,52.63333333,36,41.64285714,42.1,44
738,99.5,52.63333333,36.15,41.68571429,42.2,44
739,98.9,52.63333333,36.325,41.74285714,42.3,44.3
740,98.8,52.6,36.475,41.74285714,42.4,44.5
741,98.7,52.63333333,36.575,41.88571429,42.5,44.6
742,98.7,52.66666667,36.8,41.92857143,42.5,44.7
743,98.8,52.66666667,36.85,41.92857143,42.5,44.7
744,98.6,52.66666667,36.925,41.97142857,42.5,44.8
745,98.7,52.66666667,37.075,42.1,42.6,44.8
746,98.7,52.7,37.2,42.17142857,42.6,44.8
747,98.7,52.8,37.325,42.24285714,42.6,44.9
748,98.7,52.83333333,37.475,42.35714286,42.9,44.9
749,98.6,52.83333333,37.5,42.42857143,42.9,45.1
750,98.6,52.83333333,37.5,42.5,42.9,45.1
751,98.6,52.9,37.7,42.57142857,43,45.1
752,98.6,53.03333333,37.825,42.6,43,45.1
753,98.4,53,37.95,42.68571429,43.1,45.1
754,98.4,53,38.1,42.74285714,43.3,45.1
755,98.5,53.03333333,38.2,42.85714286,43.3,45.1
756,98.5,53,38.275,42.95714286,43.3,45.2
757,98.4,53.03333333,38.325,43.02857143,43.3,45.3
758,98.3,52.96666667,38.45,43.04285714,43.3,45.5
759,98.2,52.96666667,38.525,43.18571429,43.4,45.5
760,98.2,53,38.725,43.2,43.4,45.6
761,98.2,53.06666667,38.775,43.34285714,43.5,45.6
762,98.3,53.26666667,38.925,43.4,43.5,45.6
763,98.4,53.5,39.25,43.54285714,43.5,45.6
764,98.4,53.66666667,39.35,43.64285714,43.7,46
765,98.4,53.6,39.375,43.65714286,43.7,46
766,98.4,53.53333333,39.45,43.7,43.7,46
767,98.5,53.53333333,39.475,43.7,43.6,45.8
768,98.2,53.43333333,39.6,43.77142857,43.8,45.8
769,98.4,53.43333333,39.8,43.74285714,43.8,45.8
770,98.4,53.43333333,39.85,43.77142857,43.8,45.8
771,98.5,53.46666667,39.85,43.82857143,43.8,45.8
772,98.7,53.5,39.9,43.9,43.9,45.8
773,98.7,53.53333333,40,43.97142857,43.9,45.8
774,98.6,53.53333333,40.2,44.04285714,43.9,45.8
775,98.6,53.56666667,40.25,44.05714286,43.9,45.8
776,98.3,53.5,40.375,44.18571429,43.9,45.9
777,98.2,53.53333333,40.45,44.18571429,43.9,46.1
778,98.2,53.53333333,40.5,44.17142857,43.9,46
779,98.6,53.6,40.525,44.27142857,43.9,46.1
780,98.8,53.63333333,40.9,44.44285714,44,46.2
781,98.8,53.7,40.85,44.48571429,44,46.2
782,98.6,53.7,40.925,44.48571429,44.2,46.3
783,98.7,53.8,40.95,44.51428571,44.2,46.3
784,98.7,53.8,41.025,44.62857143,44.2,46.3
785,98.8,53.86666667,41.275,44.85714286,44.1,46.4
786,98.8,53.9,41.475,44.94285714,44.2,46.4
787,98.8,54.13333333,41.7,45,44.3,46.5
788,98.8,54.23333333,41.9,45.1,44.3,46.5
789,98.6,54.23333333,42.075,45.2,44.4,46.6
790,98.4,54.36666667,42.275,45.34285714,44.4,46.7
791,98.4,54.36666667,42.475,45.45714286,44.6,46.7
792,98.4,54.4,42.525,45.48571429,44.6,46.7
793,98.4,54.36666667,42.55,45.5,44.7,46.7
794,98.4,54.36666667,42.575,45.48571429,44.7,46.7
795,98.4,54.33333333,42.575,45.47142857,44.7,46.7
796,98.4,54.3,42.575,45.45714286,44.5,46.7
797,98.4,54.3,42.6,45.48571429,44.5,46.7
798,98.4,54.3,42.7,45.51428571,44.5,46.7
799,98.6,54.36666667,42.925,45.55714286,44.5,46.6
800,98.6,54.46666667,43.025,45.64285714,44.5,46.8
801,98.6,54.53333333,43.275,45.74285714,44.5,46.8
802,98.7,54.7,43.425,45.9,44.6,46.9
803,98.7,54.83333333,43.675,46.05714286,44.7,47
804,98.7,55,43.825,46.15714286,44.8,47.3
805,98.7,55.06666667,43.925,46.28571429,44.9,47.4
806,98.7,55.13333333,44.2,46.44285714,45,47.4
807,98.7,55.23333333,44.275,46.51428571,45.1,47.5
808,98.7,55.33333333,44.45,46.58571429,45.1,47.6
809,98.7,55.3,44.55,46.62857143,45.1,47.6
810,98.7,55.33333333,44.625,46.75714286,45.2,47.6
811,98.7,55.36666667,44.675,46.82857143,45.2,47.8
812,99,55.5,44.8,46.84285714,45.2,47.8
813,98.9,55.46666667,44.85,46.9,45.5,47.8
814,98.8,55.43333333,44.875,47.11428571,45.5,47.9
815,98.7,55.43333333,45,47.15714286,45.7,48
816,98.5,55.5,45.1,47.12857143,45.7,48.1
817,98.7,55.53333333,45.225,47.17142857,45.7,48.1
818,98.7,55.56666667,45.25,47.21428571,45.7,48.1
819,98.7,55.7,45.375,47.27142857,45.8,48.2
820,98.7,55.73333333,45.55,47.42857143,45.8,48.3
821,98.7,56.36666667,46,47.65714286,45.8,48.5
822,98.8,57.16666667,46.875,48.22857143,46.2,48.9
823,98.8,57.63333333,47.15,48.54285714,46.9,49.4
824,99,57.33333333,46.925,48.17142857,46.9,49.4
825,99,56.96666667,46.8,48.15714286,46.6,49.2
826,99.1,56.5,46.775,48.12857143,46.6,49
827,98.9,56.26666667,46.825,48.08571429,46.6,48.5
828,98.9,56.36666667,46.875,48.17142857,46.6,48.6
829,98.9,56.13333333,46.8,48.04285714,46.6,48.6
830,99,56.13333333,46.625,47.94285714,46.3,48.4
831,99,56,46.625,47.87142857,46.2,48.4
832,98.7,55.9,46.675,47.85714286,46.2,48.2
833,98.7,56.26666667,47.225,48,46.3,48.3
834,98.8,56.66666667,47.4,48.3,46.4,48.7
835,98.8,56.7,47.4,48.41428571,46.6,49
836,98.9,56.6,47.225,48.3,46.6,48.9
837,98.9,56.36666667,47.175,48.27142857,46.5,48.8
838,98.8,56.3,47.15,48.25714286,46.5,48.5
839,98.8,56.3,47.25,48.25714286,46.5,48.5
840,98.8,56.33333333,47.325,48.32857143,46.6,48.5
841,98.8,56.26666667,47.35,48.47142857,46.6,48.6
842,98.8,56.33333333,47.325,48.47142857,46.6,48.7
843,98.7,56.3,47.35,48.48571429,46.6,48.8
844,98.8,56.3,47.4,48.51428571,46.5,48.8
845,98.4,56.2,47.4,48.51428571,46.5,48.8
846,98.4,56.26666667,47.4,48.55714286,46.8,48.8
847,98.6,56.26666667,47.475,48.52857143,46.8,48.8
848,98.5,56.26666667,47.7,48.62857143,46.8,48.7
849,98.5,56.46666667,47.7,48.58571429,46.7,49.1
850,98.5,56.5,47.85,48.67142857,46.7,49.1
851,98.5,56.43333333,47.925,48.7,46.7,49.1
852,98.8,56.66666667,47.95,48.71428571,46.7,49.1
853,98.9,56.6,48.075,48.72857143,46.6,49
854,99.2,56.6,48.125,48.78571429,46.7,49.1
855,99.1,56.53333333,48.1,48.82857143,46.7,49.1
856,99.1,56.63333333,48.2,48.95714286,46.6,49.2
857,99.2,56.66666667,48.125,48.98571429,46.8,49.2
858,99.2,56.56666667,48.225,49.07142857,46.8,49
859,99.1,56.56666667,48.2,49.1,46.8,49
860,99.1,56.66666667,48.15,49.14285714,46.9,49.2
861,98.7,56.53333333,48.25,49.32857143,46.9,49.2
862,98.5,56.5,48.5,49.32857143,47,49.3
863,98.5,56.7,48.625,49.3,47,49.3
864,98.5,56.76666667,48.725,49.37142857,47.1,49.4
865,98.7,56.83333333,48.675,49.42857143,47.1,49.4
866,99.1,57,48.85,49.38571429,47.1,49.4
867,99.2,57.03333333,48.95,49.4,47.2,49.4
868,99,57.1,48.975,49.52857143,47.2,49.4
869,98.6,57.16666667,49.125,49.55714286,47.3,49.4
870,98.6,57.16666667,49.3,49.55714286,47.3,49.4
871,99.1,57.33333333,49.35,49.65714286,47.4,49.4
872,99.1,57.26666667,49.4,49.71428571,47.4,49.4
873,99,57.26666667,49.425,49.84285714,47.5,49.5
874,99.1,57.36666667,49.45,49.88571429,47.5,49.5
875,98.8,57.33333333,49.55,49.81428571,47.5,49.7
876,98.9,57.4,49.65,49.88571429,47.5,49.7
877,99,57.5,49.875,49.9,47.5,49.7
878,99,57.56666667,49.925,49.94285714,47.5,49.8
879,98.9,57.63333333,50.25,50.1,47.6,49.9
880,99.2,58,50.45,50.21428571,47.7,50.1
881,99.4,58.4,50.85,50.65714286,47.8,50.2
882,99.4,59.06666667,51.075,50.77142857,48.2,50.8
883,99.4,58.8,51.225,50.8,48.3,50.9
884,99.2,58.63333333,50.975,50.8,48.2,50.9
885,99.3,58.56666667,50.85,50.72857143,48.3,50.9
886,99.2,58.16666667,50.625,50.34285714,48.2,50.8
887,99.1,57.96666667,50.75,50.4,48.2,50.7
888,99.1,57.9,50.85,50.4,48.2,50.6
889,99.2,57.93333333,50.85,50.41428571,48.1,50.5
890,99.3,57.96666667,50.85,50.38571429,48.1,50.4
891,99.3,57.96666667,50.975,50.45714286,48.1,50.4
892,99.3,57.96666667,51,50.57142857,48.1,50.4
893,99.2,58,51,50.65714286,48,50.4
894,99.2,58.1,51.05,50.71428571,48.1,50.4
895,99.2,58.33333333,51.175,50.81428571,48.1,50.5
896,99.3,58.5,51.35,51.05714286,48.3,50.6
897,99.4,58.6,51.3,51,48.4,50.6
898,99.4,58.6,51.375,50.98571429,48.3,50.6
899,99.3,58.36666667,51.4,50.97142857,48.3,50.5
900,99.2,58.23333333,51.4,50.97142857,48.3,50.4
901,99.2,58.16666667,51.5,51,48.3,50.4
902,99.2,58.16666667,51.6,51.02857143,48.3,50.4
903,99.2,58.23333333,51.575,50.98571429,48.3,50.4
904,99.2,58.56666667,51.85,51.1,48.3,50.4
905,99.1,58.63333333,51.925,51.31428571,48.5,50.7
906,99,58.56666667,51.8,51.35714286,48.5,50.8
907,99.1,58.46666667,51.825,51.31428571,48.2,50.3
908,99,58.3,51.6,51.34285714,48.2,50.3
909,99,57.83333333,51.575,51.31428571,48.2,50.2
910,99,57.96666667,51.825,51.31428571,48.2,50.3
911,99.1,58.13333333,51.825,51.3,48.2,50.4
912,99.1,58.26666667,51.9,51.28571429,48.2,50.4
913,99.1,58.33333333,51.95,51.31428571,48.2,50.5
914,99.1,58.36666667,52,51.34285714,48.3,50.8
915,99.2,58.5,52.15,51.45714286,48.3,50.8
916,99.2,58.66666667,52.35,51.51428571,48.4,51.3
917,99.4,58.9,52.35,51.75714286,48.5,51.4
918,99.3,58.83333333,52.325,51.78571429,48.8,51.5
919,99.5,58.9,52.175,51.87142857,48.8,51.3
920,99.7,58.5,52.2,51.9,48.8,51
921,99.6,58.26666667,52.175,51.68571429,48.9,51
922,99.6,58.43333333,52.25,51.7,48.9,50.9
923,99.5,58.6,52.325,51.71428571,48.9,51
924,99.4,58.6,52.375,51.71428571,48.9,50.9
925,99.4,58.6,52.375,51.75714286,48.9,50.9
926,99.3,58.6,52.375,51.77142857,48.9,50.9
927,99.1,58.56666667,52.375,51.72857143,48.9,51
928,99.2,58.63333333,52.5,51.82857143,48.8,50.9
929,99.3,58.7,52.475,51.84285714,48.7,51
930,99.2,58.7,52.5,51.85714286,48.7,51
931,99.2,58.73333333,52.6,51.9,48.7,51
932,99.2,58.73333333,52.625,51.91428571,48.6,51.1
933,99.2,58.73333333,52.6,51.92857143,48.6,51.1
934,99.2,58.73333333,52.6,51.97142857,48.7,51.2
935,99.3,58.83333333,52.6,51.97142857,48.9,51
936,99.4,58.86666667,52.65,51.98571429,48.9,51.1
937,99.4,58.9,52.725,52.02857143,48.9,51.1
938,99,58.9,52.825,52.15714286,48.9,51.1
939,99,58.9,52.875,52.17142857,48.9,51.1
940,99,59.03333333,52.875,52.25714286,49,51.2
941,98.9,59,52.875,52.38571429,49,51.2
942,98.7,58.93333333,52.875,52.37142857,49.1,51.3
943,98.7,58.93333333,52.9,52.34285714,49.1,51.4
944,98.8,59,53.025,52.32857143,49.1,51.4
945,98.9,59.03333333,53.025,52.42857143,49.2,51.3
946,99.2,59.03333333,53.025,52.42857143,49.2,51.4
947,99.2,59.1,53.05,52.45714286,49.2,51.4
948,99.2,59.1,53.125,52.52857143,49.3,51.6
949,99.2,59.13333333,53.15,52.5,49.3,51.6
950,99.2,58.23333333,52.025,51.4,48.3,49.7
951,99.1,57.13333333,50.725,50.24285714,46.8,48.8
952,98.9,56.96666667,50.325,49.9,46.6,48.5
953,98.9,56.83333333,50.3,49.82857143,46.6,48.5
954,98.9,56.7,50,49.62857143,46.5,48.4
955,98.9,56.23333333,49.7,49.17142857,46.4,48.2
956,98.9,56.06666667,49.35,48.87142857,46.3,48
957,98.9,56,48.975,48.5,46,47.9
958,98.9,55.73333333,48.65,48.25714286,45.3,47.4
959,98.9,55.43333333,48.375,47.98571429,45.1,47.2
960,98.9,55.3,48.125,47.85714286,44.9,47.1
961,98.9,55.13333333,48.025,47.7,44.7,46.9
962,98.9,55.03333333,47.85,47.57142857,44.7,46.6
963,98.9,54.96666667,47.7,47.5,44.6,46.5
964,98.9,54.83333333,47.5,47.25714286,44.6,46.3
965,98.9,54.73333333,47.325,47.12857143,44.4,46.3
966,98.9,54.56666667,47.225,46.97142857,44.1,46
967,98.9,54.33333333,46.925,46.75714286,43.9,45.9
968,98.9,54.13333333,46.575,46.4,43.7,45.8
969,98.9,53.7,46.125,45.91428571,43.3,45.3
970,98.9,53.4,45.6,45.55714286,42.9,44.9
971,98.9,53.33333333,45.575,45.4,42.7,44.6
972,98.8,53.33333333,45.65,45.5,42.7,44.5
973,98.9,53.5,45.825,45.88571429,42.9,44.5
974,98.9,53.66666667,46.35,46.1,43,44.7
975,99,53.9,46.5,46.32857143,43.2,44.9
976,99,53.96666667,46.5,46.35714286,43.4,45
977,98.8,53.9,46.5,46.34285714,43.4,45.2
978,99.4,54.46666667,46.6,46.45714286,43.5,45.2
979,99.6,54.96666667,47.275,46.97142857,44.3,45.6
980,99.5,55.8,48.45,47.98571429,44.8,46
981,99.2,55.86666667,49.625,48.78571429,45,46.2
982,100,57.56666667,50.425,49.55714286,45.9,47.8
983,100,57.96666667,50.7,50.35714286,46.9,48.2
984,99.9,57.8,50.75,50.38571429,47.2,48.9
985,99.1,56.4,50.2,49.82857143,47.2,48.8
986,99.1,55.93333333,49.3,48.72857143,46.9,48.2
987,99.3,55.3,48.325,47.67142857,45.4,47.2
988,99.5,54.86666667,47.45,47.05714286,44.3,46.4
989,99.4,54.66666667,47.375,46.91428571,44,45.9
990,99.4,54.63333333,47.45,47.02857143,43.9,45.8
991,99.1,54.8,47.625,47.18571429,44.1,45.9
992,99.2,55.3,48.125,47.42857143,44.4,45.9
993,99,55.93333333,49.025,48.02857143,44.5,46.6
994,98.6,55.83333333,51.5,49.42857143,45.3,47.9
995,98.9,57.4,52.85,50.54285714,46.5,48.1
996,99.1,57.8,52.95,50.92857143,47.1,48.5
997,99.1,57.9,52.6,51.14285714,47.6,48.8
998,99,57.73333333,52.275,50.95714286,48,48.9
999,98.9,57.4,52.025,50.67142857,48.1,48.9
1000,98.8,57.03333333,51.275,50.22857143,47.9,48.9
1001,98.8,56.8,50.3,49.5,46.9,48.6
1002,98.8,56.43333333,49.875,49.07142857,46.1,48.1
1003,98.8,56.06666667,49.675,48.84285714,45.7,47.7
1004,98.9,56.06666667,49.475,48.74285714,45.6,47.6
1005,99,56.06666667,49.425,48.72857143,45.5,47.6
1006,99.4,56.1,49.375,48.71428571,45.5,47.5
1007,99.3,56.06666667,49.325,48.7,45.6,47.5
1008,99.3,56.1,49.4,48.72857143,45.6,47.4
1009,99.2,56.13333333,49.275,48.75714286,45.6,47.5
1010,99.2,56.03333333,49.275,48.74285714,45.5,47.4
1011,99.2,56.06666667,49.4,48.78571429,45.5,47.3
1012,99.1,56.16666667,49.675,48.9,45.6,47.3
1013,99.1,56.26666667,49.925,49.12857143,45.7,47.4
1014,99.1,56.56666667,50.225,49.51428571,45.9,47.4
1015,99.7,56.8,50.25,49.68571429,45.9,48
1016,99.1,56.66666667,50.25,49.68571429,45.9,47.9
1017,98.8,56.53333333,50.175,49.65714286,45.9,48.3
1018,98.9,56.5,50.1,49.6,45.9,48.3
1019,99.2,56.4,49.675,49.17142857,45.9,48.2
1020,99.3,56.4,49.325,48.81428571,45,47.9
1021,98.9,56.26666667,49.075,48.57142857,45,47.5
1022,99,55.9,48.975,48.31428571,45,47.5
1023,98.9,55.46666667,48.625,48.15714286,45,46.8
1024,98.9,55.43333333,48.3,47.81428571,44.8,46.6
1025,98.9,55.23333333,48.15,47.6,44.8,46.3
1026,98.9,55.06666667,47.95,47.45714286,44.5,46.2
1027,99,55,47.65,47.3,44.4,46.1
1028,98.9,54.96666667,47.475,47.22857143,44.1,46.1
1029,98.9,54.96666667,47.375,47.12857143,44.1,45.9
1030,98.9,54.93333333,47.25,46.88571429,44.1,45.9
1031,99,54.86666667,47.2,46.87142857,44,45.7
1032,99,54.83333333,46.95,46.72857143,43.8,45.7
1033,98.8,54.3,46.9,46.57142857,43.8,45.5
1034,98.8,54.26666667,46.825,46.41428571,43.5,45.5
1035,98.8,54.13333333,46.7,46.32857143,43.4,45.4
1036,98.6,53.96666667,46.5,46.15714286,43.3,45.2
1037,98.6,53.76666667,46.125,45.98571429,43.3,45.2
1038,98.6,53.73333333,45.95,45.7,43.2,45.1
1039,98.6,53.3,45.45,45.52857143,42.8,44.6
1040,98.6,53.26666667,45.275,45.3,42.3,44.6
1041,98.6,53.13333333,45.1,45.05714286,41.9,44.3
1042,98.5,53,44.825,44.9,41.8,43.9
1043,98.5,52.93333333,44.8,44.75714286,41.8,43.9
1044,98.4,52.8,44.65,44.68571429,41.8,43.9
1045,98.4,52.73333333,44.55,44.61428571,41.8,43.3
1046,98.4,52.7,44.275,44.52857143,41.5,43.2
1047,98.5,52.63333333,44.1,44.47142857,41.2,43.2
1048,98.6,52.66666667,44.125,44.45714286,41.2,43.1
1049,98.6,52.6,44.05,44.3,41.2,43.1
1050,98.6,52.63333333,44.1,44.28571429,41.3,43
1051,98.6,52.5,44.05,44.18571429,41.3,43.1
1052,98.6,52.46666667,43.925,44.21428571,41.3,43.2
1053,98.7,52.36666667,43.875,44.24285714,41.3,43.1
1054,98.9,52.36666667,43.85,44.22857143,41.2,43.1
1055,98.7,52.3,43.925,44.01428571,41.2,43.3
1056,98.7,52.3,43.6,43.77142857,41.1,43.1
1057,98.7,51.93333333,43.1,43.41428571,41.2,43
1058,98.7,51.26666667,41.725,42.78571429,40.9,42.5
1059,98.7,50.9,40.7,41.72857143,39.9,41.7
1060,98.8,50.8,40.4,41.08571429,38.4,41
1061,98.6,50.16666667,40.15,40.81428571,38.4,40.6
1062,98.7,50.03333333,39.7,40.64285714,38.4,40.5
1063,98.7,49.96666667,39.675,40.57142857,38.3,40.5
1064,98.8,49.8,39.675,40.6,38.3,40.3
1065,98.8,49.8,39.675,40.61428571,38.1,40.2
1066,98.7,49.8,39.45,40.5,38.1,40.3
1067,98.8,49.73333333,39.225,40.51428571,38.1,40.1
1068,98.9,49.66666667,39,40.25714286,38.1,39.8
1069,98.8,49.36666667,38.75,39.81428571,38,39.8
1070,98.8,49.3,38.575,39.41428571,37.5,39.1
1071,98.8,49.13333333,38.225,39.38571429,37.4,39.2
1072,98.8,49.26666667,38.15,39.31428571,37.4,39.2
1073,98.7,49.23333333,38.325,39.35714286,37.3,39.1
1074,98.4,49.03333333,38.225,39.27142857,37.1,39.1
1075,98.3,48.8,38.15,39.04285714,37.1,39
1076,97.8,48.43333333,37.975,38.88571429,37,38.6
1077,97.9,48.36666667,37.975,38.6,37,38.3
1078,97.9,48.36666667,37.9,38.4,36.9,38.3
1079,98,48.46666667,37.775,38.48571429,36.8,38.3
1080,98.4,48.6,37.75,38.51428571,36.8,38.3
1081,98.3,48.53333333,37.75,38.52857143,36.7,38.8
1082,98.4,48.5,37.675,38.47142857,36.5,38.8
1083,98.4,48.46666667,37.45,38.48571429,36.4,38.6
1084,98.4,48.43333333,37.075,38.47142857,36.3,38.5
1085,98.5,48.53333333,36.95,38.5,36.3,38.5
1086,98.4,48.7,37.025,38.52857143,36.3,38.6
1087,98.4,48.7,37.15,38.54285714,36.5,38.6
1088,98.4,48.46666667,37.025,38.44285714,36.7,38.6
1089,98.5,48.3,36.85,38.1,36.7,38.4
1090,98.6,48.1,36.425,37.7,36.7,38.2
1091,98.5,47.73333333,36.2,37.45714286,36.6,38.1
1092,98.6,47.73333333,36.2,37.3,36.4,37.9
1093,98.7,47.93333333,36.225,37.38571429,36.1,37.9
1094,98.9,48.13333333,36.325,37.4,36,37.8
1095,98.5,48.16666667,36.225,37.37142857,35.9,37.7
1096,98.6,48,36.025,37.38571429,35.9,37.6
1097,98.6,47.73333333,35.925,37.22857143,35.8,37.4
1098,98.6,47.5,35.8,37.01428571,35.4,36.5
1099,99.1,47.43333333,34.85,36.7,35.3,36.4
1100,99.4,59.53333333,55.925,55.07142857,58.8,66
