Ud Qb Fibers,,
Ud Qb Fibers 1,"Date : 29/10/2021, 14:40:31",
Wavelength (nm),ABS,%T
190,0.277,52.9
191,0.273,53.4
192,0.268,53.9
193,0.266,54.1
194,0.266,54.2
195,0.266,54.2
196,0.267,54.1
197,0.267,54.1
198,0.267,54
199,0.267,54
200,0.267,54
201,0.266,54.2
202,0.264,54.4
203,0.264,54.4
204,0.264,54.5
205,0.263,54.5
206,0.261,54.8
207,0.257,55.3
208,0.252,56
209,0.247,56.6
210,0.246,56.7
211,0.246,56.7
212,0.246,56.7
213,0.244,57.1
214,0.239,57.7
215,0.412,38.7
216,0.75,17.8
217,1.089,8.2
218,1.427,3.7
219,1.766,1.7
220,2.104,0.8
221,2.443,0.4
222,2.781,0.2
223,0.693,20.3
224,0.429,37.2
225,0.346,45
226,0.306,49.5
227,0.275,53
228,0.251,56.2
229,0.239,57.7
230,0.236,58
231,0.234,58.3
232,0.23,58.8
233,0.226,59.4
234,0.224,59.6
235,0.224,59.8
236,0.223,59.8
237,0.223,59.8
238,0.224,59.8
239,0.224,59.7
240,0.224,59.7
241,0.223,59.9
242,0.222,60
243,0.221,60.1
244,0.221,60.1
245,0.219,60.4
246,0.219,60.5
247,0.219,60.4
248,0.223,59.9
249,0.23,58.9
250,0.234,58.4
251,0.231,58.7
252,0.219,60.4
253,0.203,62.7
254,0.2,63.1
255,0.204,62.5
256,0.2,63.1
257,0.191,64.4
258,0.19,64.6
259,0.197,63.5
260,0.202,62.8
261,0.203,62.6
262,0.214,61
263,0.234,58.3
264,0.246,56.8
265,0.246,56.8
266,0.236,58
267,0.225,59.5
268,0.217,60.7
269,0.211,61.5
270,0.207,62
271,0.207,62.1
272,0.207,62.1
273,0.206,62.2
274,0.204,62.5
275,0.199,63.2
276,0.195,63.8
277,0.191,64.5
278,0.187,65
279,0.183,65.5
280,0.18,66.1
281,0.177,66.5
282,0.175,66.9
283,0.175,66.9
284,0.176,66.7
285,0.178,66.3
286,0.182,65.8
287,0.185,65.4
288,0.185,65.4
289,0.183,65.6
290,0.182,65.7
291,0.184,65.5
292,0.184,65.5
293,0.181,65.9
294,0.179,66.3
295,0.178,66.4
296,0.177,66.6
297,0.172,67.3
298,0.166,68.2
299,0.158,69.5
300,0.142,72.2
301,0.136,73.1
302,0.143,72
303,0.151,70.6
304,0.153,70.3
305,0.147,71.2
306,0.147,71.3
307,0.152,70.4
308,0.153,70.3
309,0.154,70.1
310,0.162,68.9
311,0.167,68
312,0.167,68
313,0.158,69.4
314,0.151,70.6
315,0.152,70.4
316,0.155,69.9
317,0.159,69.3
318,0.159,69.3
319,0.157,69.7
320,0.155,70
321,0.158,69.5
322,0.164,68.5
323,0.171,67.5
324,0.174,67
325,0.174,66.9
326,0.173,67.1
327,0.174,67
328,0.176,66.7
329,0.176,66.6
330,0.178,66.4
331,0.18,66.1
332,0.182,65.7
333,0.184,65.4
334,0.187,65
335,0.19,64.6
336,0.194,63.9
337,0.195,63.8
338,0.193,64.1
339,0.188,64.9
340,0.184,65.5
341,0.185,65.3
342,0.188,64.9
343,0.19,64.6
344,0.19,64.5
345,0.189,64.7
346,0.186,65.2
347,0.185,65.4
348,0.183,65.6
349,0.18,66
350,0.179,66.3
351,0.181,66
352,0.185,65.3
353,0.192,64.3
354,0.197,63.5
355,0.202,62.9
356,0.203,62.6
357,0.203,62.6
358,0.203,62.6
359,0.203,62.6
360,0.204,62.5
361,0.206,62.2
362,0.208,61.9
363,0.21,61.6
364,0.21,61.6
365,0.21,61.7
366,0.21,61.7
367,0.212,61.4
368,0.213,61.2
369,0.213,61.3
370,0.208,61.9
371,0.201,63
372,0.191,64.4
373,0.181,65.9
374,0.178,66.4
375,0.178,66.4
376,0.181,66
377,0.182,65.8
378,0.182,65.8
379,0.179,66.2
380,0.171,67.5
381,0.163,68.6
382,0.16,69.2
383,0.162,68.9
384,0.164,68.6
385,0.164,68.6
386,0.159,69.4
387,0.156,69.8
388,0.157,69.7
389,0.159,69.3
390,0.147,71.2
391,0.137,72.9
392,0.134,73.5
393,0.133,73.6
394,0.132,73.8
395,0.132,73.8
396,0.132,73.8
397,0.132,73.8
398,0.132,73.8
399,0.134,73.4
400,0.135,73.3
401,0.137,72.9
402,0.137,72.9
403,0.136,73.2
404,0.132,73.7
405,0.13,74.2
406,0.129,74.3
407,0.129,74.2
408,0.131,74
409,0.133,73.7
410,0.134,73.4
411,0.134,73.4
412,0.133,73.7
413,0.132,73.9
414,0.132,73.9
415,0.132,73.9
416,0.132,73.8
417,0.132,73.8
418,0.132,73.7
419,0.133,73.7
420,0.133,73.7
421,0.133,73.6
422,0.134,73.4
423,0.135,73.3
424,0.135,73.3
425,0.136,73.2
426,0.136,73.1
427,0.137,73
428,0.137,73
429,0.137,73
430,0.136,73.1
431,0.135,73.3
432,0.135,73.3
433,0.135,73.2
434,0.138,72.8
435,0.141,72.4
436,0.142,72.1
437,0.142,72
438,0.139,72.6
439,0.134,73.5
440,0.129,74.2
441,0.129,74.3
442,0.13,74.1
443,0.131,73.9
444,0.133,73.6
445,0.135,73.3
446,0.136,73.2
447,0.136,73.1
448,0.136,73.1
449,0.136,73.1
450,0.135,73.2
451,0.135,73.3
452,0.135,73.3
453,0.135,73.2
454,0.135,73.2
455,0.136,73.1
456,0.137,72.9
457,0.14,72.5
458,0.142,72.2
459,0.141,72.2
460,0.14,72.4
461,0.137,72.9
462,0.133,73.5
463,0.132,73.8
464,0.132,73.8
465,0.132,73.8
466,0.134,73.5
467,0.135,73.3
468,0.135,73.3
469,0.136,73.2
470,0.136,73.2
471,0.136,73.1
472,0.136,73.2
473,0.136,73.2
474,0.136,73.1
475,0.138,72.8
476,0.139,72.6
477,0.142,72.1
478,0.145,71.6
479,0.147,71.3
480,0.145,71.6
481,0.141,72.3
482,0.133,73.7
483,0.128,74.5
484,0.128,74.6
485,0.129,74.3
486,0.131,74
487,0.133,73.7
488,0.136,73.2
489,0.138,72.8
490,0.139,72.6
491,0.14,72.5
492,0.14,72.5
493,0.141,72.3
494,0.141,72.2
495,0.143,72
496,0.144,71.7
497,0.145,71.5
498,0.145,71.6
499,0.144,71.8
500,0.144,71.8
501,0.142,72
502,0.143,72
503,0.144,71.8
504,0.146,71.4
505,0.149,71
506,0.151,70.7
507,0.152,70.5
508,0.152,70.5
509,0.152,70.5
510,0.152,70.4
511,0.152,70.4
512,0.152,70.5
513,0.152,70.5
514,0.151,70.6
515,0.15,70.7
516,0.15,70.8
517,0.149,71
518,0.148,71.2
519,0.145,71.6
520,0.144,71.8
521,0.144,71.8
522,0.144,71.8
523,0.145,71.7
524,0.145,71.6
525,0.145,71.5
526,0.145,71.5
527,0.145,71.5
528,0.146,71.5
529,0.146,71.4
530,0.146,71.4
531,0.146,71.4
532,0.146,71.4
533,0.147,71.3
534,0.147,71.3
535,0.148,71.2
536,0.148,71.1
537,0.149,71
538,0.149,71
539,0.149,70.9
540,0.149,71
541,0.15,70.9
542,0.152,70.4
543,0.152,70.4
544,0.151,70.6
545,0.15,70.8
546,0.15,70.8
547,0.152,70.4
548,0.154,70.1
549,0.16,69.2
550,0.16,69.2
551,0.157,69.7
552,0.155,70
553,0.15,70.8
554,0.146,71.4
555,0.146,71.4
556,0.146,71.4
557,0.148,71.2
558,0.15,70.7
559,0.152,70.4
560,0.146,71.4
561,0.142,72.1
562,0.139,72.7
563,0.139,72.6
564,0.138,72.8
565,0.139,72.6
566,0.139,72.6
567,0.138,72.7
568,0.138,72.7
569,0.138,72.7
570,0.138,72.8
571,0.14,72.5
572,0.143,71.9
573,0.143,71.9
574,0.144,71.7
575,0.144,71.7
576,0.147,71.3
577,0.149,70.9
578,0.152,70.5
579,0.153,70.4
580,0.153,70.3
581,0.153,70.3
582,0.154,70.2
583,0.154,70.2
584,0.154,70.1
585,0.154,70.1
586,0.153,70.3
587,0.15,70.7
588,0.147,71.3
589,0.144,71.9
590,0.14,72.5
591,0.138,72.7
592,0.137,73
593,0.134,73.4
594,0.134,73.5
595,0.131,73.9
596,0.13,74.2
597,0.129,74.3
598,0.129,74.4
599,0.129,74.4
600,0.128,74.5
601,0.127,74.7
602,0.127,74.7
603,0.127,74.7
604,0.127,74.7
605,0.127,74.6
606,0.128,74.4
607,0.13,74.1
608,0.133,73.6
609,0.138,72.7
610,0.142,72.1
611,0.161,69
612,0.184,65.5
613,0.181,65.8
614,0.156,69.8
615,0.142,72.2
616,0.127,74.7
617,0.121,75.6
618,0.119,76.1
619,0.116,76.6
620,0.116,76.6
621,0.114,76.9
622,0.108,78.1
623,0.114,77
624,0.135,73.2
625,0.141,72.3
626,0.135,73.3
627,0.13,74.2
628,0.123,75.3
629,0.115,76.8
630,0.11,77.7
631,0.112,77.2
632,0.12,75.8
633,0.121,75.7
634,0.122,75.5
635,0.124,75.1
636,0.124,75.2
637,0.124,75.2
638,0.124,75.1
639,0.126,74.8
640,0.127,74.7
641,0.128,74.5
642,0.128,74.5
643,0.129,74.4
644,0.129,74.3
645,0.13,74.2
646,0.13,74.2
647,0.13,74.1
648,0.131,74
649,0.131,73.9
650,0.133,73.6
651,0.136,73.2
652,0.135,73.2
653,0.136,73.2
654,0.136,73.1
655,0.136,73.1
656,0.137,73
657,0.138,72.8
658,0.138,72.9
659,0.138,72.8
660,0.138,72.8
661,0.137,72.9
662,0.137,72.9
663,0.138,72.8
664,0.138,72.8
665,0.138,72.8
666,0.138,72.8
667,0.138,72.8
668,0.138,72.8
669,0.137,72.9
670,0.138,72.8
671,0.138,72.8
672,0.138,72.8
673,0.139,72.6
674,0.141,72.3
675,0.143,71.9
676,0.149,71
677,0.162,68.9
678,0.187,65.1
679,0.195,63.9
680,0.172,67.3
681,0.144,71.7
682,0.138,72.8
683,0.13,74.1
684,0.111,77.5
685,0.099,79.7
686,0.097,80
687,0.106,78.3
688,0.115,76.7
689,0.122,75.6
690,0.125,75.1
691,0.13,74.2
692,0.135,73.3
693,0.145,71.6
694,0.162,68.9
695,0.161,69
696,0.144,71.8
697,0.139,72.6
698,0.135,73.3
699,0.123,75.4
700,0.116,76.6
701,0.115,76.8
702,0.12,75.8
703,0.129,74.3
704,0.152,70.5
705,0.171,67.5
706,0.149,70.9
707,0.128,74.5
708,0.125,75
709,0.118,76.2
710,0.107,78.1
711,0.106,78.4
712,0.114,76.8
713,0.124,75.2
714,0.131,74
715,0.137,73
716,0.146,71.4
717,0.174,67
718,0.188,64.9
719,0.16,69.2
720,0.139,72.7
721,0.132,73.8
722,0.122,75.6
723,0.106,78.3
724,0.101,79.3
725,0.107,78.1
726,0.114,76.9
727,0.118,76.2
728,0.12,75.9
729,0.125,75
730,0.126,74.9
731,0.129,74.2
732,0.13,74.2
733,0.133,73.6
734,0.133,73.6
735,0.135,73.3
736,0.136,73
737,0.139,72.6
738,0.141,72.3
739,0.142,72.1
740,0.147,71.2
741,0.155,70
742,0.159,69.4
743,0.156,69.8
744,0.151,70.7
745,0.149,70.9
746,0.145,71.7
747,0.139,72.6
748,0.139,72.6
749,0.139,72.6
750,0.141,72.2
751,0.141,72.2
752,0.141,72.2
753,0.141,72.2
754,0.141,72.2
755,0.143,71.9
756,0.146,71.5
757,0.146,71.5
758,0.145,71.6
759,0.138,72.8
760,0.136,73.1
761,0.136,73.1
762,0.133,73.5
763,0.132,73.8
764,0.133,73.6
765,0.133,73.6
766,0.135,73.2
767,0.135,73.2
768,0.137,72.9
769,0.137,72.9
770,0.137,72.9
771,0.139,72.6
772,0.141,72.3
773,0.142,72.2
774,0.142,72.2
775,0.146,71.5
776,0.148,71.1
777,0.15,70.8
778,0.15,70.8
779,0.149,71
780,0.149,71
781,0.147,71.2
782,0.142,72.1
783,0.142,72.1
784,0.142,72.1
785,0.144,71.8
786,0.15,70.8
787,0.162,68.9
788,0.184,65.5
789,0.204,62.6
790,0.18,66.1
791,0.147,71.3
792,0.142,72.2
793,0.125,75
794,0.107,78.2
795,0.095,80.3
796,0.098,79.7
797,0.115,76.8
798,0.128,74.5
799,0.14,72.5
800,0.144,71.8
801,0.146,71.4
802,0.157,69.6
803,0.191,64.4
804,0.216,60.8
805,0.182,65.8
806,0.142,72.1
807,0.132,73.7
808,0.126,74.9
809,0.113,77
810,0.099,79.7
811,0.099,79.6
812,0.103,78.9
813,0.114,76.9
814,0.123,75.4
815,0.127,74.6
816,0.132,73.8
817,0.135,73.2
818,0.14,72.5
819,0.139,72.6
820,0.139,72.7
821,0.139,72.7
822,0.14,72.5
823,0.143,71.9
824,0.146,71.4
825,0.15,70.7
826,0.153,70.3
827,0.153,70.4
828,0.152,70.4
829,0.148,71.1
830,0.147,71.3
831,0.143,71.9
832,0.139,72.7
833,0.137,72.9
834,0.137,72.9
835,0.138,72.9
836,0.137,72.9
837,0.137,72.9
838,0.138,72.8
839,0.139,72.6
840,0.139,72.6
841,0.139,72.6
842,0.143,71.9
843,0.143,72
844,0.146,71.4
845,0.146,71.4
846,0.146,71.4
847,0.146,71.4
848,0.146,71.4
849,0.145,71.6
850,0.143,71.9
851,0.143,71.9
852,0.144,71.8
853,0.144,71.7
854,0.144,71.7
855,0.145,71.6
856,0.146,71.5
857,0.146,71.4
858,0.146,71.4
859,0.146,71.4
860,0.146,71.4
861,0.146,71.5
862,0.146,71.4
863,0.146,71.4
864,0.146,71.4
865,0.146,71.5
866,0.149,71
867,0.149,71
868,0.148,71
869,0.149,70.9
870,0.149,70.9
871,0.147,71.2
872,0.149,71
873,0.147,71.3
874,0.148,71.2
875,0.149,71
876,0.145,71.6
877,0.145,71.6
878,0.145,71.5
879,0.145,71.6
880,0.146,71.4
881,0.146,71.4
882,0.145,71.6
883,0.145,71.6
884,0.15,70.8
885,0.149,70.9
886,0.149,70.9
887,0.151,70.6
888,0.151,70.6
889,0.15,70.8
890,0.15,70.7
891,0.151,70.7
892,0.157,69.7
893,0.154,70.1
894,0.154,70.1
895,0.155,70
896,0.156,69.8
897,0.156,69.9
898,0.156,69.8
899,0.157,69.7
900,0.159,69.3
901,0.161,69.1
902,0.164,68.5
903,0.164,68.5
904,0.159,69.3
905,0.163,68.7
906,0.163,68.8
907,0.162,68.8
908,0.167,68.1
909,0.17,67.6
910,0.177,66.5
911,0.187,65.1
912,0.181,65.8
913,0.178,66.4
914,0.177,66.5
915,0.165,68.4
916,0.157,69.7
917,0.157,69.6
918,0.158,69.4
919,0.163,68.7
920,0.162,68.8
921,0.163,68.8
922,0.164,68.5
923,0.164,68.5
924,0.162,68.8
925,0.163,68.7
926,0.172,67.4
927,0.171,67.4
928,0.171,67.5
929,0.172,67.3
930,0.171,67.4
931,0.171,67.4
932,0.172,67.3
933,0.187,65.1
934,0.187,65
935,0.189,64.7
936,0.19,64.5
937,0.191,64.4
938,0.187,65.1
939,0.189,64.7
940,0.191,64.4
941,0.195,63.9
942,0.195,63.8
943,0.192,64.2
944,0.192,64.2
945,0.185,65.3
946,0.184,65.4
947,0.185,65.3
948,0.183,65.6
949,0.183,65.7
950,0.184,65.5
951,0.184,65.4
952,0.185,65.3
953,0.196,63.6
954,0.207,62
955,0.203,62.6
956,0.203,62.7
957,0.206,62.2
958,0.21,61.6
959,0.21,61.6
960,0.206,62.2
961,0.207,62.1
962,0.208,62
963,0.21,61.7
964,0.212,61.4
965,0.215,60.9
966,0.217,60.7
967,0.219,60.4
968,0.222,60
969,0.222,60
970,0.225,59.5
971,0.227,59.3
972,0.228,59.1
973,0.229,59.1
974,0.24,57.6
975,0.233,58.4
976,0.233,58.4
977,0.235,58.2
978,0.238,57.8
979,0.24,57.6
980,0.241,57.5
981,0.241,57.4
982,0.243,57.1
983,0.244,57
984,0.244,57
985,0.254,55.7
986,0.27,53.7
987,0.27,53.7
988,0.272,53.5
989,0.274,53.2
990,0.279,52.6
991,0.279,52.6
992,0.284,52
993,0.291,51.2
994,0.294,50.9
995,0.297,50.4
996,0.299,50.2
997,0.296,50.5
998,0.316,48.3
999,0.316,48.3
"1,000.00",0.314,48.5
"1,001.00",0.315,48.4
"1,002.00",0.321,47.7
"1,003.00",0.327,47.1
"1,004.00",0.331,46.7
"1,005.00",0.384,41.3
"1,006.00",0.399,39.9
"1,007.00",0.353,44.4
"1,008.00",0.356,44
"1,009.00",0.428,37.4
"1,010.00",0.43,37.2
"1,011.00",0.428,37.3
"1,012.00",0.423,37.8
"1,013.00",0.438,36.5
"1,014.00",0.494,32.1
"1,015.00",0.562,27.4
"1,016.00",0.586,25.9
"1,017.00",0.674,21.2
"1,018.00",0.532,29.4
"1,019.00",0.503,31.4
"1,020.00",0.513,30.7
"1,021.00",0.527,29.7
"1,022.00",0.58,26.3
"1,023.00",0.6,25.1
"1,024.00",0.549,28.3
"1,025.00",0.549,28.3
"1,026.00",0.566,27.2
"1,027.00",0.571,26.8
"1,028.00",0.573,26.7
"1,029.00",0.587,25.9
"1,030.00",0.602,25
"1,031.00",0.604,24.9
"1,032.00",0.605,24.8
"1,033.00",0.597,25.3
"1,034.00",0.619,24
"1,035.00",0.617,24.2
"1,036.00",0.611,24.5
"1,037.00",0.613,24.4
"1,038.00",0.617,24.1
"1,039.00",0.583,26.1
"1,040.00",0.562,27.4
"1,041.00",0.573,26.8
"1,042.00",0.578,26.4
"1,043.00",0.615,24.3
"1,044.00",0.53,29.5
"1,045.00",0.488,32.5
"1,046.00",0.492,32.2
"1,047.00",0.587,25.9
"1,048.00",0.567,27.1
"1,049.00",0.57,26.9
"1,050.00",0.583,26.1
"1,051.00",0.587,25.9
"1,052.00",0.591,25.6
"1,053.00",0.568,27
"1,054.00",0.71,19.5
"1,055.00",0.816,15.3
"1,056.00",0.848,14.2
"1,057.00",0.797,16
"1,058.00",0.732,18.5
"1,059.00",0.782,16.5
"1,060.00",0.7,19.9
"1,061.00",0.644,22.7
"1,062.00",0.667,21.5
"1,063.00",0.607,24.7
"1,064.00",0.208,61.9
"1,065.00",0.046,90
"1,066.00",-0.011,102.5
"1,067.00",-0.017,103.9
"1,068.00",-0.032,107.7
"1,069.00",-0.064,116
"1,070.00",-0.058,114.4
"1,071.00",-0.103,126.8
"1,072.00",-0.103,126.8
"1,073.00",-0.093,124
"1,074.00",-0.095,124.4
"1,075.00",-0.091,123.3
"1,076.00",-0.033,107.8
"1,077.00",-0.026,106.1
"1,078.00",-0.024,105.6
"1,079.00",-0.032,107.6
"1,080.00",-0.045,110.9
"1,081.00",-0.024,105.7
"1,082.00",-0.035,108.3
"1,083.00",-0.044,110.6
"1,084.00",-0.04,109.7
"1,085.00",-0.023,105.5
"1,086.00",-0.012,102.8
"1,087.00",-0.021,104.9
"1,088.00",-0.03,107.1
"1,089.00",-0.05,112.1
"1,090.00",-0.048,111.7
"1,091.00",-0.05,112.3
"1,092.00",-0.067,116.7
"1,093.00",-0.067,116.8
"1,094.00",-0.062,115.4
"1,095.00",-0.039,109.5
"1,096.00",-0.043,110.4
"1,097.00",-0.053,112.9
"1,098.00",-0.029,106.8
"1,099.00",-0.031,107.3
"1,100.00",-0.03,107.2
,,
,,
Ud Qb Fibers,,
Ud Qb Fibers 2,"Date : 29/10/2021, 14:41:55",
Wavelength (nm),ABS,%T
190,0.277,52.8
191,0.273,53.3
192,0.269,53.8
193,0.268,53.9
194,0.267,54.1
195,0.267,54.1
196,0.267,54
197,0.268,54
198,0.268,53.9
199,0.269,53.8
200,0.269,53.9
201,0.267,54.1
202,0.267,54.1
203,0.266,54.2
204,0.266,54.2
205,0.266,54.2
206,0.263,54.5
207,0.26,55
208,0.254,55.7
209,0.249,56.3
210,0.248,56.5
211,0.248,56.4
212,0.248,56.4
213,0.246,56.8
214,0.241,57.5
215,0.414,38.6
216,0.753,17.7
217,1.091,8.1
218,1.429,3.7
219,1.768,1.7
220,2.107,0.8
221,2.445,0.4
222,2.782,0.2
223,0.696,20.2
224,0.432,37
225,0.35,44.7
226,0.309,49.1
227,0.278,52.7
228,0.253,55.9
229,0.241,57.4
230,0.239,57.7
231,0.237,57.9
232,0.235,58.3
233,0.23,58.9
234,0.227,59.3
235,0.227,59.3
236,0.226,59.4
237,0.227,59.4
238,0.228,59.2
239,0.228,59.2
240,0.228,59.1
241,0.228,59.2
242,0.226,59.5
243,0.226,59.5
244,0.225,59.5
245,0.224,59.7
246,0.223,59.9
247,0.223,59.9
248,0.227,59.3
249,0.234,58.3
250,0.238,57.8
251,0.235,58.2
252,0.222,59.9
253,0.206,62.2
254,0.203,62.7
255,0.207,62.2
256,0.203,62.7
257,0.193,64.1
258,0.193,64.1
259,0.201,63
260,0.206,62.3
261,0.206,62.2
262,0.217,60.6
263,0.237,57.9
264,0.249,56.3
265,0.249,56.3
266,0.241,57.5
267,0.229,59
268,0.221,60.1
269,0.215,61
270,0.212,61.3
271,0.212,61.4
272,0.211,61.5
273,0.211,61.6
274,0.208,62
275,0.203,62.7
276,0.199,63.3
277,0.194,63.9
278,0.19,64.5
279,0.186,65.1
280,0.183,65.5
281,0.181,66
282,0.178,66.4
283,0.177,66.5
284,0.178,66.3
285,0.181,66
286,0.185,65.3
287,0.188,64.9
288,0.188,64.8
289,0.187,65
290,0.185,65.3
291,0.187,65
292,0.187,65
293,0.184,65.4
294,0.183,65.6
295,0.182,65.8
296,0.179,66.2
297,0.176,66.8
298,0.17,67.7
299,0.16,69.1
300,0.143,71.9
301,0.138,72.9
302,0.146,71.4
303,0.155,70
304,0.156,69.9
305,0.15,70.8
306,0.149,70.9
307,0.155,70
308,0.156,69.9
309,0.157,69.7
310,0.164,68.5
311,0.171,67.5
312,0.171,67.4
313,0.162,68.8
314,0.155,70
315,0.155,69.9
316,0.157,69.6
317,0.161,69
318,0.162,68.9
319,0.16,69.1
320,0.159,69.4
321,0.162,68.8
322,0.168,67.9
323,0.174,67
324,0.177,66.5
325,0.177,66.5
326,0.177,66.6
327,0.177,66.5
328,0.178,66.3
329,0.179,66.2
330,0.181,66
331,0.183,65.6
332,0.185,65.3
333,0.188,64.9
334,0.19,64.5
335,0.193,64.1
336,0.197,63.5
337,0.199,63.3
338,0.197,63.5
339,0.192,64.3
340,0.187,65
341,0.188,64.8
342,0.191,64.4
343,0.192,64.2
344,0.192,64.2
345,0.192,64.2
346,0.19,64.6
347,0.188,64.9
348,0.186,65.2
349,0.182,65.7
350,0.181,65.9
351,0.184,65.5
352,0.188,64.8
353,0.194,63.9
354,0.2,63.1
355,0.204,62.5
356,0.206,62.3
357,0.206,62.3
358,0.206,62.3
359,0.206,62.3
360,0.207,62.1
361,0.21,61.7
362,0.212,61.4
363,0.214,61.1
364,0.213,61.2
365,0.213,61.2
366,0.213,61.2
367,0.214,61
368,0.216,60.8
369,0.216,60.8
370,0.211,61.5
371,0.204,62.6
372,0.194,64
373,0.184,65.5
374,0.18,66.1
375,0.181,66
376,0.183,65.6
377,0.185,65.3
378,0.185,65.4
379,0.181,65.9
380,0.174,67
381,0.166,68.3
382,0.162,68.8
383,0.164,68.6
384,0.164,68.5
385,0.164,68.5
386,0.16,69.1
387,0.158,69.5
388,0.159,69.3
389,0.162,68.9
390,0.149,70.9
391,0.14,72.4
392,0.136,73
393,0.135,73.2
394,0.135,73.3
395,0.135,73.3
396,0.135,73.3
397,0.135,73.3
398,0.135,73.3
399,0.137,73
400,0.138,72.7
401,0.14,72.5
402,0.141,72.3
403,0.14,72.5
404,0.135,73.3
405,0.132,73.8
406,0.132,73.9
407,0.132,73.8
408,0.134,73.5
409,0.135,73.3
410,0.137,73
411,0.137,73
412,0.136,73.1
413,0.135,73.3
414,0.135,73.3
415,0.135,73.4
416,0.135,73.3
417,0.135,73.3
418,0.135,73.3
419,0.135,73.2
420,0.136,73.1
421,0.137,73
422,0.137,72.9
423,0.138,72.9
424,0.138,72.8
425,0.138,72.7
426,0.139,72.7
427,0.139,72.6
428,0.14,72.5
429,0.14,72.5
430,0.139,72.6
431,0.139,72.7
432,0.138,72.8
433,0.138,72.8
434,0.14,72.4
435,0.144,71.8
436,0.145,71.6
437,0.145,71.6
438,0.142,72.1
439,0.137,73
440,0.132,73.7
441,0.132,73.8
442,0.133,73.6
443,0.134,73.4
444,0.136,73.1
445,0.138,72.7
446,0.139,72.6
447,0.14,72.5
448,0.14,72.5
449,0.14,72.5
450,0.139,72.6
451,0.138,72.7
452,0.138,72.7
453,0.138,72.7
454,0.138,72.7
455,0.139,72.7
456,0.141,72.4
457,0.143,71.9
458,0.144,71.8
459,0.144,71.8
460,0.142,72
461,0.14,72.5
462,0.136,73.1
463,0.135,73.3
464,0.135,73.3
465,0.135,73.3
466,0.136,73.2
467,0.137,73
468,0.137,72.9
469,0.139,72.7
470,0.138,72.7
471,0.139,72.7
472,0.139,72.7
473,0.138,72.7
474,0.139,72.6
475,0.14,72.5
476,0.141,72.2
477,0.145,71.6
478,0.148,71.1
479,0.15,70.8
480,0.148,71.2
481,0.143,72
482,0.135,73.4
483,0.13,74.2
484,0.13,74.2
485,0.132,73.8
486,0.134,73.4
487,0.136,73.1
488,0.138,72.7
489,0.14,72.4
490,0.141,72.2
491,0.142,72.1
492,0.142,72.1
493,0.143,72
494,0.144,71.8
495,0.146,71.5
496,0.147,71.4
497,0.148,71.2
498,0.148,71.2
499,0.146,71.4
500,0.145,71.6
501,0.144,71.8
502,0.145,71.6
503,0.146,71.4
504,0.148,71.1
505,0.151,70.6
506,0.153,70.3
507,0.153,70.2
508,0.154,70.1
509,0.154,70.1
510,0.154,70.1
511,0.154,70.1
512,0.154,70.1
513,0.154,70.1
514,0.154,70.1
515,0.153,70.3
516,0.153,70.3
517,0.151,70.6
518,0.149,70.9
519,0.147,71.3
520,0.147,71.3
521,0.147,71.3
522,0.147,71.3
523,0.147,71.3
524,0.147,71.3
525,0.147,71.3
526,0.148,71.2
527,0.148,71.2
528,0.148,71.1
529,0.148,71.1
530,0.148,71.1
531,0.148,71.1
532,0.148,71
533,0.149,71
534,0.149,71
535,0.149,70.9
536,0.151,70.6
537,0.151,70.6
538,0.152,70.4
539,0.153,70.4
540,0.153,70.4
541,0.153,70.3
542,0.154,70.2
543,0.154,70.2
544,0.155,70
545,0.156,69.9
546,0.157,69.6
547,0.158,69.6
548,0.16,69.2
549,0.163,68.7
550,0.163,68.7
551,0.16,69.1
552,0.158,69.6
553,0.153,70.3
554,0.151,70.6
555,0.153,70.3
556,0.153,70.3
557,0.154,70.1
558,0.16,69.2
559,0.16,69.2
560,0.153,70.4
561,0.147,71.3
562,0.145,71.7
563,0.143,72
564,0.142,72.1
565,0.142,72.2
566,0.143,72
567,0.141,72.2
568,0.142,72
569,0.142,72.1
570,0.141,72.3
571,0.143,72
572,0.145,71.6
573,0.145,71.6
574,0.146,71.5
575,0.147,71.3
576,0.151,70.6
577,0.155,70
578,0.156,69.8
579,0.157,69.7
580,0.157,69.7
581,0.156,69.8
582,0.156,69.8
583,0.157,69.6
584,0.158,69.4
585,0.158,69.4
586,0.155,69.9
587,0.153,70.3
588,0.15,70.8
589,0.146,71.5
590,0.142,72.1
591,0.141,72.3
592,0.139,72.7
593,0.137,72.9
594,0.137,73
595,0.134,73.5
596,0.131,74
597,0.13,74.1
598,0.129,74.2
599,0.129,74.3
600,0.129,74.4
601,0.129,74.4
602,0.129,74.4
603,0.129,74.4
604,0.128,74.4
605,0.131,74
606,0.131,74
607,0.132,73.7
608,0.135,73.3
609,0.138,72.8
610,0.144,71.7
611,0.163,68.7
612,0.186,65.2
613,0.177,66.6
614,0.156,69.9
615,0.135,73.3
616,0.122,75.5
617,0.119,76.1
618,0.118,76.2
619,0.114,76.8
620,0.114,76.9
621,0.113,77
622,0.108,77.9
623,0.116,76.5
624,0.138,72.8
625,0.144,71.7
626,0.137,72.9
627,0.131,74
628,0.124,75.1
629,0.116,76.5
630,0.114,76.9
631,0.116,76.5
632,0.122,75.4
633,0.122,75.4
634,0.123,75.3
635,0.124,75.2
636,0.124,75.2
637,0.124,75.1
638,0.129,74.2
639,0.13,74.2
640,0.132,73.8
641,0.132,73.8
642,0.132,73.8
643,0.133,73.6
644,0.135,73.4
645,0.135,73.3
646,0.135,73.3
647,0.135,73.3
648,0.137,72.9
649,0.138,72.8
650,0.138,72.7
651,0.14,72.5
652,0.14,72.5
653,0.14,72.5
654,0.141,72.2
655,0.141,72.2
656,0.142,72.1
657,0.142,72.1
658,0.142,72.1
659,0.142,72.1
660,0.142,72.1
661,0.142,72.1
662,0.141,72.2
663,0.141,72.3
664,0.14,72.4
665,0.14,72.5
666,0.14,72.4
667,0.14,72.4
668,0.141,72.2
669,0.14,72.4
670,0.14,72.4
671,0.14,72.5
672,0.14,72.4
673,0.14,72.4
674,0.141,72.3
675,0.143,71.9
676,0.149,70.9
677,0.163,68.7
678,0.187,65
679,0.2,63.1
680,0.174,67
681,0.143,71.9
682,0.136,73.2
683,0.128,74.6
684,0.109,77.9
685,0.096,80.2
686,0.099,79.7
687,0.106,78.3
688,0.116,76.6
689,0.122,75.5
690,0.126,74.8
691,0.131,74
692,0.136,73.1
693,0.146,71.4
694,0.166,68.2
695,0.161,69
696,0.14,72.5
697,0.131,73.9
698,0.127,74.7
699,0.12,75.9
700,0.113,77
701,0.114,76.9
702,0.12,75.8
703,0.13,74.1
704,0.153,70.4
705,0.172,67.4
706,0.156,69.9
707,0.135,73.4
708,0.128,74.5
709,0.121,75.6
710,0.11,77.6
711,0.108,78
712,0.116,76.6
713,0.124,75.1
714,0.132,73.8
715,0.139,72.6
716,0.149,70.9
717,0.177,66.5
718,0.192,64.2
719,0.167,68.1
720,0.141,72.3
721,0.13,74.2
722,0.124,75.2
723,0.109,77.8
724,0.103,78.9
725,0.109,77.9
726,0.116,76.6
727,0.121,75.6
728,0.123,75.4
729,0.123,75.3
730,0.127,74.7
731,0.131,74
732,0.133,73.6
733,0.135,73.2
734,0.137,73
735,0.137,73
736,0.138,72.9
737,0.139,72.6
738,0.141,72.2
739,0.143,72
740,0.147,71.2
741,0.157,69.7
742,0.16,69.1
743,0.158,69.6
744,0.152,70.4
745,0.15,70.7
746,0.145,71.7
747,0.141,72.3
748,0.14,72.4
749,0.14,72.4
750,0.143,71.9
751,0.142,72.1
752,0.142,72.1
753,0.143,72
754,0.144,71.7
755,0.146,71.5
756,0.148,71.2
757,0.147,71.3
758,0.145,71.6
759,0.144,71.8
760,0.14,72.4
761,0.137,72.9
762,0.136,73.1
763,0.135,73.3
764,0.135,73.3
765,0.136,73.1
766,0.137,72.9
767,0.138,72.8
768,0.138,72.7
769,0.139,72.6
770,0.14,72.5
771,0.14,72.4
772,0.144,71.8
773,0.144,71.8
774,0.145,71.6
775,0.15,70.9
776,0.15,70.8
777,0.151,70.7
778,0.151,70.6
779,0.151,70.6
780,0.151,70.7
781,0.15,70.8
782,0.145,71.6
783,0.144,71.7
784,0.145,71.6
785,0.148,71.2
786,0.149,70.9
787,0.159,69.3
788,0.18,66.1
789,0.204,62.5
790,0.193,64.1
791,0.148,71.1
792,0.142,72.1
793,0.122,75.4
794,0.113,77.1
795,0.103,78.9
796,0.105,78.4
797,0.12,75.9
798,0.13,74.1
799,0.142,72.1
800,0.145,71.6
801,0.146,71.4
802,0.157,69.6
803,0.188,64.8
804,0.212,61.3
805,0.181,65.9
806,0.153,70.3
807,0.14,72.4
808,0.134,73.4
809,0.114,76.9
810,0.104,78.6
811,0.102,79.1
812,0.106,78.4
813,0.116,76.6
814,0.125,75
815,0.127,74.6
816,0.137,73
817,0.137,72.9
818,0.139,72.6
819,0.14,72.4
820,0.14,72.4
821,0.141,72.4
822,0.141,72.3
823,0.141,72.2
824,0.145,71.7
825,0.151,70.7
826,0.156,69.8
827,0.155,70
828,0.147,71.3
829,0.145,71.7
830,0.143,71.9
831,0.142,72.2
832,0.141,72.3
833,0.14,72.5
834,0.14,72.5
835,0.14,72.5
836,0.139,72.7
837,0.138,72.7
838,0.139,72.7
839,0.138,72.7
840,0.138,72.7
841,0.139,72.7
842,0.139,72.7
843,0.139,72.6
844,0.14,72.4
845,0.141,72.3
846,0.141,72.3
847,0.143,72
848,0.143,71.9
849,0.144,71.7
850,0.144,71.8
851,0.146,71.5
852,0.146,71.4
853,0.146,71.5
854,0.146,71.5
855,0.146,71.5
856,0.146,71.4
857,0.146,71.5
858,0.147,71.3
859,0.148,71.1
860,0.147,71.2
861,0.147,71.3
862,0.147,71.3
863,0.147,71.4
864,0.147,71.3
865,0.146,71.5
866,0.146,71.4
867,0.146,71.4
868,0.148,71.2
869,0.152,70.4
870,0.152,70.5
871,0.151,70.6
872,0.152,70.5
873,0.152,70.5
874,0.152,70.5
875,0.153,70.4
876,0.147,71.3
877,0.145,71.6
878,0.145,71.6
879,0.144,71.8
880,0.145,71.7
881,0.145,71.7
882,0.146,71.5
883,0.147,71.3
884,0.15,70.7
885,0.15,70.7
886,0.15,70.7
887,0.151,70.7
888,0.151,70.6
889,0.152,70.4
890,0.153,70.2
891,0.155,70
892,0.157,69.6
893,0.16,69.3
894,0.161,69
895,0.163,68.7
896,0.158,69.5
897,0.165,68.4
898,0.164,68.5
899,0.165,68.5
900,0.161,69
901,0.163,68.7
902,0.168,67.8
903,0.171,67.4
904,0.172,67.3
905,0.173,67.2
906,0.173,67.2
907,0.173,67.2
908,0.173,67.1
909,0.175,66.9
910,0.175,66.8
911,0.18,66.1
912,0.17,67.6
913,0.171,67.5
914,0.171,67.5
915,0.162,68.9
916,0.162,68.8
917,0.161,69
918,0.17,67.6
919,0.17,67.7
920,0.17,67.6
921,0.172,67.3
922,0.171,67.4
923,0.171,67.4
924,0.183,65.6
925,0.175,66.9
926,0.184,65.5
927,0.18,66
928,0.172,67.3
929,0.172,67.3
930,0.177,66.5
931,0.183,65.6
932,0.184,65.5
933,0.183,65.6
934,0.187,65.1
935,0.187,65.1
936,0.194,63.9
937,0.195,63.8
938,0.193,64.1
939,0.194,64
940,0.193,64.2
941,0.191,64.3
942,0.193,64.2
943,0.192,64.2
944,0.192,64.3
945,0.188,64.9
946,0.187,65
947,0.187,65
948,0.188,64.9
949,0.188,64.8
950,0.189,64.8
951,0.2,63.1
952,0.2,63.1
953,0.199,63.3
954,0.205,62.4
955,0.205,62.4
956,0.203,62.6
957,0.213,61.2
958,0.215,60.9
959,0.215,61
960,0.222,60
961,0.223,59.8
962,0.224,59.8
963,0.224,59.7
964,0.223,59.8
965,0.223,59.9
966,0.227,59.2
967,0.225,59.6
968,0.225,59.6
969,0.227,59.4
970,0.236,58.1
971,0.235,58.2
972,0.234,58.3
973,0.235,58.2
974,0.236,58.1
975,0.236,58.1
976,0.236,58.1
977,0.236,58.1
978,0.237,58
979,0.243,57.1
980,0.243,57.1
981,0.245,56.8
982,0.248,56.4
983,0.259,55.1
984,0.261,54.8
985,0.262,54.7
986,0.27,53.7
987,0.253,55.8
988,0.258,55.2
989,0.258,55.2
990,0.261,54.8
991,0.264,54.5
992,0.266,54.1
993,0.273,53.3
994,0.279,52.6
995,0.283,52.1
996,0.294,50.8
997,0.294,50.8
998,0.295,50.7
999,0.297,50.5
"1,000.00",0.302,49.9
"1,001.00",0.318,48.1
"1,002.00",0.338,45.9
"1,003.00",0.379,41.8
"1,004.00",0.379,41.8
"1,005.00",0.391,40.7
"1,006.00",0.437,36.6
"1,007.00",0.461,34.6
"1,008.00",0.429,37.2
"1,009.00",0.463,34.5
"1,010.00",0.465,34.3
"1,011.00",0.467,34.1
"1,012.00",0.531,29.4
"1,013.00",0.538,29
"1,014.00",0.566,27.1
"1,015.00",0.579,26.4
"1,016.00",0.583,26.1
"1,017.00",0.61,24.6
"1,018.00",0.602,25
"1,019.00",0.649,22.4
"1,020.00",0.662,21.8
"1,021.00",0.692,20.3
"1,022.00",0.686,20.6
"1,023.00",0.654,22.2
"1,024.00",0.633,23.3
"1,025.00",0.627,23.6
"1,026.00",0.641,22.9
"1,027.00",0.628,23.5
"1,028.00",0.662,21.8
"1,029.00",0.782,16.5
"1,030.00",0.733,18.5
"1,031.00",0.651,22.3
"1,032.00",0.651,22.3
"1,033.00",0.631,23.4
"1,034.00",0.608,24.7
"1,035.00",0.602,25
"1,036.00",0.675,21.2
"1,037.00",0.676,21.1
"1,038.00",0.645,22.7
"1,039.00",0.68,20.9
"1,040.00",0.679,20.9
"1,041.00",0.705,19.7
"1,042.00",0.666,21.6
"1,043.00",0.664,21.7
"1,044.00",0.655,22.1
"1,045.00",0.658,22
"1,046.00",0.694,20.3
"1,047.00",0.719,19.1
"1,048.00",0.706,19.7
"1,049.00",0.665,21.6
"1,050.00",0.735,18.4
"1,051.00",0.791,16.2
"1,052.00",0.78,16.6
"1,053.00",0.935,11.6
"1,054.00",0.986,10.3
"1,055.00",0.948,11.3
"1,056.00",0.923,11.9
"1,057.00",0.861,13.8
"1,058.00",0.773,16.9
"1,059.00",0.812,15.4
"1,060.00",0.67,21.4
"1,061.00",0.651,22.3
"1,062.00",0.636,23.1
"1,063.00",0.578,26.4
"1,064.00",0.263,54.6
"1,065.00",0.206,62.3
"1,066.00",0.2,63.1
"1,067.00",0.193,64.1
"1,068.00",0.085,82.2
"1,069.00",0.058,87.5
"1,070.00",0.039,91.3
"1,071.00",-0.03,107.2
"1,072.00",-0.038,109.1
"1,073.00",-0.037,108.9
"1,074.00",-0.038,109.1
"1,075.00",-0.04,109.6
"1,076.00",-0.029,106.8
"1,077.00",-0.001,100.1
"1,078.00",-0.014,103.3
"1,079.00",-0.042,110.1
"1,080.00",-0.055,113.5
"1,081.00",-0.052,112.8
"1,082.00",-0.058,114.2
"1,083.00",-0.061,115.1
"1,084.00",-0.06,114.9
"1,085.00",-0.06,114.9
"1,086.00",0.006,98.7
"1,087.00",0.002,99.5
"1,088.00",0.003,99.4
"1,089.00",-0.008,101.9
"1,090.00",-0.013,103.1
"1,091.00",-0.016,103.9
"1,092.00",-0.031,107.4
"1,093.00",-0.039,109.4
"1,094.00",-0.031,107.3
"1,095.00",-0.005,101.2
"1,096.00",-0.003,100.8
"1,097.00",-0.009,102.1
"1,098.00",-0.018,104.2
"1,099.00",-0.042,110.3
"1,100.00",-0.038,109.2
,,
,,
Ud Qb Fibers,,
Ud Qb Fibers 3,"Date : 29/10/2021, 14:43:06",
Wavelength (nm),ABS,%T
190,0.28,52.5
191,0.278,52.7
192,0.273,53.3
193,0.27,53.7
194,0.27,53.7
195,0.27,53.7
196,0.27,53.7
197,0.27,53.7
198,0.27,53.7
199,0.271,53.5
200,0.271,53.5
201,0.27,53.8
202,0.269,53.9
203,0.269,53.9
204,0.268,54
205,0.268,54
206,0.266,54.2
207,0.262,54.7
208,0.257,55.4
209,0.252,56
210,0.251,56.1
211,0.251,56.1
212,0.251,56.1
213,0.248,56.4
214,0.243,57.1
215,0.417,38.3
216,0.755,17.6
217,1.094,8.1
218,1.432,3.7
219,1.771,1.7
220,2.109,0.8
221,2.448,0.4
222,2.786,0.2
223,0.698,20
224,0.435,36.7
225,0.352,44.4
226,0.311,48.8
227,0.281,52.4
228,0.256,55.4
229,0.245,56.9
230,0.242,57.2
231,0.241,57.4
232,0.238,57.9
233,0.233,58.4
234,0.232,58.7
235,0.231,58.7
236,0.231,58.8
237,0.231,58.8
238,0.231,58.8
239,0.231,58.7
240,0.231,58.7
241,0.231,58.8
242,0.229,59
243,0.229,59
244,0.229,59.1
245,0.227,59.2
246,0.226,59.4
247,0.227,59.3
248,0.231,58.8
249,0.237,57.9
250,0.241,57.4
251,0.238,57.8
252,0.225,59.6
253,0.209,61.8
254,0.206,62.2
255,0.21,61.7
256,0.205,62.3
257,0.196,63.6
258,0.196,63.6
259,0.204,62.5
260,0.209,61.8
261,0.21,61.7
262,0.221,60.1
263,0.241,57.4
264,0.253,55.9
265,0.253,55.9
266,0.244,57.1
267,0.233,58.5
268,0.224,59.7
269,0.219,60.4
270,0.215,60.9
271,0.215,61
272,0.215,61
273,0.215,61
274,0.211,61.5
275,0.207,62.1
276,0.202,62.8
277,0.198,63.4
278,0.194,63.9
279,0.191,64.5
280,0.187,65
281,0.184,65.4
282,0.182,65.8
283,0.182,65.8
284,0.183,65.7
285,0.186,65.2
286,0.188,64.8
287,0.19,64.5
288,0.191,64.5
289,0.19,64.6
290,0.189,64.7
291,0.19,64.5
292,0.19,64.6
293,0.187,65
294,0.186,65.1
295,0.185,65.4
296,0.183,65.6
297,0.178,66.3
298,0.173,67.2
299,0.163,68.7
300,0.147,71.3
301,0.142,72.1
302,0.15,70.7
303,0.159,69.4
304,0.16,69.2
305,0.153,70.3
306,0.154,70.2
307,0.158,69.4
308,0.159,69.3
309,0.16,69.1
310,0.168,67.9
311,0.174,67
312,0.174,67
313,0.165,68.4
314,0.158,69.5
315,0.158,69.5
316,0.162,68.9
317,0.165,68.4
318,0.165,68.3
319,0.163,68.7
320,0.161,69
321,0.165,68.4
322,0.171,67.4
323,0.177,66.5
324,0.181,65.9
325,0.181,66
326,0.179,66.2
327,0.18,66
328,0.182,65.8
329,0.183,65.6
330,0.184,65.5
331,0.186,65.1
332,0.189,64.8
333,0.191,64.4
334,0.193,64
335,0.196,63.7
336,0.2,63.1
337,0.202,62.8
338,0.201,63
339,0.196,63.7
340,0.191,64.4
341,0.191,64.4
342,0.194,63.9
343,0.196,63.7
344,0.196,63.7
345,0.195,63.9
346,0.192,64.2
347,0.19,64.5
348,0.189,64.7
349,0.185,65.3
350,0.184,65.4
351,0.186,65.2
352,0.191,64.4
353,0.198,63.4
354,0.204,62.5
355,0.208,62
356,0.209,61.8
357,0.209,61.8
358,0.209,61.8
359,0.209,61.8
360,0.21,61.7
361,0.212,61.4
362,0.215,60.9
363,0.216,60.8
364,0.216,60.8
365,0.216,60.9
366,0.216,60.9
367,0.217,60.7
368,0.219,60.5
369,0.218,60.5
370,0.213,61.2
371,0.206,62.3
372,0.196,63.8
373,0.186,65.1
374,0.183,65.6
375,0.183,65.6
376,0.186,65.1
377,0.187,65.1
378,0.187,65.1
379,0.183,65.6
380,0.176,66.7
381,0.169,67.8
382,0.165,68.4
383,0.166,68.2
384,0.168,68
385,0.168,68
386,0.164,68.6
387,0.161,69
388,0.162,68.8
389,0.165,68.4
390,0.153,70.4
391,0.143,71.9
392,0.14,72.5
393,0.138,72.7
394,0.138,72.7
395,0.138,72.8
396,0.138,72.8
397,0.138,72.8
398,0.138,72.8
399,0.14,72.4
400,0.141,72.3
401,0.143,72
402,0.144,71.9
403,0.142,72.1
404,0.138,72.7
405,0.136,73.2
406,0.135,73.3
407,0.135,73.3
408,0.136,73.1
409,0.138,72.8
410,0.14,72.5
411,0.14,72.5
412,0.138,72.7
413,0.138,72.8
414,0.138,72.8
415,0.138,72.8
416,0.138,72.8
417,0.138,72.8
418,0.138,72.8
419,0.139,72.7
420,0.139,72.6
421,0.139,72.6
422,0.14,72.4
423,0.141,72.3
424,0.141,72.3
425,0.141,72.3
426,0.141,72.2
427,0.142,72.1
428,0.142,72.1
429,0.142,72.1
430,0.142,72.1
431,0.141,72.2
432,0.141,72.3
433,0.141,72.2
434,0.143,71.9
435,0.147,71.4
436,0.149,71
437,0.149,71
438,0.146,71.4
439,0.14,72.4
440,0.136,73.1
441,0.136,73.1
442,0.137,73
443,0.138,72.9
444,0.139,72.6
445,0.142,72.1
446,0.143,71.9
447,0.143,71.9
448,0.143,71.9
449,0.143,72
450,0.142,72.1
451,0.141,72.2
452,0.141,72.2
453,0.141,72.2
454,0.141,72.2
455,0.142,72.1
456,0.143,71.9
457,0.146,71.5
458,0.148,71.1
459,0.147,71.2
460,0.146,71.5
461,0.143,71.9
462,0.14,72.5
463,0.138,72.8
464,0.138,72.8
465,0.138,72.7
466,0.139,72.6
467,0.14,72.4
468,0.141,72.3
469,0.141,72.2
470,0.141,72.2
471,0.142,72.2
472,0.142,72.2
473,0.142,72.2
474,0.142,72.1
475,0.143,71.9
476,0.145,71.7
477,0.147,71.3
478,0.151,70.6
479,0.152,70.5
480,0.149,70.9
481,0.146,71.5
482,0.138,72.8
483,0.133,73.6
484,0.133,73.6
485,0.134,73.4
486,0.137,73
487,0.139,72.6
488,0.142,72.2
489,0.143,72
490,0.144,71.8
491,0.145,71.6
492,0.145,71.6
493,0.145,71.5
494,0.146,71.4
495,0.148,71.2
496,0.149,71
497,0.149,70.9
498,0.149,70.9
499,0.148,71.1
500,0.148,71.1
501,0.147,71.3
502,0.147,71.3
503,0.148,71.1
504,0.15,70.7
505,0.153,70.3
506,0.155,70
507,0.155,69.9
508,0.156,69.8
509,0.156,69.8
510,0.157,69.7
511,0.157,69.7
512,0.156,69.8
513,0.156,69.8
514,0.155,69.9
515,0.155,70
516,0.155,70
517,0.153,70.3
518,0.151,70.6
519,0.15,70.8
520,0.149,71
521,0.149,71
522,0.149,71
523,0.149,71
524,0.15,70.9
525,0.15,70.8
526,0.15,70.8
527,0.15,70.7
528,0.151,70.6
529,0.151,70.6
530,0.151,70.6
531,0.151,70.7
532,0.151,70.7
533,0.152,70.5
534,0.152,70.5
535,0.152,70.5
536,0.153,70.2
537,0.155,70.1
538,0.156,69.9
539,0.156,69.9
540,0.157,69.7
541,0.157,69.6
542,0.159,69.4
543,0.159,69.3
544,0.159,69.3
545,0.159,69.3
546,0.159,69.4
547,0.159,69.3
548,0.161,69.1
549,0.163,68.7
550,0.163,68.8
551,0.16,69.2
552,0.159,69.4
553,0.155,69.9
554,0.153,70.3
555,0.155,70
556,0.156,69.8
557,0.157,69.6
558,0.163,68.8
559,0.164,68.6
560,0.154,70.2
561,0.147,71.3
562,0.146,71.4
563,0.146,71.5
564,0.141,72.2
565,0.143,72
566,0.144,71.7
567,0.144,71.8
568,0.145,71.6
569,0.145,71.6
570,0.145,71.5
571,0.146,71.5
572,0.149,71
573,0.149,70.9
574,0.15,70.8
575,0.151,70.6
576,0.154,70.2
577,0.158,69.4
578,0.159,69.3
579,0.16,69.2
580,0.16,69.2
581,0.16,69.2
582,0.16,69.2
583,0.16,69.1
584,0.162,68.9
585,0.162,68.9
586,0.159,69.4
587,0.156,69.8
588,0.154,70.2
589,0.149,71
590,0.145,71.7
591,0.142,72
592,0.141,72.2
593,0.139,72.6
594,0.138,72.8
595,0.135,73.3
596,0.133,73.7
597,0.132,73.8
598,0.131,73.9
599,0.13,74.1
600,0.13,74.1
601,0.13,74.1
602,0.131,74
603,0.131,74
604,0.131,74
605,0.132,73.8
606,0.133,73.6
607,0.139,72.6
608,0.139,72.5
609,0.142,72.1
610,0.147,71.2
611,0.166,68.2
612,0.189,64.8
613,0.179,66.2
614,0.156,69.8
615,0.139,72.6
616,0.123,75.4
617,0.12,75.9
618,0.119,76.1
619,0.116,76.5
620,0.116,76.5
621,0.115,76.7
622,0.111,77.5
623,0.117,76.4
624,0.139,72.6
625,0.146,71.5
626,0.138,72.7
627,0.132,73.8
628,0.127,74.7
629,0.12,75.9
630,0.116,76.6
631,0.118,76.2
632,0.124,75.1
633,0.126,74.8
634,0.126,74.8
635,0.126,74.8
636,0.127,74.7
637,0.127,74.7
638,0.128,74.5
639,0.129,74.3
640,0.129,74.3
641,0.13,74.2
642,0.13,74.2
643,0.13,74.1
644,0.136,73.2
645,0.136,73.2
646,0.136,73.2
647,0.136,73.2
648,0.136,73.1
649,0.137,72.9
650,0.141,72.3
651,0.142,72.1
652,0.142,72.1
653,0.142,72.1
654,0.143,72
655,0.143,72
656,0.143,72
657,0.143,72
658,0.143,71.9
659,0.142,72.2
660,0.142,72.2
661,0.142,72.2
662,0.142,72.1
663,0.142,72.1
664,0.142,72
665,0.142,72
666,0.143,72
667,0.143,72
668,0.143,72
669,0.142,72
670,0.143,72
671,0.142,72.1
672,0.142,72.1
673,0.143,71.9
674,0.144,71.8
675,0.145,71.6
676,0.152,70.5
677,0.164,68.5
678,0.188,64.9
679,0.198,63.4
680,0.171,67.5
681,0.14,72.4
682,0.128,74.5
683,0.122,75.6
684,0.112,77.2
685,0.099,79.6
686,0.099,79.6
687,0.107,78.1
688,0.116,76.5
689,0.123,75.4
690,0.126,74.9
691,0.131,74
692,0.137,72.9
693,0.147,71.3
694,0.166,68.3
695,0.163,68.8
696,0.144,71.7
697,0.136,73.1
698,0.127,74.7
699,0.121,75.7
700,0.117,76.5
701,0.116,76.6
702,0.121,75.8
703,0.131,73.9
704,0.153,70.3
705,0.176,66.6
706,0.158,69.6
707,0.132,73.9
708,0.13,74.2
709,0.126,74.8
710,0.113,77.1
711,0.11,77.7
712,0.117,76.3
713,0.126,74.8
714,0.133,73.6
715,0.14,72.5
716,0.149,70.9
717,0.177,66.6
718,0.19,64.6
719,0.163,68.7
720,0.14,72.5
721,0.13,74.1
722,0.123,75.3
723,0.108,78
724,0.104,78.7
725,0.11,77.7
726,0.116,76.5
727,0.122,75.5
728,0.122,75.4
729,0.128,74.5
730,0.132,73.8
731,0.135,73.2
732,0.135,73.2
733,0.137,73
734,0.137,72.9
735,0.139,72.6
736,0.139,72.6
737,0.14,72.5
738,0.142,72.1
739,0.145,71.7
740,0.149,71
741,0.158,69.4
742,0.163,68.7
743,0.161,69.1
744,0.157,69.7
745,0.152,70.4
746,0.148,71.1
747,0.144,71.8
748,0.141,72.3
749,0.141,72.3
750,0.143,71.9
751,0.143,71.9
752,0.143,72
753,0.143,72
754,0.145,71.6
755,0.145,71.6
756,0.149,70.9
757,0.151,70.7
758,0.145,71.6
759,0.142,72.1
760,0.142,72.1
761,0.141,72.4
762,0.136,73.1
763,0.135,73.2
764,0.135,73.2
765,0.136,73.1
766,0.139,72.7
767,0.139,72.7
768,0.139,72.5
769,0.14,72.5
770,0.14,72.4
771,0.14,72.4
772,0.144,71.7
773,0.146,71.5
774,0.146,71.5
775,0.148,71.1
776,0.151,70.6
777,0.152,70.5
778,0.151,70.6
779,0.151,70.6
780,0.151,70.7
781,0.15,70.9
782,0.149,71
783,0.147,71.2
784,0.147,71.2
785,0.148,71.2
786,0.149,70.9
787,0.161,69
788,0.183,65.5
789,0.206,62.2
790,0.181,65.9
791,0.143,72
792,0.134,73.5
793,0.122,75.6
794,0.118,76.2
795,0.1,79.4
796,0.101,79.3
797,0.114,77
798,0.128,74.5
799,0.141,72.3
800,0.146,71.5
801,0.146,71.5
802,0.154,70.2
803,0.187,65
804,0.21,61.7
805,0.183,65.5
806,0.146,71.4
807,0.134,73.4
808,0.131,73.9
809,0.122,75.5
810,0.11,77.6
811,0.105,78.5
812,0.11,77.7
813,0.118,76.2
814,0.127,74.6
815,0.135,73.3
816,0.14,72.4
817,0.141,72.3
818,0.144,71.8
819,0.144,71.8
820,0.144,71.8
821,0.144,71.8
822,0.144,71.8
823,0.146,71.5
824,0.148,71.1
825,0.154,70.1
826,0.158,69.5
827,0.158,69.5
828,0.158,69.5
829,0.153,70.3
830,0.147,71.2
831,0.145,71.5
832,0.14,72.4
833,0.14,72.5
834,0.139,72.7
835,0.138,72.8
836,0.138,72.9
837,0.138,72.8
838,0.14,72.5
839,0.14,72.5
840,0.14,72.5
841,0.14,72.5
842,0.14,72.4
843,0.141,72.3
844,0.146,71.5
845,0.146,71.4
846,0.146,71.5
847,0.146,71.4
848,0.146,71.4
849,0.146,71.4
850,0.146,71.4
851,0.146,71.4
852,0.151,70.7
853,0.15,70.8
854,0.15,70.8
855,0.15,70.9
856,0.15,70.8
857,0.151,70.7
858,0.151,70.7
859,0.149,71
860,0.148,71.1
861,0.147,71.3
862,0.147,71.3
863,0.144,71.7
864,0.145,71.5
865,0.147,71.4
866,0.147,71.4
867,0.147,71.3
868,0.147,71.3
869,0.147,71.3
870,0.15,70.9
871,0.15,70.8
872,0.151,70.6
873,0.16,69.2
874,0.158,69.4
875,0.158,69.5
876,0.152,70.4
877,0.152,70.5
878,0.151,70.7
879,0.15,70.9
880,0.152,70.5
881,0.154,70.2
882,0.153,70.2
883,0.155,70
884,0.155,70
885,0.152,70.5
886,0.152,70.4
887,0.158,69.5
888,0.163,68.7
889,0.165,68.4
890,0.162,68.9
891,0.162,68.8
892,0.163,68.7
893,0.164,68.5
894,0.164,68.5
895,0.164,68.5
896,0.164,68.6
897,0.163,68.7
898,0.165,68.4
899,0.168,68
900,0.159,69.4
901,0.159,69.4
902,0.165,68.3
903,0.174,67
904,0.171,67.4
905,0.177,66.5
906,0.178,66.4
907,0.178,66.4
908,0.178,66.3
909,0.178,66.3
910,0.179,66.2
911,0.192,64.2
912,0.179,66.2
913,0.172,67.3
914,0.172,67.3
915,0.163,68.7
916,0.161,69
917,0.16,69.2
918,0.161,69
919,0.165,68.4
920,0.166,68.3
921,0.173,67.1
922,0.18,66.1
923,0.178,66.4
924,0.181,65.9
925,0.174,67
926,0.176,66.7
927,0.185,65.3
928,0.185,65.3
929,0.183,65.6
930,0.183,65.6
931,0.183,65.6
932,0.186,65.1
933,0.189,64.7
934,0.199,63.2
935,0.201,63
936,0.204,62.5
937,0.205,62.4
938,0.203,62.7
939,0.203,62.7
940,0.204,62.5
941,0.203,62.7
942,0.204,62.6
943,0.204,62.6
944,0.203,62.6
945,0.184,65.5
946,0.178,66.4
947,0.187,65.1
948,0.19,64.6
949,0.19,64.6
950,0.19,64.6
951,0.193,64.1
952,0.197,63.6
953,0.197,63.6
954,0.216,60.8
955,0.215,60.9
956,0.215,61
957,0.219,60.4
958,0.224,59.7
959,0.224,59.6
960,0.224,59.7
961,0.222,59.9
962,0.223,59.9
963,0.223,59.8
964,0.223,59.8
965,0.228,59.1
966,0.228,59.1
967,0.229,59.1
968,0.229,59
969,0.233,58.5
970,0.236,58.1
971,0.238,57.8
972,0.238,57.8
973,0.238,57.8
974,0.241,57.4
975,0.241,57.4
976,0.239,57.6
977,0.241,57.5
978,0.242,57.3
979,0.247,56.6
980,0.25,56.3
981,0.251,56.1
982,0.251,56.1
983,0.271,53.6
984,0.271,53.6
985,0.272,53.4
986,0.265,54.3
987,0.268,54
988,0.276,52.9
989,0.279,52.6
990,0.28,52.5
991,0.287,51.7
992,0.289,51.4
993,0.292,51
994,0.304,49.7
995,0.307,49.3
996,0.307,49.3
997,0.309,49.1
998,0.312,48.8
999,0.325,47.3
"1,000.00",0.329,46.9
"1,001.00",0.335,46.2
"1,002.00",0.342,45.5
"1,003.00",0.332,46.5
"1,004.00",0.334,46.4
"1,005.00",0.359,43.7
"1,006.00",0.43,37.2
"1,007.00",0.417,38.3
"1,008.00",0.41,38.9
"1,009.00",0.447,35.7
"1,010.00",0.438,36.5
"1,011.00",0.467,34.1
"1,012.00",0.536,29.1
"1,013.00",0.541,28.8
"1,014.00",0.55,28.2
"1,015.00",0.582,26.2
"1,016.00",0.627,23.6
"1,017.00",0.701,19.9
"1,018.00",0.685,20.7
"1,019.00",0.686,20.6
"1,020.00",0.658,22
"1,021.00",0.663,21.7
"1,022.00",0.657,22
"1,023.00",0.647,22.5
"1,024.00",0.638,23
"1,025.00",0.638,23
"1,026.00",0.677,21
"1,027.00",0.706,19.7
"1,028.00",0.705,19.7
"1,029.00",0.759,17.4
"1,030.00",0.758,17.5
"1,031.00",0.749,17.8
"1,032.00",0.634,23.2
"1,033.00",0.706,19.7
"1,034.00",0.671,21.3
"1,035.00",0.664,21.7
"1,036.00",0.718,19.2
"1,037.00",0.745,18
"1,038.00",0.763,17.3
"1,039.00",0.762,17.3
"1,040.00",0.713,19.3
"1,041.00",0.725,18.8
"1,042.00",0.662,21.8
"1,043.00",0.674,21.2
"1,044.00",0.68,20.9
"1,045.00",0.676,21.1
"1,046.00",0.687,20.6
"1,047.00",0.676,21.1
"1,048.00",0.676,21.1
"1,049.00",0.809,15.5
"1,050.00",0.856,13.9
"1,051.00",0.845,14.3
"1,052.00",0.761,17.3
"1,053.00",0.732,18.5
"1,054.00",0.753,17.7
"1,055.00",0.846,14.3
"1,056.00",0.879,13.2
"1,057.00",0.835,14.6
"1,058.00",0.745,18
"1,059.00",0.794,16.1
"1,060.00",0.712,19.4
"1,061.00",0.686,20.6
"1,062.00",0.657,22
"1,063.00",0.459,34.7
"1,064.00",0.162,68.9
"1,065.00",0.084,82.3
"1,066.00",0.063,86.4
"1,067.00",0.02,95.6
"1,068.00",0.011,97.5
"1,069.00",0.004,99.1
"1,070.00",-0.005,101.1
"1,071.00",-0.048,111.6
"1,072.00",-0.072,118
"1,073.00",-0.079,119.9
"1,074.00",-0.086,122
"1,075.00",-0.078,119.6
"1,076.00",-0.053,113
"1,077.00",-0.055,113.6
"1,078.00",-0.059,114.5
"1,079.00",-0.062,115.5
"1,080.00",-0.089,122.7
"1,081.00",-0.033,107.8
"1,082.00",-0.036,108.6
"1,083.00",-0.048,111.7
"1,084.00",-0.058,114.3
"1,085.00",-0.048,111.7
"1,086.00",-0.031,107.3
"1,087.00",-0.017,104.1
"1,088.00",-0.017,104
"1,089.00",-0.021,105
"1,090.00",-0.001,100.2
"1,091.00",-0.003,100.7
"1,092.00",-0.027,106.4
"1,093.00",-0.076,119.2
"1,094.00",-0.075,118.7
"1,095.00",-0.051,112.4
"1,096.00",-0.05,112.1
"1,097.00",-0.055,113.4
"1,098.00",-0.014,103.3
"1,099.00",-0.062,115.4
"1,100.00",-0.063,115.5
,,
,,
Ud Qb Fibers,,
Ud Qb Fibers 4,"Date : 29/10/2021, 14:44:38",
Wavelength (nm),ABS,%T
190,0.278,52.8
191,0.274,53.2
192,0.27,53.7
193,0.27,53.7
194,0.269,53.8
195,0.269,53.8
196,0.269,53.8
197,0.269,53.8
198,0.269,53.8
199,0.27,53.8
200,0.269,53.8
201,0.269,53.9
202,0.268,54
203,0.267,54.1
204,0.267,54.1
205,0.267,54.1
206,0.265,54.3
207,0.261,54.8
208,0.256,55.5
209,0.251,56.1
210,0.25,56.3
211,0.25,56.2
212,0.25,56.2
213,0.247,56.6
214,0.242,57.2
215,0.416,38.4
216,0.754,17.6
217,1.093,8.1
218,1.43,3.7
219,1.769,1.7
220,2.107,0.8
221,2.444,0.4
222,2.783,0.2
223,0.699,20
224,0.435,36.7
225,0.353,44.4
226,0.312,48.7
227,0.281,52.3
228,0.256,55.4
229,0.245,56.9
230,0.243,57.1
231,0.241,57.5
232,0.237,58
233,0.233,58.5
234,0.232,58.6
235,0.231,58.7
236,0.231,58.8
237,0.231,58.8
238,0.231,58.7
239,0.231,58.7
240,0.231,58.7
241,0.231,58.7
242,0.23,59
243,0.229,59
244,0.229,59
245,0.228,59.1
246,0.227,59.3
247,0.227,59.3
248,0.231,58.8
249,0.238,57.9
250,0.242,57.2
251,0.24,57.5
252,0.227,59.4
253,0.21,61.7
254,0.206,62.2
255,0.211,61.5
256,0.207,62.1
257,0.197,63.5
258,0.197,63.6
259,0.205,62.4
260,0.21,61.7
261,0.21,61.6
262,0.221,60.1
263,0.241,57.4
264,0.253,55.8
265,0.254,55.7
266,0.245,56.9
267,0.234,58.3
268,0.226,59.5
269,0.22,60.3
270,0.217,60.7
271,0.216,60.8
272,0.217,60.7
273,0.216,60.8
274,0.213,61.3
275,0.208,61.9
276,0.203,62.6
277,0.199,63.2
278,0.195,63.9
279,0.191,64.4
280,0.188,64.9
281,0.185,65.4
282,0.182,65.7
283,0.182,65.8
284,0.183,65.6
285,0.186,65.1
286,0.19,64.6
287,0.192,64.2
288,0.192,64.2
289,0.191,64.4
290,0.189,64.7
291,0.191,64.4
292,0.191,64.5
293,0.188,64.8
294,0.187,65
295,0.185,65.2
296,0.183,65.6
297,0.179,66.2
298,0.174,66.9
299,0.165,68.4
300,0.147,71.2
301,0.142,72.1
302,0.15,70.7
303,0.159,69.4
304,0.16,69.1
305,0.154,70.2
306,0.154,70.1
307,0.159,69.3
308,0.16,69.2
309,0.16,69.2
310,0.168,67.9
311,0.174,67
312,0.174,67.1
313,0.165,68.4
314,0.158,69.5
315,0.159,69.4
316,0.161,69
317,0.165,68.3
318,0.166,68.3
319,0.164,68.5
320,0.162,68.8
321,0.166,68.3
322,0.172,67.3
323,0.177,66.5
324,0.181,65.9
325,0.181,65.9
326,0.18,66.1
327,0.181,66
328,0.181,65.9
329,0.183,65.6
330,0.184,65.5
331,0.186,65.2
332,0.189,64.8
333,0.191,64.4
334,0.193,64
335,0.197,63.6
336,0.201,63
337,0.203,62.7
338,0.2,63
339,0.195,63.8
340,0.191,64.4
341,0.191,64.4
342,0.195,63.9
343,0.196,63.7
344,0.196,63.7
345,0.195,63.9
346,0.192,64.3
347,0.191,64.5
348,0.189,64.7
349,0.186,65.2
350,0.185,65.3
351,0.186,65.1
352,0.191,64.4
353,0.198,63.5
354,0.203,62.6
355,0.207,62
356,0.209,61.8
357,0.21,61.7
358,0.209,61.7
359,0.209,61.7
360,0.21,61.7
361,0.213,61.2
362,0.215,60.9
363,0.216,60.8
364,0.216,60.8
365,0.216,60.9
366,0.216,60.9
367,0.217,60.7
368,0.219,60.4
369,0.219,60.4
370,0.214,61.1
371,0.206,62.2
372,0.196,63.7
373,0.186,65.1
374,0.183,65.6
375,0.184,65.5
376,0.186,65.1
377,0.187,65
378,0.187,65
379,0.184,65.4
380,0.176,66.6
381,0.168,68
382,0.164,68.5
383,0.166,68.2
384,0.167,68
385,0.167,68
386,0.163,68.8
387,0.161,69.1
388,0.162,68.9
389,0.164,68.5
390,0.152,70.4
391,0.143,72
392,0.139,72.5
393,0.139,72.7
394,0.139,72.7
395,0.138,72.7
396,0.138,72.7
397,0.138,72.8
398,0.138,72.7
399,0.14,72.4
400,0.141,72.3
401,0.143,72
402,0.144,71.9
403,0.141,72.2
404,0.138,72.8
405,0.135,73.3
406,0.134,73.4
407,0.135,73.2
408,0.136,73
409,0.139,72.7
410,0.14,72.4
411,0.14,72.4
412,0.138,72.7
413,0.138,72.8
414,0.138,72.8
415,0.138,72.8
416,0.138,72.8
417,0.138,72.8
418,0.138,72.7
419,0.139,72.7
420,0.139,72.7
421,0.139,72.6
422,0.139,72.5
423,0.141,72.3
424,0.141,72.3
425,0.142,72.2
426,0.142,72.1
427,0.143,72
428,0.143,72
429,0.143,72
430,0.142,72
431,0.141,72.3
432,0.141,72.3
433,0.141,72.2
434,0.144,71.8
435,0.147,71.3
436,0.149,71
437,0.149,71
438,0.145,71.7
439,0.139,72.6
440,0.136,73.2
441,0.135,73.2
442,0.136,73.1
443,0.138,72.8
444,0.139,72.6
445,0.142,72.2
446,0.142,72
447,0.142,72
448,0.143,72
449,0.142,72.1
450,0.141,72.2
451,0.141,72.2
452,0.141,72.2
453,0.142,72.1
454,0.143,72
455,0.143,72
456,0.143,71.9
457,0.146,71.4
458,0.148,71
459,0.148,71.1
460,0.146,71.4
461,0.143,71.9
462,0.139,72.5
463,0.138,72.8
464,0.138,72.8
465,0.138,72.8
466,0.14,72.5
467,0.141,72.3
468,0.141,72.2
469,0.142,72
470,0.142,72.1
471,0.142,72.1
472,0.142,72.1
473,0.142,72.1
474,0.143,72
475,0.143,72
476,0.145,71.7
477,0.148,71.2
478,0.152,70.5
479,0.153,70.4
480,0.15,70.8
481,0.145,71.6
482,0.137,72.9
483,0.133,73.6
484,0.133,73.6
485,0.135,73.3
486,0.137,72.9
487,0.139,72.6
488,0.141,72.3
489,0.143,72
490,0.144,71.7
491,0.145,71.7
492,0.145,71.6
493,0.145,71.6
494,0.147,71.3
495,0.147,71.2
496,0.148,71.1
497,0.15,70.9
498,0.15,70.9
499,0.149,71
500,0.148,71.2
501,0.146,71.4
502,0.147,71.3
503,0.148,71.1
504,0.15,70.8
505,0.153,70.3
506,0.155,70
507,0.156,69.8
508,0.156,69.8
509,0.156,69.8
510,0.157,69.7
511,0.156,69.8
512,0.156,69.9
513,0.155,70
514,0.154,70.2
515,0.153,70.2
516,0.153,70.3
517,0.151,70.6
518,0.15,70.8
519,0.149,71
520,0.148,71.1
521,0.148,71.1
522,0.149,71
523,0.149,70.9
524,0.15,70.8
525,0.15,70.7
526,0.151,70.7
527,0.151,70.7
528,0.151,70.6
529,0.152,70.5
530,0.151,70.6
531,0.151,70.6
532,0.151,70.6
533,0.152,70.5
534,0.152,70.5
535,0.152,70.5
536,0.153,70.4
537,0.154,70.2
538,0.154,70.1
539,0.155,70
540,0.155,69.9
541,0.156,69.9
542,0.156,69.8
543,0.156,69.9
544,0.156,69.9
545,0.156,69.8
546,0.161,69.1
547,0.16,69.2
548,0.166,68.3
549,0.168,68
550,0.166,68.2
551,0.164,68.5
552,0.162,68.9
553,0.156,69.8
554,0.152,70.5
555,0.152,70.4
556,0.159,69.4
557,0.16,69.2
558,0.165,68.5
559,0.165,68.5
560,0.155,69.9
561,0.149,71
562,0.149,71
563,0.15,70.8
564,0.148,71.2
565,0.148,71.1
566,0.148,71.1
567,0.147,71.2
568,0.148,71
569,0.147,71.2
570,0.147,71.3
571,0.148,71.1
572,0.149,71
573,0.149,71
574,0.149,70.9
575,0.151,70.6
576,0.156,69.9
577,0.159,69.4
578,0.16,69.2
579,0.16,69.1
580,0.161,69
581,0.16,69.2
582,0.16,69.2
583,0.16,69.1
584,0.161,69
585,0.161,69
586,0.16,69.1
587,0.156,69.7
588,0.151,70.6
589,0.148,71.2
590,0.144,71.8
591,0.143,71.9
592,0.141,72.2
593,0.139,72.7
594,0.138,72.8
595,0.135,73.3
596,0.133,73.7
597,0.131,74
598,0.131,74
599,0.131,74
600,0.13,74.1
601,0.13,74.1
602,0.13,74.1
603,0.13,74.1
604,0.13,74.1
605,0.13,74.1
606,0.132,73.8
607,0.132,73.7
608,0.135,73.3
609,0.139,72.6
610,0.146,71.4
611,0.166,68.3
612,0.187,65
613,0.176,66.7
614,0.152,70.5
615,0.137,72.9
616,0.122,75.5
617,0.12,75.8
618,0.12,75.9
619,0.115,76.7
620,0.115,76.7
621,0.113,77
622,0.109,77.8
623,0.116,76.6
624,0.14,72.4
625,0.146,71.5
626,0.138,72.7
627,0.131,74
628,0.125,75
629,0.117,76.3
630,0.115,76.8
631,0.121,75.7
632,0.125,74.9
633,0.126,74.8
634,0.126,74.8
635,0.126,74.7
636,0.126,74.8
637,0.126,74.8
638,0.126,74.9
639,0.127,74.6
640,0.128,74.4
641,0.129,74.3
642,0.13,74.2
643,0.132,73.9
644,0.134,73.4
645,0.136,73
646,0.136,73.1
647,0.136,73.1
648,0.136,73.1
649,0.137,73
650,0.138,72.9
651,0.138,72.8
652,0.138,72.8
653,0.139,72.6
654,0.14,72.4
655,0.142,72.2
656,0.143,72
657,0.143,72
658,0.143,72
659,0.142,72.1
660,0.142,72.1
661,0.142,72.1
662,0.142,72
663,0.142,72.1
664,0.142,72.1
665,0.142,72.2
666,0.143,72
667,0.143,72
668,0.142,72
669,0.141,72.3
670,0.142,72.2
671,0.142,72.1
672,0.142,72.1
673,0.143,72
674,0.144,71.8
675,0.146,71.5
676,0.152,70.4
677,0.165,68.3
678,0.19,64.6
679,0.201,63
680,0.172,67.3
681,0.147,71.4
682,0.13,74.1
683,0.127,74.7
684,0.118,76.3
685,0.102,79
686,0.101,79.2
687,0.109,77.9
688,0.118,76.3
689,0.124,75.2
690,0.126,74.8
691,0.13,74.1
692,0.137,73
693,0.146,71.4
694,0.167,68.1
695,0.165,68.5
696,0.142,72.1
697,0.132,73.7
698,0.128,74.6
699,0.12,75.8
700,0.116,76.6
701,0.116,76.6
702,0.122,75.4
703,0.132,73.8
704,0.155,70
705,0.176,66.6
706,0.159,69.3
707,0.134,73.5
708,0.129,74.4
709,0.121,75.7
710,0.112,77.3
711,0.109,77.8
712,0.117,76.3
713,0.127,74.7
714,0.134,73.4
715,0.141,72.3
716,0.151,70.6
717,0.177,66.5
718,0.191,64.5
719,0.162,68.8
720,0.149,71
721,0.133,73.7
722,0.123,75.3
723,0.108,78
724,0.104,78.8
725,0.11,77.6
726,0.117,76.4
727,0.122,75.4
728,0.125,75
729,0.127,74.7
730,0.128,74.6
731,0.13,74.1
732,0.132,73.7
733,0.138,72.7
734,0.139,72.6
735,0.139,72.6
736,0.139,72.5
737,0.142,72.1
738,0.144,71.8
739,0.145,71.5
740,0.151,70.6
741,0.159,69.3
742,0.164,68.5
743,0.164,68.6
744,0.154,70.1
745,0.15,70.8
746,0.146,71.4
747,0.142,72.1
748,0.14,72.4
749,0.143,72
750,0.144,71.8
751,0.143,71.9
752,0.143,71.9
753,0.143,71.9
754,0.145,71.7
755,0.147,71.3
756,0.15,70.8
757,0.15,70.7
758,0.146,71.4
759,0.141,72.3
760,0.139,72.6
761,0.138,72.8
762,0.136,73.2
763,0.135,73.4
764,0.135,73.2
765,0.136,73.1
766,0.138,72.8
767,0.139,72.6
768,0.14,72.5
769,0.14,72.4
770,0.14,72.4
771,0.141,72.3
772,0.143,71.9
773,0.145,71.5
774,0.146,71.5
775,0.15,70.8
776,0.151,70.7
777,0.152,70.5
778,0.152,70.5
779,0.152,70.5
780,0.151,70.6
781,0.15,70.8
782,0.147,71.3
783,0.147,71.3
784,0.146,71.4
785,0.148,71.1
786,0.152,70.4
787,0.163,68.7
788,0.186,65.2
789,0.207,62.1
790,0.187,65
791,0.147,71.3
792,0.137,72.9
793,0.123,75.3
794,0.12,75.8
795,0.106,78.4
796,0.107,78.2
797,0.117,76.4
798,0.131,74
799,0.143,72
800,0.148,71.1
801,0.149,70.9
802,0.158,69.6
803,0.191,64.4
804,0.219,60.5
805,0.187,65
806,0.14,72.4
807,0.134,73.4
808,0.128,74.4
809,0.118,76.2
810,0.105,78.6
811,0.104,78.6
812,0.11,77.6
813,0.118,76.1
814,0.122,75.5
815,0.132,73.8
816,0.136,73.1
817,0.142,72.1
818,0.147,71.3
819,0.146,71.4
820,0.143,71.9
821,0.143,71.9
822,0.143,71.9
823,0.144,71.8
824,0.149,71
825,0.151,70.6
826,0.156,69.8
827,0.156,69.8
828,0.155,70.1
829,0.147,71.2
830,0.147,71.3
831,0.147,71.4
832,0.143,71.9
833,0.143,72
834,0.141,72.3
835,0.141,72.3
836,0.141,72.3
837,0.141,72.3
838,0.141,72.2
839,0.142,72
840,0.142,72
841,0.143,72
842,0.143,72
843,0.143,72
844,0.143,71.9
845,0.144,71.7
846,0.144,71.8
847,0.144,71.7
848,0.146,71.4
849,0.146,71.5
850,0.146,71.5
851,0.147,71.3
852,0.148,71.1
853,0.148,71.1
854,0.148,71
855,0.149,71
856,0.147,71.2
857,0.147,71.2
858,0.149,70.9
859,0.151,70.6
860,0.152,70.5
861,0.15,70.8
862,0.15,70.7
863,0.149,70.9
864,0.147,71.3
865,0.147,71.2
866,0.149,70.9
867,0.152,70.5
868,0.151,70.6
869,0.154,70.1
870,0.154,70.1
871,0.155,69.9
872,0.155,69.9
873,0.156,69.9
874,0.156,69.7
875,0.157,69.7
876,0.156,69.8
877,0.154,70.2
878,0.153,70.2
879,0.149,71
880,0.152,70.5
881,0.152,70.5
882,0.152,70.5
883,0.154,70.1
884,0.154,70.1
885,0.154,70.1
886,0.155,70
887,0.158,69.5
888,0.161,69
889,0.161,69
890,0.161,69
891,0.162,68.9
892,0.163,68.8
893,0.162,68.8
894,0.162,68.8
895,0.162,68.9
896,0.164,68.6
897,0.166,68.2
898,0.165,68.4
899,0.178,66.3
900,0.175,66.8
901,0.157,69.7
902,0.162,68.8
903,0.169,67.8
904,0.169,67.8
905,0.172,67.2
906,0.174,67
907,0.174,67.1
908,0.174,67
909,0.174,67
910,0.175,66.9
911,0.181,65.9
912,0.181,65.9
913,0.177,66.6
914,0.177,66.5
915,0.174,67
916,0.173,67.2
917,0.166,68.2
918,0.165,68.5
919,0.164,68.5
920,0.174,66.9
921,0.175,66.9
922,0.175,66.8
923,0.178,66.3
924,0.187,65
925,0.184,65.5
926,0.183,65.7
927,0.184,65.4
928,0.179,66.2
929,0.179,66.3
930,0.184,65.4
931,0.194,64
932,0.2,63.1
933,0.2,63.1
934,0.201,63
935,0.204,62.6
936,0.206,62.3
937,0.206,62.2
938,0.204,62.6
939,0.205,62.4
940,0.209,61.8
941,0.208,61.9
942,0.21,61.7
943,0.21,61.6
944,0.209,61.8
945,0.208,61.9
946,0.195,63.8
947,0.193,64.2
948,0.192,64.2
949,0.191,64.4
950,0.2,63
951,0.2,63
952,0.201,63
953,0.203,62.6
954,0.211,61.5
955,0.211,61.5
956,0.211,61.5
957,0.213,61.2
958,0.214,61.1
959,0.215,61
960,0.215,61
961,0.216,60.8
962,0.218,60.6
963,0.222,60
964,0.224,59.8
965,0.224,59.7
966,0.227,59.2
967,0.23,58.9
968,0.231,58.7
969,0.236,58.1
970,0.236,58.1
971,0.236,58.1
972,0.236,58.1
973,0.236,58
974,0.25,56.2
975,0.251,56
976,0.251,56.1
977,0.255,55.6
978,0.256,55.4
979,0.263,54.6
980,0.265,54.3
981,0.263,54.5
982,0.263,54.5
983,0.26,54.9
984,0.261,54.9
985,0.261,54.8
986,0.263,54.6
987,0.27,53.7
988,0.288,51.5
989,0.289,51.4
990,0.288,51.5
991,0.298,50.3
992,0.301,50
993,0.303,49.7
994,0.304,49.6
995,0.308,49.2
996,0.306,49.4
997,0.312,48.8
998,0.31,48.9
999,0.317,48.1
"1,000.00",0.319,48
"1,001.00",0.361,43.5
"1,002.00",0.386,41.1
"1,003.00",0.388,40.9
"1,004.00",0.389,40.8
"1,005.00",0.428,37.3
"1,006.00",0.471,33.8
"1,007.00",0.467,34.1
"1,008.00",0.468,34.1
"1,009.00",0.456,35
"1,010.00",0.455,35.1
"1,011.00",0.447,35.7
"1,012.00",0.436,36.7
"1,013.00",0.445,35.9
"1,014.00",0.546,28.4
"1,015.00",0.54,28.8
"1,016.00",0.636,23.1
"1,017.00",0.643,22.8
"1,018.00",0.664,21.7
"1,019.00",0.683,20.7
"1,020.00",0.614,24.3
"1,021.00",0.616,24.2
"1,022.00",0.621,23.9
"1,023.00",0.624,23.8
"1,024.00",0.447,35.8
"1,025.00",0.471,33.8
"1,026.00",0.487,32.6
"1,027.00",0.482,32.9
"1,028.00",0.508,31.1
"1,029.00",0.52,30.2
"1,030.00",0.533,29.3
"1,031.00",0.54,28.8
"1,032.00",0.538,29
"1,033.00",0.611,24.5
"1,034.00",0.681,20.8
"1,035.00",0.685,20.7
"1,036.00",0.676,21.1
"1,037.00",0.671,21.4
"1,038.00",0.661,21.8
"1,039.00",0.652,22.3
"1,040.00",0.643,22.8
"1,041.00",0.564,27.3
"1,042.00",0.592,25.6
"1,043.00",0.589,25.8
"1,044.00",0.495,32
"1,045.00",0.501,31.5
"1,046.00",0.502,31.5
"1,047.00",0.492,32.2
"1,048.00",0.49,32.4
"1,049.00",0.591,25.6
"1,050.00",0.724,18.9
"1,051.00",0.776,16.7
"1,052.00",0.88,13.2
"1,053.00",0.939,11.5
"1,054.00",0.969,10.7
"1,055.00",1.023,9.5
"1,056.00",1.022,9.5
"1,057.00",0.953,11.1
"1,058.00",0.749,17.8
"1,059.00",0.793,16.1
"1,060.00",0.664,21.7
"1,061.00",0.654,22.2
"1,062.00",0.642,22.8
"1,063.00",0.606,24.8
"1,064.00",0.238,57.9
"1,065.00",0.048,89.6
"1,066.00",0.046,90
"1,067.00",0.025,94.5
"1,068.00",0.012,97.2
"1,069.00",-0.008,101.8
"1,070.00",0.004,99.2
"1,071.00",-0.076,119
"1,072.00",-0.085,121.7
"1,073.00",-0.072,118.1
"1,074.00",-0.073,118.2
"1,075.00",-0.07,117.6
"1,076.00",-0.075,118.9
"1,077.00",-0.075,118.8
"1,078.00",-0.08,120.1
"1,079.00",-0.081,120.5
"1,080.00",-0.085,121.6
"1,081.00",-0.081,120.5
"1,082.00",-0.084,121.3
"1,083.00",-0.088,122.5
"1,084.00",-0.088,122.3
"1,085.00",-0.062,115.4
"1,086.00",-0.059,114.6
"1,087.00",-0.067,116.8
"1,088.00",-0.074,118.6
"1,089.00",-0.073,118.4
"1,090.00",-0.076,119
"1,091.00",-0.084,121.3
"1,092.00",-0.09,123.1
"1,093.00",-0.09,123.1
"1,094.00",-0.086,121.8
"1,095.00",-0.064,116
"1,096.00",-0.065,116.1
"1,097.00",-0.051,112.5
"1,098.00",-0.049,112
"1,099.00",-0.062,115.3
"1,100.00",-0.063,115.7